URL,Version,Status,OIDs,Name,Title,Descriptino,Uses,Used,Sources
https://interoperabilidad.minsal.cl/fhir/ig/tei/ValueSet/CodigoExamen,0.2.1,active,,CodigoExamen,Códigos de Examenes,"Codigos de Examenes",,"LOINC"
https://interoperabilidad.minsal.cl/fhir/ig/tei/ValueSet/PueblosOriginariosVS,0.2.1,draft,,PueblosOriginariosVS,Pueblos Originarios de Chile,"Pueblos Originarios de Chile",,"Internal"
https://interoperabilidad.minsal.cl/fhir/ig/tei/ValueSet/VSConsecuenciaAtencionCodigo,0.2.1,active,,VSConsecuenciaAtencionCodigo,Consecuencia Atención Codigo,"Consecuencia Atención Codigo",,"Internal"
https://interoperabilidad.minsal.cl/fhir/ig/tei/ValueSet/VSDerivadoParaCodigo,0.2.1,active,,VSDerivadoParaCodigo,Derivado Para,"Derivado Para",,"Internal"
https://interoperabilidad.minsal.cl/fhir/ig/tei/ValueSet/VSDestinoReferenciaCodigo,0.2.1,active,,VSDestinoReferenciaCodigo,Destino Referencia Codigo,"Destino Referencia Codigo",,"Internal"
https://interoperabilidad.minsal.cl/fhir/ig/tei/ValueSet/VSEspecialidadBioqca,0.2.1,active,,VSEspecialidadBioqca,Especialidades y Subespecialidades Bioquímicas,"Especialidades y Subespecialidades Bioquímicas",,"Internal"
https://interoperabilidad.minsal.cl/fhir/ig/tei/ValueSet/VSEspecialidadFarma,0.2.1,active,,VSEspecialidadFarma,Especialidades Farmaceúticas o Química Farmaceúticas,"Especialidades Farmaceúticas o Química Farmaceúticas",,"Internal"
https://interoperabilidad.minsal.cl/fhir/ig/tei/ValueSet/VSEspecialidadMed,0.2.1,active,,VSEspecialidadMed,EspecialidadMed,"EspecialidadMed",,"Internal"
https://interoperabilidad.minsal.cl/fhir/ig/tei/ValueSet/VSEspecialidadOdont,0.2.1,active,,VSEspecialidadOdont,Especialidades Odontológicas,"Especialidades Odontológicas",,"Internal"
https://interoperabilidad.minsal.cl/fhir/ig/tei/ValueSet/VSEstablecimientoDestino,0.2.1,active,,VSEstablecimientoDestino,Establecimiento Destino Codigo,"Establecimiento Destino Codigo ejemplos hechos en base a este documento con los [Códigos DEIS del establecimientos](https://datos.gob.cl/dataset/establecimientos-de-salud-vigentes)",,"Internal"
https://interoperabilidad.minsal.cl/fhir/ig/tei/ValueSet/VSEstadoCivil,0.2.1,active,,VSEstadoCivil,EstadoCivil,"EstadoCivil",,"Internal"
https://interoperabilidad.minsal.cl/fhir/ig/tei/ValueSet/VSEstadoInterconsulta,0.2.1,active,,VSEstadoInterconsulta,Estado Interconsulta,"Estado Interconsulta",,"Internal"
https://interoperabilidad.minsal.cl/fhir/ig/tei/ValueSet/VSHipotesisDiagnosticaCodigo,0.2.1,active,,VSHipotesisDiagnosticaCodigo,HipotesisDiagnosticaCodigo,"HipotesisDiagnosticaCodigo",,"Internal"
https://interoperabilidad.minsal.cl/fhir/ig/tei/ValueSet/VSIdentificadorPrestador,0.2.1,active,,VSIdentificadorPrestador,IdentificadorPrestador,"IdentificadorPrestador",,"hl7.fhir.cl.clcore"
https://interoperabilidad.minsal.cl/fhir/ig/tei/ValueSet/VSIndicecomorbilidad,0.2.1,active,,VSIndicecomorbilidad,Indice Comorbilidad,"Indice Comorbilidad",,"Internal"
https://interoperabilidad.minsal.cl/fhir/ig/tei/ValueSet/VSMediodeContacto,0.2.1,active,,VSMediodeContacto,Medio Notificación,"Medio Notificación",,"Internal"
https://interoperabilidad.minsal.cl/fhir/ig/tei/ValueSet/VSModalidadAtencionCodigo,0.2.1,active,,VSModalidadAtencionCodigo,Modalidad Atencion Codigo,"Modalidad Atencion Codigo",,"Internal"
https://interoperabilidad.minsal.cl/fhir/ig/tei/ValueSet/VSMotivoCierreInterconsulta,0.2.1,active,,VSMotivoCierreInterconsulta,Motivo Cierre Interconsulta,"Motivo Cierre Interconsulta",,"Internal"
https://interoperabilidad.minsal.cl/fhir/ig/tei/ValueSet/VSMotivoNoContactabilidad,0.2.1,active,,VSMotivoNoContactabilidad,Motivo No Contactabilidad,"Motivo No Contactabilidad",,"Internal"
https://interoperabilidad.minsal.cl/fhir/ig/tei/ValueSet/VSMotivoNoPertinenciaCodigo,0.2.1,active,,VSMotivoNoPertinenciaCodigo,Motivo No Pertinencia Codigo,"Motivo No Pertinencia Codigo",,"Internal"
https://interoperabilidad.minsal.cl/fhir/ig/tei/ValueSet/VSPertinenciaInterconsulta,0.2.1,active,,VSPertinenciaInterconsulta,Pertinencia Interconsulta,"Pertinencia Interconsulta",,"Internal"
https://interoperabilidad.minsal.cl/fhir/ig/tei/ValueSet/VSPractitionerTipoRolLE,0.2.1,active,,VSPractitionerTipoRolLE,Rol de profesionales,"Rol de profesionales(Practitioner) en algún evento, durante la intercosulta.",,"Internal"
https://interoperabilidad.minsal.cl/fhir/ig/tei/ValueSet/VSReligion,0.2.1,active,,VSReligion,Religion,"Religion",,"Internal"
https://interoperabilidad.minsal.cl/fhir/ig/tei/ValueSet/VSServicioRequerido,0.2.1,active,,VSServicioRequerido,Servicio Requerido,"Servicio Requerido",,"SCT"
https://interoperabilidad.minsal.cl/fhir/ig/tei/ValueSet/VSTerminologiasDiag,0.2.1,active,,VSTerminologiasDiag,TerminologiasDiag,"TerminologiasDiag",,"SCT,hl7.terminology.r4"
https://interoperabilidad.minsal.cl/fhir/ig/tei/ValueSet/VSTipoConsulta,0.2.1,active,,VSTipoConsulta,Tipo Consulta,"Tipo Consulta",,"Internal"
https://interoperabilidad.minsal.cl/fhir/ig/tei/ValueSet/VSTipoEventoLE,0.2.1,active,,VSTipoEventoLE,Tipo de Evento,"Tipo de evento en la interconsulta",,"Internal"
https://interoperabilidad.minsal.cl/fhir/ig/tei/ValueSet/VSTituloProfesional,0.2.1,active,,VSTituloProfesional,TituloProfesional,"TituloProfesional",,"Internal"
https://interoperabilidad.minsal.cl/fhir/ig/tei/ValueSet/VSorigenInterconsulta,0.2.1,active,,VSorigenInterconsulta,Origen Interconsulta,"Origen Interconsulta",,"Internal"
