URL,Version,Status,OIDs,Name,Title,Descriptino,Used
https://interoperabilidad.minsal.cl/fhir/ig/tei/CodeSystem/CSConsecuenciaAtencionCodigo,0.1.7,active,,CSConsecuenciaAtencionCodigo,Consecuencia Atención Codigo,"Consecuencia Atención Codigo",
https://interoperabilidad.minsal.cl/fhir/ig/tei/CodeSystem/CSDerivadoParaCodigo,0.1.7,active,,CSDerivadoParaCodigo,Derivado Para,"Derivado Para",
https://interoperabilidad.minsal.cl/fhir/ig/tei/CodeSystem/CSDestinoReferenciaCodigo,0.1.7,active,,CSDestinoReferenciaCodigo,Destino Referencia Codigo,"Destino Referencia Codigo",
https://interoperabilidad.minsal.cl/fhir/ig/tei/CodeSystem/CSDocAcreditacionCuidador,0.1.7,active,,CSDocAcreditacionCuidador,Documento Acreditacion Cuidador,"Documento Acreditacion Cuidador",
https://interoperabilidad.minsal.cl/fhir/ig/tei/CodeSystem/CSEspecialidadBioqca,0.1.7,active,,CSEspecialidadBioqca,Especialidades y Subespecialidades Bioquímicas,"Especialidades y Subespecialidades Bioquímicas",
https://interoperabilidad.minsal.cl/fhir/ig/tei/CodeSystem/CSEspecialidadFarma,0.1.7,active,,CSEspecialidadFarma,Especialidades Farmaceúticas o Química Farmaceúticas,"Especialidades Farmaceúticas o Química Farmaceúticas",
https://interoperabilidad.minsal.cl/fhir/ig/tei/CodeSystem/CSEspecialidadMed,0.1.7,active,,CSEspecialidadMed,EspecialidadMed,"EspecialidadMed",
https://interoperabilidad.minsal.cl/fhir/ig/tei/CodeSystem/CSEspecialidadOdont,0.1.7,active,,CSEspecialidadOdont,Especialidades Odontológicas,"Especialidades Odontológicas",
https://interoperabilidad.minsal.cl/fhir/ig/tei/CodeSystem/CSEstablecimientoDestinoCodigo,0.1.7,active,,CSEstablecimientoDestinoCodigo,Establecimiento Destino Codigo,"Establecimiento Destino Codigo",
https://interoperabilidad.minsal.cl/fhir/ig/tei/CodeSystem/CSEstadoCivil,0.1.7,active,,CSEstadoCivil,EstadoCivil,"EstadoCivil",
https://interoperabilidad.minsal.cl/fhir/ig/tei/CodeSystem/CSEstadoInterconsulta,0.1.7,active,,CSEstadoInterconsulta,Estado Interconsulta,"Estado Interconsulta",
https://interoperabilidad.minsal.cl/fhir/ig/tei/CodeSystem/CSHipotesisDiagnosticaCodigo,0.1.7,active,,CSHipotesisDiagnosticaCodigo,HipotesisDiagnosticaCodigo,"HipotesisDiagnosticaCodigo",
https://interoperabilidad.minsal.cl/fhir/ig/tei/CodeSystem/CSIdentidaddeGenero,0.1.7,active,,CSIdentidaddeGenero,Identidad de Genero,"Identidad de Genero",
https://interoperabilidad.minsal.cl/fhir/ig/tei/CodeSystem/CSIndicecomorbilidad,0.1.7,active,,CSIndicecomorbilidad,Indice Comorbilidad,"Indice Comorbilidad",
https://interoperabilidad.minsal.cl/fhir/ig/tei/CodeSystem/CSMedioNotificacion,0.1.7,active,,CSMedioNotificacion,Medio Notificación,"Medio Notificación",
https://interoperabilidad.minsal.cl/fhir/ig/tei/CodeSystem/CSModalidadAtencionCodigo,0.1.7,active,,CSModalidadAtencionCodigo,Modalidad Atencion Codigo,"Modalidad Atencion Codigo",
https://interoperabilidad.minsal.cl/fhir/ig/tei/CodeSystem/CSMotivoCierreInterconsulta,0.1.7,active,,CSMotivoCierreInterconsulta,Motivo Cierre Interconsulta,"Motivo Cierre Interconsulta",
https://interoperabilidad.minsal.cl/fhir/ig/tei/CodeSystem/CSMotivoNoContactabilidad,0.1.7,active,,CSMotivoNoContactabilidad,Motivo No Contactabilidad,"Motivo No Contactabilidad",
https://interoperabilidad.minsal.cl/fhir/ig/tei/CodeSystem/CSMotivoNoPertinenciaCodigo,0.1.7,active,,CSMotivoNoPertinenciaCodigo,Motivo No Pertinencia Codigo,"Motivo No Pertinencia Codigo",
https://interoperabilidad.minsal.cl/fhir/ig/tei/CodeSystem/CSPertinenciaInterconsulta,0.1.7,active,,CSPertinenciaInterconsulta,Pertinencia Interconsulta,"Pertinencia Interconsulta",
https://interoperabilidad.minsal.cl/fhir/ig/tei/CodeSystem/CSPractitionerTipoRolLE,0.1.7,active,,CSPractitionerTipoRolLE,Rol de profesionales,"CodeSystem con códigos definidos para representar cada rol de profesional o funcionario administrativo dentro de la interconsulta",
https://interoperabilidad.minsal.cl/fhir/ig/tei/CodeSystem/CSPrevisionCodigo,0.1.7,active,,CSPrevisionCodigo,PrevisionCodigo,"PrevisionCodigo",
https://interoperabilidad.minsal.cl/fhir/ig/tei/CodeSystem/CSReligion,0.1.7,active,,CSReligion,Religion,"Religion",
https://interoperabilidad.minsal.cl/fhir/ig/tei/CodeSystem/CSSexoBiologico,0.1.7,active,,CSSexoBiologico,Códigos para Sexo de Nacimiento de Paciente,"Codigos definidos para el sexo de nacimiento de un paciente en Chile",
https://interoperabilidad.minsal.cl/fhir/ig/tei/CodeSystem/CSSospechaPatologia,0.1.7,active,,CSSospechaPatologia,Sospecha Patologia,"Sospecha Patologia",
https://interoperabilidad.minsal.cl/fhir/ig/tei/CodeSystem/CSSospechaPatologiaGes,0.1.7,active,,CSSospechaPatologiaGes,Sospecha Patologia Ges,"Sospecha Patologia Ges",
https://interoperabilidad.minsal.cl/fhir/ig/tei/CodeSystem/CSTipoCodDiagnostica,0.1.7,active,,CSTipoCodDiagnostica,Tipo Codificación Diagnostica,"Tipo Codificación Diagnostica",
https://interoperabilidad.minsal.cl/fhir/ig/tei/CodeSystem/CSTipoConsulta,0.1.7,active,,CSTipoConsulta,Tipo Consulta,"Tipo Consulta",
https://interoperabilidad.minsal.cl/fhir/ig/tei/CodeSystem/CSTipoEventoLE,0.1.7,active,,CSTipoEventoLE,Tipo de Evento,"CodeSystem con códigos definidos para representar cada evento en la interconsulta",
https://interoperabilidad.minsal.cl/fhir/ig/tei/CodeSystem/CSTituloProfesional,0.1.7,active,,CSTituloProfesional,TituloProfesional,"TituloProfesional",
https://interoperabilidad.minsal.cl/fhir/ig/tei/CodeSystem/CSinterconsulta,0.1.7,active,,CSinterconsulta,Interconsulta,"Interconsulta",
https://interoperabilidad.minsal.cl/fhir/ig/tei/CodeSystem/PueblosOriginariosCS,0.1.7,draft,,PueblosOriginariosCS,Pueblos Originarios de Chile,"Pueblos Originarios de Chile",
