{"resourceType":"CodeSystem","id":"CSPrevisionCodigo","text":{"status":"generated","div":"<div xmlns=\"http://www.w3.org/1999/xhtml\"><p>This code system <code>http://minsal.cl/listaespera/CodeSystem/CSPrevisionCodigo</code> defines the following codes:</p><table class=\"codes\"><tr><td style=\"white-space:nowrap\"><b>Code</b></td><td><b>Display</b></td></tr><tr><td style=\"white-space:nowrap\">1<a name=\"CSPrevisionCodigo-1\"> </a></td><td>FONASA Fondo Nacional de Salud.</td></tr><tr><td style=\"white-space:nowrap\">2<a name=\"CSPrevisionCodigo-2\"> </a></td><td>ISAPRE  Instituciones de Salud Previsional.</td></tr><tr><td style=\"white-space:nowrap\">3<a name=\"CSPrevisionCodigo-3\"> </a></td><td>CAPREDENA Caja de Previsión de la Defensa Nacional.</td></tr><tr><td style=\"white-space:nowrap\">4<a name=\"CSPrevisionCodigo-4\"> </a></td><td>DIPRECA Dirección de Previsión de Carabineros, PDI y Gendarmería</td></tr><tr><td style=\"white-space:nowrap\">5<a name=\"CSPrevisionCodigo-5\"> </a></td><td>SISA Sistema de Salud de las Fuerzas Armadas (Ejército, Armada y Fuerza Aérea).</td></tr><tr><td style=\"white-space:nowrap\">96<a name=\"CSPrevisionCodigo-96\"> </a></td><td>NINGUNA</td></tr><tr><td style=\"white-space:nowrap\">99<a name=\"CSPrevisionCodigo-99\"> </a></td><td>DESCONOCIDO</td></tr></table></div>"},"url":"http://minsal.cl/listaespera/CodeSystem/CSPrevisionCodigo","version":"0.1.1","name":"CSPrevisionCodigo","title":"PrevisionCodigo","status":"active","experimental":false,"date":"2023-01-15","publisher":"MINSAL Chile","contact":[{"name":"MINSAL Chile","telecom":[{"system":"url","value":"https://minsal.cl"}]}],"description":"PrevisionCodigo","jurisdiction":[{"coding":[{"system":"urn:iso:std:iso:3166","code":"CL","display":"Chile"}]}],"caseSensitive":true,"content":"complete","count":7,"concept":[{"code":"1","display":"FONASA Fondo Nacional de Salud."},{"code":"2","display":"ISAPRE  Instituciones de Salud Previsional."},{"code":"3","display":"CAPREDENA Caja de Previsión de la Defensa Nacional."},{"code":"4","display":"DIPRECA Dirección de Previsión de Carabineros, PDI y Gendarmería"},{"code":"5","display":"SISA Sistema de Salud de las Fuerzas Armadas (Ejército, Armada y Fuerza Aérea)."},{"code":"96","display":"NINGUNA"},{"code":"99","display":"DESCONOCIDO"}]}