{"resourceType":"CodeSystem","id":"CSMotivoNoContactabilidad","text":{"status":"generated","div":"<div xmlns=\"http://www.w3.org/1999/xhtml\"><p>This code system <code>http://minsal.cl/listaespera/CodeSystem/CSMotivoNoContactabilidad</code> defines the following codes:</p><table class=\"codes\"><tr><td style=\"white-space:nowrap\"><b>Code</b></td><td><b>Display</b></td></tr><tr><td style=\"white-space:nowrap\">1<a name=\"CSMotivoNoContactabilidad-1\"> </a></td><td>No contesta telefono.</td></tr><tr><td style=\"white-space:nowrap\">2<a name=\"CSMotivoNoContactabilidad-2\"> </a></td><td>No contesta correo</td></tr><tr><td style=\"white-space:nowrap\">3<a name=\"CSMotivoNoContactabilidad-3\"> </a></td><td>Datos de contactos incorrectos</td></tr><tr><td style=\"white-space:nowrap\">4<a name=\"CSMotivoNoContactabilidad-4\"> </a></td><td>Otro</td></tr></table></div>"},"url":"http://minsal.cl/listaespera/CodeSystem/CSMotivoNoContactabilidad","version":"0.1.0","name":"CSMotivoNoContactabilidad","title":"MotivoNoContactabilidad","status":"active","experimental":false,"date":"2023-01-15","publisher":"MINSAL Chile","contact":[{"name":"MINSAL Chile","telecom":[{"system":"url","value":"https://minsal.cl"}]}],"description":"MotivoNoContactabilidad","jurisdiction":[{"coding":[{"system":"urn:iso:std:iso:3166","code":"CL","display":"Chile"}]}],"caseSensitive":true,"content":"complete","count":4,"concept":[{"code":"1","display":"No contesta telefono."},{"code":"2","display":"No contesta correo"},{"code":"3","display":"Datos de contactos incorrectos"},{"code":"4","display":"Otro"}]}