{"resourceType":"CodeSystem","id":"CSIdentidaddeGenero","text":{"status":"generated","div":"<div xmlns=\"http://www.w3.org/1999/xhtml\"><p>This code system <code>http://minsal.cl/listaespera/CodeSystem/CSIdentidaddeGenero</code> defines the following codes:</p><table class=\"codes\"><tr><td style=\"white-space:nowrap\"><b>Code</b></td><td><b>Display</b></td></tr><tr><td style=\"white-space:nowrap\">1<a name=\"CSIdentidaddeGenero-1\"> </a></td><td>Masculino</td></tr><tr><td style=\"white-space:nowrap\">2<a name=\"CSIdentidaddeGenero-2\"> </a></td><td>Femenina</td></tr><tr><td style=\"white-space:nowrap\">4<a name=\"CSIdentidaddeGenero-4\"> </a></td><td>Transgénero Masculino</td></tr><tr><td style=\"white-space:nowrap\">5<a name=\"CSIdentidaddeGenero-5\"> </a></td><td>Transgénero Femenina</td></tr><tr><td style=\"white-space:nowrap\">6<a name=\"CSIdentidaddeGenero-6\"> </a></td><td>No binarie</td></tr><tr><td style=\"white-space:nowrap\">7<a name=\"CSIdentidaddeGenero-7\"> </a></td><td>Otra</td></tr><tr><td style=\"white-space:nowrap\">8<a name=\"CSIdentidaddeGenero-8\"> </a></td><td>No Revelado</td></tr></table></div>"},"url":"http://minsal.cl/listaespera/CodeSystem/CSIdentidaddeGenero","version":"0.1.2","name":"CSIdentidaddeGenero","title":"Identidad de Genero","status":"active","experimental":false,"date":"2023-01-15","publisher":"MINSAL Chile","contact":[{"name":"MINSAL Chile","telecom":[{"system":"url","value":"https://minsal.cl"}]}],"description":"Identidad de Genero","jurisdiction":[{"coding":[{"system":"urn:iso:std:iso:3166","code":"CL","display":"Chile"}]}],"caseSensitive":true,"content":"complete","count":7,"concept":[{"code":"1","display":"Masculino"},{"code":"2","display":"Femenina"},{"code":"4","display":"Transgénero Masculino"},{"code":"5","display":"Transgénero Femenina"},{"code":"6","display":"No binarie"},{"code":"7","display":"Otra"},{"code":"8","display":"No Revelado"}]}