{"resourceType":"CodeSystem","id":"CSEspecialidadMed","text":{"status":"generated","div":"<div xmlns=\"http://www.w3.org/1999/xhtml\"><p>This code system <code>http://minsal.cl/listaespera/CodeSystem/CSEspecialidadMed</code> defines the following codes:</p><table class=\"codes\"><tr><td style=\"white-space:nowrap\"><b>Code</b></td><td><b>Display</b></td></tr><tr><td style=\"white-space:nowrap\">1<a name=\"CSEspecialidadMed-1\"> </a></td><td>ANATOMÍA PATOLÓGICA</td></tr><tr><td style=\"white-space:nowrap\">2<a name=\"CSEspecialidadMed-2\"> </a></td><td>ANESTESIOLOGÍA</td></tr><tr><td style=\"white-space:nowrap\">3<a name=\"CSEspecialidadMed-3\"> </a></td><td>CARDIOLOGÍA</td></tr><tr><td style=\"white-space:nowrap\">4<a name=\"CSEspecialidadMed-4\"> </a></td><td>CIRUGÍA GENERAL</td></tr><tr><td style=\"white-space:nowrap\">5<a name=\"CSEspecialidadMed-5\"> </a></td><td>CIRUGÍA DE CABEZA, CUELLO Y MAXILOFACIAL</td></tr><tr><td style=\"white-space:nowrap\">6<a name=\"CSEspecialidadMed-6\"> </a></td><td>CIRUGÍA CARDIOVASCULAR</td></tr><tr><td style=\"white-space:nowrap\">7<a name=\"CSEspecialidadMed-7\"> </a></td><td>CIRUGÍA DE TÓRAX</td></tr><tr><td style=\"white-space:nowrap\">8<a name=\"CSEspecialidadMed-8\"> </a></td><td>CIRUGÍA PLÁSTICA Y REPARADORA</td></tr><tr><td style=\"white-space:nowrap\">9<a name=\"CSEspecialidadMed-9\"> </a></td><td>CIRUGÍA PEDIÁTRICA</td></tr><tr><td style=\"white-space:nowrap\">10<a name=\"CSEspecialidadMed-10\"> </a></td><td>CIRUGÍA VASCULAR PERIFÉRICA</td></tr><tr><td style=\"white-space:nowrap\">11<a name=\"CSEspecialidadMed-11\"> </a></td><td>COLOPROCTOLOGÍA</td></tr><tr><td style=\"white-space:nowrap\">12<a name=\"CSEspecialidadMed-12\"> </a></td><td>DERMATOLOGÍA</td></tr><tr><td style=\"white-space:nowrap\">13<a name=\"CSEspecialidadMed-13\"> </a></td><td>DIABETOLOGÍA</td></tr><tr><td style=\"white-space:nowrap\">14<a name=\"CSEspecialidadMed-14\"> </a></td><td>ENDOCRINOLOGÍA ADULTO</td></tr><tr><td style=\"white-space:nowrap\">15<a name=\"CSEspecialidadMed-15\"> </a></td><td>ENDOCRINOLOGÍA PEDIÁTRICA</td></tr><tr><td style=\"white-space:nowrap\">16<a name=\"CSEspecialidadMed-16\"> </a></td><td>ENFERMEDADES RESPIRATORIAS DEL ADULTO (BRONCOPULMONAR)</td></tr><tr><td style=\"white-space:nowrap\">17<a name=\"CSEspecialidadMed-17\"> </a></td><td>ENFERMEDADES RESPIRATORIAS PEDIÁTRICAS (BRONCOPULMONAR PEDIATRICO)</td></tr><tr><td style=\"white-space:nowrap\">18<a name=\"CSEspecialidadMed-18\"> </a></td><td>GASTROENTEROLOGÍA ADULTO</td></tr><tr><td style=\"white-space:nowrap\">19<a name=\"CSEspecialidadMed-19\"> </a></td><td>GASTROENTEROLOGÍA PEDIÁTRICA</td></tr><tr><td style=\"white-space:nowrap\">20<a name=\"CSEspecialidadMed-20\"> </a></td><td>GENÉTICA CLÍNICA</td></tr><tr><td style=\"white-space:nowrap\">21<a name=\"CSEspecialidadMed-21\"> </a></td><td>GERIATRÍA</td></tr><tr><td style=\"white-space:nowrap\">22<a name=\"CSEspecialidadMed-22\"> </a></td><td>GINECOLOGÍA PEDIÁTRICA Y DE LA ADOLESCENCIA</td></tr><tr><td style=\"white-space:nowrap\">23<a name=\"CSEspecialidadMed-23\"> </a></td><td>HEMATOLOGÍA</td></tr><tr><td style=\"white-space:nowrap\">24<a name=\"CSEspecialidadMed-24\"> </a></td><td>IMAGENOLOGÍA</td></tr><tr><td style=\"white-space:nowrap\">25<a name=\"CSEspecialidadMed-25\"> </a></td><td>INFECTOLOGÍA</td></tr><tr><td style=\"white-space:nowrap\">26<a name=\"CSEspecialidadMed-26\"> </a></td><td>INMUNOLOGÍA</td></tr><tr><td style=\"white-space:nowrap\">27<a name=\"CSEspecialidadMed-27\"> </a></td><td>LABORATORIO CLÍNICO</td></tr><tr><td style=\"white-space:nowrap\">28<a name=\"CSEspecialidadMed-28\"> </a></td><td>MEDICINA FAMILIAR</td></tr><tr><td style=\"white-space:nowrap\">29<a name=\"CSEspecialidadMed-29\"> </a></td><td>MEDICINA FÍSICA Y REHABILITACIÓN (FISIATRIA ADULTO)</td></tr><tr><td style=\"white-space:nowrap\">30<a name=\"CSEspecialidadMed-30\"> </a></td><td>MEDICINA INTERNA</td></tr><tr><td style=\"white-space:nowrap\">31<a name=\"CSEspecialidadMed-31\"> </a></td><td>MEDICINA INTENSIVA ADULTO</td></tr><tr><td style=\"white-space:nowrap\">32<a name=\"CSEspecialidadMed-32\"> </a></td><td>MEDICINA INTENSIVA PEDIÁTRICA</td></tr><tr><td style=\"white-space:nowrap\">33<a name=\"CSEspecialidadMed-33\"> </a></td><td>MEDICINA LEGAL</td></tr><tr><td style=\"white-space:nowrap\">34<a name=\"CSEspecialidadMed-34\"> </a></td><td>MEDICINA MATERNO INFANTIL</td></tr><tr><td style=\"white-space:nowrap\">35<a name=\"CSEspecialidadMed-35\"> </a></td><td>MEDICINA NUCLEAR</td></tr><tr><td style=\"white-space:nowrap\">36<a name=\"CSEspecialidadMed-36\"> </a></td><td>MEDICINA DE URGENCIA</td></tr><tr><td style=\"white-space:nowrap\">37<a name=\"CSEspecialidadMed-37\"> </a></td><td>NEFROLOGÍA ADULTO</td></tr><tr><td style=\"white-space:nowrap\">38<a name=\"CSEspecialidadMed-38\"> </a></td><td>NEFROLOGÍA PEDIÁTRICO</td></tr><tr><td style=\"white-space:nowrap\">39<a name=\"CSEspecialidadMed-39\"> </a></td><td>NEONATOLOGÍA</td></tr><tr><td style=\"white-space:nowrap\">40<a name=\"CSEspecialidadMed-40\"> </a></td><td>NEUROCIRUGÍA</td></tr><tr><td style=\"white-space:nowrap\">41<a name=\"CSEspecialidadMed-41\"> </a></td><td>NEUROLOGÍA ADULTO</td></tr><tr><td style=\"white-space:nowrap\">42<a name=\"CSEspecialidadMed-42\"> </a></td><td>NEUROLOGÍA PEDIÁTRICA</td></tr><tr><td style=\"white-space:nowrap\">43<a name=\"CSEspecialidadMed-43\"> </a></td><td>OBSTETRICIA Y GINECOLOGÍA</td></tr><tr><td style=\"white-space:nowrap\">44<a name=\"CSEspecialidadMed-44\"> </a></td><td>OFTALMOLOGÍA</td></tr><tr><td style=\"white-space:nowrap\">45<a name=\"CSEspecialidadMed-45\"> </a></td><td>ONCOLOGÍA MÉDICA</td></tr><tr><td style=\"white-space:nowrap\">46<a name=\"CSEspecialidadMed-46\"> </a></td><td>OTORRINOLARINGOLOGÍA</td></tr><tr><td style=\"white-space:nowrap\">47<a name=\"CSEspecialidadMed-47\"> </a></td><td>PEDIATRÍA</td></tr><tr><td style=\"white-space:nowrap\">48<a name=\"CSEspecialidadMed-48\"> </a></td><td>PSIQUIATRÍA ADULTO</td></tr><tr><td style=\"white-space:nowrap\">49<a name=\"CSEspecialidadMed-49\"> </a></td><td>PSIQUIATRÍA PEDIÁTRICA Y DE LA ADOLESCENCIA</td></tr><tr><td style=\"white-space:nowrap\">50<a name=\"CSEspecialidadMed-50\"> </a></td><td>RADIOTERAPIA ONCOLÓGICA</td></tr><tr><td style=\"white-space:nowrap\">51<a name=\"CSEspecialidadMed-51\"> </a></td><td>REUMATOLOGÍA</td></tr><tr><td style=\"white-space:nowrap\">52<a name=\"CSEspecialidadMed-52\"> </a></td><td>SALUD PÚBLICA</td></tr><tr><td style=\"white-space:nowrap\">53<a name=\"CSEspecialidadMed-53\"> </a></td><td>TRAUMATOLOGÍA Y ORTOPEDIA</td></tr><tr><td style=\"white-space:nowrap\">54<a name=\"CSEspecialidadMed-54\"> </a></td><td>UROLOGÍA</td></tr><tr><td style=\"white-space:nowrap\">55<a name=\"CSEspecialidadMed-55\"> </a></td><td>CARDIOLOGÍA PEDIÁTRICA</td></tr><tr><td style=\"white-space:nowrap\">56<a name=\"CSEspecialidadMed-56\"> </a></td><td>CIRUGÍA DIGESTIVA</td></tr><tr><td style=\"white-space:nowrap\">57<a name=\"CSEspecialidadMed-57\"> </a></td><td>CIRUGÍA PLASTICA Y REPARADORA PEDIÁTRICA</td></tr><tr><td style=\"white-space:nowrap\">58<a name=\"CSEspecialidadMed-58\"> </a></td><td>GINECOLOGÍA</td></tr><tr><td style=\"white-space:nowrap\">59<a name=\"CSEspecialidadMed-59\"> </a></td><td>HEMATO-ONCOLOGÍA PEDIÁTRICA</td></tr><tr><td style=\"white-space:nowrap\">60<a name=\"CSEspecialidadMed-60\"> </a></td><td>INFECTOLOGÍA PEDIATRICA</td></tr><tr><td style=\"white-space:nowrap\">61<a name=\"CSEspecialidadMed-61\"> </a></td><td>MEDICINA FAMILIAR DEL NIÑO</td></tr><tr><td style=\"white-space:nowrap\">62<a name=\"CSEspecialidadMed-62\"> </a></td><td>MEDICINA FISICA Y REHABILITACIÓN PEDIÁTRICA (FISIATRIA PEDIATRICA)</td></tr><tr><td style=\"white-space:nowrap\">63<a name=\"CSEspecialidadMed-63\"> </a></td><td>NUTRIÓLOGO</td></tr><tr><td style=\"white-space:nowrap\">64<a name=\"CSEspecialidadMed-64\"> </a></td><td>NUTRIÓLOGO PEDIÁTRICO</td></tr><tr><td style=\"white-space:nowrap\">65<a name=\"CSEspecialidadMed-65\"> </a></td><td>REUMATOLOGÍA PEDIÁTRICA</td></tr><tr><td style=\"white-space:nowrap\">66<a name=\"CSEspecialidadMed-66\"> </a></td><td>OBSTETRICIA</td></tr><tr><td style=\"white-space:nowrap\">67<a name=\"CSEspecialidadMed-67\"> </a></td><td>TRAUMATOLOGÍA Y ORTOPEDIA PEDIÁTRICA</td></tr><tr><td style=\"white-space:nowrap\">68<a name=\"CSEspecialidadMed-68\"> </a></td><td>UROLOGÍA PEDIÁTRICA</td></tr></table></div>"},"url":"http://minsal.cl/listaespera/CodeSystem/CSEspecialidadMed","version":"0.1.3","name":"CSEspecialidadMed","title":"EspecialidadMed","status":"active","experimental":false,"date":"2023-01-15","publisher":"MINSAL Chile","contact":[{"name":"MINSAL Chile","telecom":[{"system":"url","value":"https://minsal.cl"}]}],"description":"EspecialidadMed","jurisdiction":[{"coding":[{"system":"urn:iso:std:iso:3166","code":"CL","display":"Chile"}]}],"caseSensitive":true,"content":"complete","count":68,"concept":[{"code":"1","display":"ANATOMÍA PATOLÓGICA"},{"code":"2","display":"ANESTESIOLOGÍA"},{"code":"3","display":"CARDIOLOGÍA"},{"code":"4","display":"CIRUGÍA GENERAL"},{"code":"5","display":"CIRUGÍA DE CABEZA, CUELLO Y MAXILOFACIAL"},{"code":"6","display":"CIRUGÍA CARDIOVASCULAR"},{"code":"7","display":"CIRUGÍA DE TÓRAX"},{"code":"8","display":"CIRUGÍA PLÁSTICA Y REPARADORA"},{"code":"9","display":"CIRUGÍA PEDIÁTRICA"},{"code":"10","display":"CIRUGÍA VASCULAR PERIFÉRICA"},{"code":"11","display":"COLOPROCTOLOGÍA"},{"code":"12","display":"DERMATOLOGÍA"},{"code":"13","display":"DIABETOLOGÍA"},{"code":"14","display":"ENDOCRINOLOGÍA ADULTO"},{"code":"15","display":"ENDOCRINOLOGÍA PEDIÁTRICA"},{"code":"16","display":"ENFERMEDADES RESPIRATORIAS DEL ADULTO (BRONCOPULMONAR)"},{"code":"17","display":"ENFERMEDADES RESPIRATORIAS PEDIÁTRICAS (BRONCOPULMONAR PEDIATRICO)"},{"code":"18","display":"GASTROENTEROLOGÍA ADULTO"},{"code":"19","display":"GASTROENTEROLOGÍA PEDIÁTRICA"},{"code":"20","display":"GENÉTICA CLÍNICA"},{"code":"21","display":"GERIATRÍA"},{"code":"22","display":"GINECOLOGÍA PEDIÁTRICA Y DE LA ADOLESCENCIA"},{"code":"23","display":"HEMATOLOGÍA"},{"code":"24","display":"IMAGENOLOGÍA"},{"code":"25","display":"INFECTOLOGÍA"},{"code":"26","display":"INMUNOLOGÍA"},{"code":"27","display":"LABORATORIO CLÍNICO"},{"code":"28","display":"MEDICINA FAMILIAR"},{"code":"29","display":"MEDICINA FÍSICA Y REHABILITACIÓN (FISIATRIA ADULTO)"},{"code":"30","display":"MEDICINA INTERNA"},{"code":"31","display":"MEDICINA INTENSIVA ADULTO"},{"code":"32","display":"MEDICINA INTENSIVA PEDIÁTRICA"},{"code":"33","display":"MEDICINA LEGAL"},{"code":"34","display":"MEDICINA MATERNO INFANTIL"},{"code":"35","display":"MEDICINA NUCLEAR"},{"code":"36","display":"MEDICINA DE URGENCIA"},{"code":"37","display":"NEFROLOGÍA ADULTO"},{"code":"38","display":"NEFROLOGÍA PEDIÁTRICO"},{"code":"39","display":"NEONATOLOGÍA"},{"code":"40","display":"NEUROCIRUGÍA"},{"code":"41","display":"NEUROLOGÍA ADULTO"},{"code":"42","display":"NEUROLOGÍA PEDIÁTRICA"},{"code":"43","display":"OBSTETRICIA Y GINECOLOGÍA"},{"code":"44","display":"OFTALMOLOGÍA"},{"code":"45","display":"ONCOLOGÍA MÉDICA"},{"code":"46","display":"OTORRINOLARINGOLOGÍA"},{"code":"47","display":"PEDIATRÍA"},{"code":"48","display":"PSIQUIATRÍA ADULTO"},{"code":"49","display":"PSIQUIATRÍA PEDIÁTRICA Y DE LA ADOLESCENCIA"},{"code":"50","display":"RADIOTERAPIA ONCOLÓGICA"},{"code":"51","display":"REUMATOLOGÍA"},{"code":"52","display":"SALUD PÚBLICA"},{"code":"53","display":"TRAUMATOLOGÍA Y ORTOPEDIA"},{"code":"54","display":"UROLOGÍA"},{"code":"55","display":"CARDIOLOGÍA PEDIÁTRICA"},{"code":"56","display":"CIRUGÍA DIGESTIVA"},{"code":"57","display":"CIRUGÍA PLASTICA Y REPARADORA PEDIÁTRICA"},{"code":"58","display":"GINECOLOGÍA"},{"code":"59","display":"HEMATO-ONCOLOGÍA PEDIÁTRICA"},{"code":"60","display":"INFECTOLOGÍA PEDIATRICA"},{"code":"61","display":"MEDICINA FAMILIAR DEL NIÑO"},{"code":"62","display":"MEDICINA FISICA Y REHABILITACIÓN PEDIÁTRICA (FISIATRIA PEDIATRICA)"},{"code":"63","display":"NUTRIÓLOGO"},{"code":"64","display":"NUTRIÓLOGO PEDIÁTRICO"},{"code":"65","display":"REUMATOLOGÍA PEDIÁTRICA"},{"code":"66","display":"OBSTETRICIA"},{"code":"67","display":"TRAUMATOLOGÍA Y ORTOPEDIA PEDIÁTRICA"},{"code":"68","display":"UROLOGÍA PEDIÁTRICA"}]}