{"resourceType":"CodeSystem","id":"CSMedioNotificacion","text":{"status":"generated","div":"<div xmlns=\"http://www.w3.org/1999/xhtml\"><p>This code system <code>http://minsal.cl/listaespera/CodeSystem/CSMedioNotificacion</code> defines the following codes:</p><table class=\"codes\"><tr><td style=\"white-space:nowrap\"><b>Code</b></td><td><b>Display</b></td></tr><tr><td style=\"white-space:nowrap\">1<a name=\"CSMedioNotificacion-1\"> </a></td><td>Correo</td></tr><tr><td style=\"white-space:nowrap\">2<a name=\"CSMedioNotificacion-2\"> </a></td><td>SMS</td></tr><tr><td style=\"white-space:nowrap\">3<a name=\"CSMedioNotificacion-3\"> </a></td><td>Llamada</td></tr><tr><td style=\"white-space:nowrap\">4<a name=\"CSMedioNotificacion-4\"> </a></td><td>Whatsapp</td></tr><tr><td style=\"white-space:nowrap\">5<a name=\"CSMedioNotificacion-5\"> </a></td><td>Presencial</td></tr></table></div>"},"url":"http://minsal.cl/listaespera/CodeSystem/CSMedioNotificacion","version":"0.1.1","name":"CSMedioNotificacion","title":"Medio Notificación","status":"active","experimental":false,"date":"2023-01-15","publisher":"MINSAL Chile","contact":[{"name":"MINSAL Chile","telecom":[{"system":"url","value":"https://minsal.cl"}]}],"description":"Medio Notificación","jurisdiction":[{"coding":[{"system":"urn:iso:std:iso:3166","code":"CL","display":"Chile"}]}],"caseSensitive":true,"content":"complete","count":5,"concept":[{"code":"1","display":"Correo"},{"code":"2","display":"SMS"},{"code":"3","display":"Llamada"},{"code":"4","display":"Whatsapp"},{"code":"5","display":"Presencial"}]}