{"resourceType":"CodeSystem","id":"CSSospechaPatologiaGes","text":{"status":"generated","div":"<div xmlns=\"http://www.w3.org/1999/xhtml\"><p>This code system <code>http://minsal.cl/listaespera/CodeSystem/CSSospechaPatologiaGes</code> defines the following codes:</p><table class=\"codes\"><tr><td style=\"white-space:nowrap\"><b>Code</b></td><td><b>Display</b></td></tr><tr><td style=\"white-space:nowrap\">I120<a name=\"CSSospechaPatologiaGes-I120\"> </a></td><td>asdf</td></tr><tr><td style=\"white-space:nowrap\">N184<a name=\"CSSospechaPatologiaGes-N184\"> </a></td><td>asdf</td></tr><tr><td style=\"white-space:nowrap\">N189<a name=\"CSSospechaPatologiaGes-N189\"> </a></td><td>asdf</td></tr><tr><td style=\"white-space:nowrap\">Q602<a name=\"CSSospechaPatologiaGes-Q602\"> </a></td><td>asdf</td></tr><tr><td style=\"white-space:nowrap\">Q603<a name=\"CSSospechaPatologiaGes-Q603\"> </a></td><td>asdf</td></tr></table></div>"},"url":"http://minsal.cl/listaespera/CodeSystem/CSSospechaPatologiaGes","version":"0.1.0","name":"CSSospechaPatologiaGes","title":"SospechaPatologiaGes","status":"active","experimental":false,"date":"2023-01-15","publisher":"MINSAL Chile","contact":[{"name":"MINSAL Chile","telecom":[{"system":"url","value":"https://minsal.cl"}]}],"description":"SospechaPatologiaGes","jurisdiction":[{"coding":[{"system":"urn:iso:std:iso:3166","code":"CL","display":"Chile"}]}],"caseSensitive":true,"content":"complete","count":5,"concept":[{"code":"I120","display":"asdf"},{"code":"N184","display":"asdf"},{"code":"N189","display":"asdf"},{"code":"Q602","display":"asdf"},{"code":"Q603","display":"asdf"}]}