{"resourceType":"CodeSystem","id":"CSinterconsulta","text":{"status":"generated","div":"<div xmlns=\"http://www.w3.org/1999/xhtml\"><p>This code system <code>http://minsal.cl/listaespera/CodeSystem/CSinterconsulta</code> defines the following codes:</p><table class=\"codes\"><tr><td style=\"white-space:nowrap\"><b>Code</b></td><td><b>Display</b></td></tr><tr><td style=\"white-space:nowrap\">1<a name=\"CSinterconsulta-1\"> </a></td><td>APS</td></tr><tr><td style=\"white-space:nowrap\">2<a name=\"CSinterconsulta-2\"> </a></td><td>Urgencia</td></tr><tr><td style=\"white-space:nowrap\">3<a name=\"CSinterconsulta-3\"> </a></td><td>Derivación</td></tr></table></div>"},"url":"http://minsal.cl/listaespera/CodeSystem/CSinterconsulta","version":"0.1.0","name":"CSinterconsulta","title":"Interconsulta","status":"active","experimental":false,"date":"2023-01-15","publisher":"MINSAL Chile","contact":[{"name":"MINSAL Chile","telecom":[{"system":"url","value":"https://minsal.cl"}]}],"description":"Interconsulta","jurisdiction":[{"coding":[{"system":"urn:iso:std:iso:3166","code":"CL","display":"Chile"}]}],"caseSensitive":true,"content":"complete","count":3,"concept":[{"code":"1","display":"APS"},{"code":"2","display":"Urgencia"},{"code":"3","display":"Derivación"}]}