{"resourceType":"CodeSystem","id":"CSTipoEventoLE","text":{"status":"generated","div":"<div xmlns=\"http://www.w3.org/1999/xhtml\"><p>This code system <code>http://minsal.cl/listaespera/CodeSystem/CSTipoEventoLE</code> defines the following codes:</p><table class=\"codes\"><tr><td style=\"white-space:nowrap\"><b>Code</b></td><td><b>Display</b></td></tr><tr><td style=\"white-space:nowrap\">inicio<a name=\"CSTipoEventoLE-inicio\"> </a></td><td>Inicio</td></tr><tr><td style=\"white-space:nowrap\">referenciada<a name=\"CSTipoEventoLE-referenciada\"> </a></td><td>Referenciada</td></tr><tr><td style=\"white-space:nowrap\">revisar<a name=\"CSTipoEventoLE-revisar\"> </a></td><td>Revisar</td></tr><tr><td style=\"white-space:nowrap\">priorizar<a name=\"CSTipoEventoLE-priorizar\"> </a></td><td>Priorizar</td></tr><tr><td style=\"white-space:nowrap\">agendar<a name=\"CSTipoEventoLE-agendar\"> </a></td><td>Agendar</td></tr><tr><td style=\"white-space:nowrap\">atender<a name=\"CSTipoEventoLE-atender\"> </a></td><td>Atender</td></tr><tr><td style=\"white-space:nowrap\">terminar<a name=\"CSTipoEventoLE-terminar\"> </a></td><td>Terminar</td></tr></table></div>"},"url":"http://minsal.cl/listaespera/CodeSystem/CSTipoEventoLE","version":"0.1.1","name":"CSTipoEventoLE","title":"Tipo de Evento","status":"active","experimental":false,"date":"2023-01-15","publisher":"MINSAL Chile","contact":[{"name":"MINSAL Chile","telecom":[{"system":"url","value":"https://minsal.cl"}]}],"description":"CodeSystem con códigos definidos para representar cada evento en la interconsulta","jurisdiction":[{"coding":[{"system":"urn:iso:std:iso:3166","code":"CL","display":"Chile"}]}],"caseSensitive":true,"content":"complete","count":7,"concept":[{"code":"inicio","display":"Inicio"},{"code":"referenciada","display":"Referenciada"},{"code":"revisar","display":"Revisar"},{"code":"priorizar","display":"Priorizar"},{"code":"agendar","display":"Agendar"},{"code":"atender","display":"Atender"},{"code":"terminar","display":"Terminar"}]}