{"resourceType":"ImplementationGuide","id":"fhir.hl7chile.ListaDeEspera","text":{"status":"extensions","div":"<div xmlns=\"http://www.w3.org/1999/xhtml\"><h2>ListaEsperaChile</h2><p>The official URL for this implementation guide is: </p><pre>http://minsal.cl/listaespera/ImplementationGuide/fhir.hl7chile.ListaDeEspera</pre><div><p>Proyecto Listas de Espera MINSAL CHILE</p>\n</div></div>"},"url":"http://minsal.cl/listaespera/ImplementationGuide/fhir.hl7chile.ListaDeEspera","version":"0.1.1","name":"ListaEsperaChile","title":"Proyecto Listas de Espera MINSAL CHILE","status":"draft","date":"2023-02-14T13:39:18-03:00","publisher":"MINSAL Chile","contact":[{"name":"MINSAL Chile","telecom":[{"system":"url","value":"https://minsal.cl"}]}],"description":"Proyecto Listas de Espera MINSAL CHILE","packageId":"fhir.hl7chile.ListaDeEspera","license":"CC0-1.0","fhirVersion":["4.0.1"],"dependsOn":[{"id":"hl7tx","extension":[{"url":"http://hl7.org/fhir/tools/StructureDefinition/implementationguide-dependency-comment","valueMarkdown":"Automatically added as a dependency - all IGs depend on HL7 Terminology"}],"uri":"http://terminology.hl7.org/ImplementationGuide/hl7.terminology","packageId":"hl7.terminology.r4","version":"5.0.0"},{"id":"hl7_fhir_cl_corecl","uri":"https://hl7chile.cl/fhir/ig/CoreCL/ImplementationGuide/hl7.fhir.cl.corecl","packageId":"hl7.fhir.cl.corecl","version":"1.7.0"}],"definition":{"extension":[{"extension":[{"url":"code","valueString":"copyrightyear"},{"url":"value","valueString":"2023+"}],"url":"http://hl7.org/fhir/tools/StructureDefinition/ig-parameter"},{"extension":[{"url":"code","valueString":"releaselabel"},{"url":"value","valueString":"ci-build"}],"url":"http://hl7.org/fhir/tools/StructureDefinition/ig-parameter"},{"extension":[{"url":"code","valueString":"autoload-resources"},{"url":"value","valueString":"true"}],"url":"http://hl7.org/fhir/tools/StructureDefinition/ig-parameter"},{"extension":[{"url":"code","valueString":"path-liquid"},{"url":"value","valueString":"template/liquid"}],"url":"http://hl7.org/fhir/tools/StructureDefinition/ig-parameter"},{"extension":[{"url":"code","valueString":"path-liquid"},{"url":"value","valueString":"input/liquid"}],"url":"http://hl7.org/fhir/tools/StructureDefinition/ig-parameter"},{"extension":[{"url":"code","valueString":"path-qa"},{"url":"value","valueString":"temp/qa"}],"url":"http://hl7.org/fhir/tools/StructureDefinition/ig-parameter"},{"extension":[{"url":"code","valueString":"path-temp"},{"url":"value","valueString":"temp/pages"}],"url":"http://hl7.org/fhir/tools/StructureDefinition/ig-parameter"},{"extension":[{"url":"code","valueString":"path-output"},{"url":"value","valueString":"output"}],"url":"http://hl7.org/fhir/tools/StructureDefinition/ig-parameter"},{"extension":[{"url":"code","valueString":"path-suppressed-warnings"},{"url":"value","valueString":"input/ignoreWarnings.txt"}],"url":"http://hl7.org/fhir/tools/StructureDefinition/ig-parameter"},{"extension":[{"url":"code","valueString":"path-history"},{"url":"value","valueString":"http://minsal.cl/listaespera/history.html"}],"url":"http://hl7.org/fhir/tools/StructureDefinition/ig-parameter"},{"extension":[{"url":"code","valueString":"template-html"},{"url":"value","valueString":"template-page.html"}],"url":"http://hl7.org/fhir/tools/StructureDefinition/ig-parameter"},{"extension":[{"url":"code","valueString":"template-md"},{"url":"value","valueString":"template-page-md.html"}],"url":"http://hl7.org/fhir/tools/StructureDefinition/ig-parameter"},{"extension":[{"url":"code","valueString":"apply-contact"},{"url":"value","valueString":"true"}],"url":"http://hl7.org/fhir/tools/StructureDefinition/ig-parameter"},{"extension":[{"url":"code","valueString":"apply-context"},{"url":"value","valueString":"true"}],"url":"http://hl7.org/fhir/tools/StructureDefinition/ig-parameter"},{"extension":[{"url":"code","valueString":"apply-copyright"},{"url":"value","valueString":"true"}],"url":"http://hl7.org/fhir/tools/StructureDefinition/ig-parameter"},{"extension":[{"url":"code","valueString":"apply-jurisdiction"},{"url":"value","valueString":"true"}],"url":"http://hl7.org/fhir/tools/StructureDefinition/ig-parameter"},{"extension":[{"url":"code","valueString":"apply-license"},{"url":"value","valueString":"true"}],"url":"http://hl7.org/fhir/tools/StructureDefinition/ig-parameter"},{"extension":[{"url":"code","valueString":"apply-publisher"},{"url":"value","valueString":"true"}],"url":"http://hl7.org/fhir/tools/StructureDefinition/ig-parameter"},{"extension":[{"url":"code","valueString":"apply-version"},{"url":"value","valueString":"true"}],"url":"http://hl7.org/fhir/tools/StructureDefinition/ig-parameter"},{"extension":[{"url":"code","valueString":"active-tables"},{"url":"value","valueString":"true"}],"url":"http://hl7.org/fhir/tools/StructureDefinition/ig-parameter"},{"extension":[{"url":"code","valueString":"fmm-definition"},{"url":"value","valueString":"http://hl7.org/fhir/versions.html#maturity"}],"url":"http://hl7.org/fhir/tools/StructureDefinition/ig-parameter"},{"extension":[{"url":"code","valueString":"propagate-status"},{"url":"value","valueString":"true"}],"url":"http://hl7.org/fhir/tools/StructureDefinition/ig-parameter"},{"extension":[{"url":"code","valueString":"excludelogbinaryformat"},{"url":"value","valueString":"true"}],"url":"http://hl7.org/fhir/tools/StructureDefinition/ig-parameter"},{"extension":[{"url":"code","valueString":"tabbed-snapshots"},{"url":"value","valueString":"true"}],"url":"http://hl7.org/fhir/tools/StructureDefinition/ig-parameter"},{"extension":[{"url":"code","valueString":"copyrightyear"},{"url":"value","valueString":"2023+"}],"url":"http://hl7.org/fhir/tools/StructureDefinition/ig-parameter"},{"extension":[{"url":"code","valueString":"releaselabel"},{"url":"value","valueString":"ci-build"}],"url":"http://hl7.org/fhir/tools/StructureDefinition/ig-parameter"},{"extension":[{"url":"code","valueString":"autoload-resources"},{"url":"value","valueString":"true"}],"url":"http://hl7.org/fhir/tools/StructureDefinition/ig-parameter"},{"extension":[{"url":"code","valueString":"path-liquid"},{"url":"value","valueString":"template/liquid"}],"url":"http://hl7.org/fhir/tools/StructureDefinition/ig-parameter"},{"extension":[{"url":"code","valueString":"path-liquid"},{"url":"value","valueString":"input/liquid"}],"url":"http://hl7.org/fhir/tools/StructureDefinition/ig-parameter"},{"extension":[{"url":"code","valueString":"path-qa"},{"url":"value","valueString":"temp/qa"}],"url":"http://hl7.org/fhir/tools/StructureDefinition/ig-parameter"},{"extension":[{"url":"code","valueString":"path-temp"},{"url":"value","valueString":"temp/pages"}],"url":"http://hl7.org/fhir/tools/StructureDefinition/ig-parameter"},{"extension":[{"url":"code","valueString":"path-output"},{"url":"value","valueString":"output"}],"url":"http://hl7.org/fhir/tools/StructureDefinition/ig-parameter"},{"extension":[{"url":"code","valueString":"path-suppressed-warnings"},{"url":"value","valueString":"input/ignoreWarnings.txt"}],"url":"http://hl7.org/fhir/tools/StructureDefinition/ig-parameter"},{"extension":[{"url":"code","valueString":"path-history"},{"url":"value","valueString":"http://minsal.cl/listaespera/history.html"}],"url":"http://hl7.org/fhir/tools/StructureDefinition/ig-parameter"},{"extension":[{"url":"code","valueString":"template-html"},{"url":"value","valueString":"template-page.html"}],"url":"http://hl7.org/fhir/tools/StructureDefinition/ig-parameter"},{"extension":[{"url":"code","valueString":"template-md"},{"url":"value","valueString":"template-page-md.html"}],"url":"http://hl7.org/fhir/tools/StructureDefinition/ig-parameter"},{"extension":[{"url":"code","valueString":"apply-contact"},{"url":"value","valueString":"true"}],"url":"http://hl7.org/fhir/tools/StructureDefinition/ig-parameter"},{"extension":[{"url":"code","valueString":"apply-context"},{"url":"value","valueString":"true"}],"url":"http://hl7.org/fhir/tools/StructureDefinition/ig-parameter"},{"extension":[{"url":"code","valueString":"apply-copyright"},{"url":"value","valueString":"true"}],"url":"http://hl7.org/fhir/tools/StructureDefinition/ig-parameter"},{"extension":[{"url":"code","valueString":"apply-jurisdiction"},{"url":"value","valueString":"true"}],"url":"http://hl7.org/fhir/tools/StructureDefinition/ig-parameter"},{"extension":[{"url":"code","valueString":"apply-license"},{"url":"value","valueString":"true"}],"url":"http://hl7.org/fhir/tools/StructureDefinition/ig-parameter"},{"extension":[{"url":"code","valueString":"apply-publisher"},{"url":"value","valueString":"true"}],"url":"http://hl7.org/fhir/tools/StructureDefinition/ig-parameter"},{"extension":[{"url":"code","valueString":"apply-version"},{"url":"value","valueString":"true"}],"url":"http://hl7.org/fhir/tools/StructureDefinition/ig-parameter"},{"extension":[{"url":"code","valueString":"active-tables"},{"url":"value","valueString":"true"}],"url":"http://hl7.org/fhir/tools/StructureDefinition/ig-parameter"},{"extension":[{"url":"code","valueString":"fmm-definition"},{"url":"value","valueString":"http://hl7.org/fhir/versions.html#maturity"}],"url":"http://hl7.org/fhir/tools/StructureDefinition/ig-parameter"},{"extension":[{"url":"code","valueString":"propagate-status"},{"url":"value","valueString":"true"}],"url":"http://hl7.org/fhir/tools/StructureDefinition/ig-parameter"},{"extension":[{"url":"code","valueString":"excludelogbinaryformat"},{"url":"value","valueString":"true"}],"url":"http://hl7.org/fhir/tools/StructureDefinition/ig-parameter"},{"extension":[{"url":"code","valueString":"tabbed-snapshots"},{"url":"value","valueString":"true"}],"url":"http://hl7.org/fhir/tools/StructureDefinition/ig-parameter"},{"extension":[{"url":"code","valueString":"copyrightyear"},{"url":"value","valueString":"2023+"}],"url":"http://hl7.org/fhir/tools/StructureDefinition/ig-parameter"},{"extension":[{"url":"code","valueString":"releaselabel"},{"url":"value","valueString":"ci-build"}],"url":"http://hl7.org/fhir/tools/StructureDefinition/ig-parameter"},{"extension":[{"url":"code","valueString":"autoload-resources"},{"url":"value","valueString":"true"}],"url":"http://hl7.org/fhir/tools/StructureDefinition/ig-parameter"},{"extension":[{"url":"code","valueString":"path-liquid"},{"url":"value","valueString":"template/liquid"}],"url":"http://hl7.org/fhir/tools/StructureDefinition/ig-parameter"},{"extension":[{"url":"code","valueString":"path-liquid"},{"url":"value","valueString":"input/liquid"}],"url":"http://hl7.org/fhir/tools/StructureDefinition/ig-parameter"},{"extension":[{"url":"code","valueString":"path-qa"},{"url":"value","valueString":"temp/qa"}],"url":"http://hl7.org/fhir/tools/StructureDefinition/ig-parameter"},{"extension":[{"url":"code","valueString":"path-temp"},{"url":"value","valueString":"temp/pages"}],"url":"http://hl7.org/fhir/tools/StructureDefinition/ig-parameter"},{"extension":[{"url":"code","valueString":"path-output"},{"url":"value","valueString":"output"}],"url":"http://hl7.org/fhir/tools/StructureDefinition/ig-parameter"},{"extension":[{"url":"code","valueString":"path-suppressed-warnings"},{"url":"value","valueString":"input/ignoreWarnings.txt"}],"url":"http://hl7.org/fhir/tools/StructureDefinition/ig-parameter"},{"extension":[{"url":"code","valueString":"path-history"},{"url":"value","valueString":"http://minsal.cl/listaespera/history.html"}],"url":"http://hl7.org/fhir/tools/StructureDefinition/ig-parameter"},{"extension":[{"url":"code","valueString":"template-html"},{"url":"value","valueString":"template-page.html"}],"url":"http://hl7.org/fhir/tools/StructureDefinition/ig-parameter"},{"extension":[{"url":"code","valueString":"template-md"},{"url":"value","valueString":"template-page-md.html"}],"url":"http://hl7.org/fhir/tools/StructureDefinition/ig-parameter"},{"extension":[{"url":"code","valueString":"apply-contact"},{"url":"value","valueString":"true"}],"url":"http://hl7.org/fhir/tools/StructureDefinition/ig-parameter"},{"extension":[{"url":"code","valueString":"apply-context"},{"url":"value","valueString":"true"}],"url":"http://hl7.org/fhir/tools/StructureDefinition/ig-parameter"},{"extension":[{"url":"code","valueString":"apply-copyright"},{"url":"value","valueString":"true"}],"url":"http://hl7.org/fhir/tools/StructureDefinition/ig-parameter"},{"extension":[{"url":"code","valueString":"apply-jurisdiction"},{"url":"value","valueString":"true"}],"url":"http://hl7.org/fhir/tools/StructureDefinition/ig-parameter"},{"extension":[{"url":"code","valueString":"apply-license"},{"url":"value","valueString":"true"}],"url":"http://hl7.org/fhir/tools/StructureDefinition/ig-parameter"},{"extension":[{"url":"code","valueString":"apply-publisher"},{"url":"value","valueString":"true"}],"url":"http://hl7.org/fhir/tools/StructureDefinition/ig-parameter"},{"extension":[{"url":"code","valueString":"apply-version"},{"url":"value","valueString":"true"}],"url":"http://hl7.org/fhir/tools/StructureDefinition/ig-parameter"},{"extension":[{"url":"code","valueString":"active-tables"},{"url":"value","valueString":"true"}],"url":"http://hl7.org/fhir/tools/StructureDefinition/ig-parameter"},{"extension":[{"url":"code","valueString":"fmm-definition"},{"url":"value","valueString":"http://hl7.org/fhir/versions.html#maturity"}],"url":"http://hl7.org/fhir/tools/StructureDefinition/ig-parameter"},{"extension":[{"url":"code","valueString":"propagate-status"},{"url":"value","valueString":"true"}],"url":"http://hl7.org/fhir/tools/StructureDefinition/ig-parameter"},{"extension":[{"url":"code","valueString":"excludelogbinaryformat"},{"url":"value","valueString":"true"}],"url":"http://hl7.org/fhir/tools/StructureDefinition/ig-parameter"},{"extension":[{"url":"code","valueString":"tabbed-snapshots"},{"url":"value","valueString":"true"}],"url":"http://hl7.org/fhir/tools/StructureDefinition/ig-parameter"}],"grouping":[{"id":"-str-profile","name":"Structures: Resource Profiles","description":"These define constraints on FHIR resources for systems conforming to this implementation guide."},{"id":"-str-extension","name":"Structures: Extension Definitions","description":"These define constraints on FHIR data types for systems conforming to this implementation guide."},{"id":"-term-valueset","name":"Terminology: Value Sets","description":"These define sets of codes used by systems conforming to this implementation guide."},{"id":"-term-codesystem","name":"Terminology: Code Systems","description":"These define new code systems used by systems conforming to this implementation guide."},{"id":"-ex-example","name":"Example: Example Instances","description":"These are example instances that show what data produced and consumed by systems conforming with this implementation guide might look like."}],"resource":[{"extension":[{"url":"http://hl7.org/fhir/StructureDefinition/implementationguide-page","valueUri":"StructureDefinition-AllergyIntoleranceInicioLE.html"}],"reference":{"reference":"StructureDefinition/AllergyIntoleranceInicioLE"},"name":"AllergyIntolerance Inicio LE","description":"AllergyIntolerance Inicio LE","exampleBoolean":false,"groupingId":"-str-profile"},{"extension":[{"url":"http://hl7.org/fhir/StructureDefinition/implementationguide-page","valueUri":"StructureDefinition-AppointmentAtenderLE.html"}],"reference":{"reference":"StructureDefinition/AppointmentAtenderLE"},"name":"Appointment Atender LE","description":"Appointment Atender LE","exampleBoolean":false,"groupingId":"-str-profile"},{"extension":[{"url":"http://hl7.org/fhir/StructureDefinition/implementationguide-page","valueUri":"StructureDefinition-AppointmentInicioLE.html"}],"reference":{"reference":"StructureDefinition/AppointmentInicioLE"},"name":"Appointment Inicio LE","description":"Appointment Inicio LE","exampleBoolean":false,"groupingId":"-str-profile"},{"extension":[{"url":"http://hl7.org/fhir/StructureDefinition/implementationguide-page","valueUri":"StructureDefinition-BundleInicioLE.html"}],"reference":{"reference":"StructureDefinition/BundleInicioLE"},"name":"BundleInicio LE","description":"Bundle LE recurso utilizado para transportar todos los datos del mensaje relacionado al evento inicio.","exampleBoolean":false,"groupingId":"-str-profile"},{"extension":[{"url":"http://hl7.org/fhir/StructureDefinition/implementationguide-page","valueUri":"StructureDefinition-BundleReferenciaLE.html"}],"reference":{"reference":"StructureDefinition/BundleReferenciaLE"},"name":"Bundle Referencia LE","description":"Bundle Referencia LE recurso utilizado para transportar todos los datos del mensaje relacionado al evento referenciada.","exampleBoolean":false,"groupingId":"-str-profile"},{"extension":[{"url":"http://hl7.org/fhir/StructureDefinition/implementationguide-page","valueUri":"StructureDefinition-CarePlanAtenderLE.html"}],"reference":{"reference":"StructureDefinition/CarePlanAtenderLE"},"name":"CarePlan Atender LE","description":"CarePlan Atender LE","exampleBoolean":false,"groupingId":"-str-profile"},{"extension":[{"url":"http://hl7.org/fhir/StructureDefinition/implementationguide-page","valueUri":"StructureDefinition-CondicionAtender1LE.html"}],"reference":{"reference":"StructureDefinition/CondicionAtender1LE"},"name":"Condicion Atender 1 LE","description":"Condicion Atender 1 LE","exampleBoolean":false,"groupingId":"-str-profile"},{"extension":[{"url":"http://hl7.org/fhir/StructureDefinition/implementationguide-page","valueUri":"StructureDefinition-CondicionAtender2LE.html"}],"reference":{"reference":"StructureDefinition/CondicionAtender2LE"},"name":"Condicion Atender 2 LE","description":"Condicion Atender 2 LE","exampleBoolean":false,"groupingId":"-str-profile"},{"extension":[{"url":"http://hl7.org/fhir/StructureDefinition/implementationguide-page","valueUri":"StructureDefinition-CondicionAtender3LE.html"}],"reference":{"reference":"StructureDefinition/CondicionAtender3LE"},"name":"Condicion Atender 3 LE","description":"Condicion Atender 3 LE","exampleBoolean":false,"groupingId":"-str-profile"},{"extension":[{"url":"http://hl7.org/fhir/StructureDefinition/implementationguide-page","valueUri":"StructureDefinition-ConditionInicioDiagnosticoSospechaLE.html"}],"reference":{"reference":"StructureDefinition/ConditionInicioDiagnosticoSospechaLE"},"name":"Condition Inicio Diagnostico Sospecha LE","description":"Condicion Inicio 1 LE recurso que se utiliza para indicar la sospecha diagnóstica del motivo que origina la interconsulta.","exampleBoolean":false,"groupingId":"-str-profile"},{"extension":[{"url":"http://hl7.org/fhir/StructureDefinition/implementationguide-page","valueUri":"StructureDefinition-ConditionInicioIndiceComorbilidadLE.html"}],"reference":{"reference":"StructureDefinition/ConditionInicioIndiceComorbilidadLE"},"name":"Condition Inicio Indice Comorbilidad LE","description":"Condicion Inicio 2 LE recurso que se utiliza para indicar el índice de comorbilidad de un paciente.","exampleBoolean":false,"groupingId":"-str-profile"},{"extension":[{"url":"http://hl7.org/fhir/StructureDefinition/implementationguide-page","valueUri":"StructureDefinition-ConditionInicioSospechaGesLE.html"}],"reference":{"reference":"StructureDefinition/ConditionInicioSospechaGesLE"},"name":"Condition Inicio Sospecha Ges LE","description":"Condicion Inicio 3 LE recurso que se utiliza para indicar la sospecha de patología GES.","exampleBoolean":false,"groupingId":"-str-profile"},{"extension":[{"url":"http://hl7.org/fhir/StructureDefinition/implementationguide-page","valueUri":"StructureDefinition-DocumentReferenceLE.html"}],"reference":{"reference":"StructureDefinition/DocumentReferenceLE"},"name":"DocumentReference LE","description":"DocumentReference LE","exampleBoolean":false,"groupingId":"-str-profile"},{"extension":[{"url":"http://hl7.org/fhir/StructureDefinition/implementationguide-page","valueUri":"StructureDefinition-EncounterAtenderLE.html"}],"reference":{"reference":"StructureDefinition/EncounterAtenderLE"},"name":"Encounter Atender LE","description":"Encounter Atender LE recurso que se utiliza para representar el encuentro médico, cuando se comienza a ejecutar la atención de la interconsulta.","exampleBoolean":false,"groupingId":"-str-profile"},{"extension":[{"url":"http://hl7.org/fhir/StructureDefinition/implementationguide-page","valueUri":"StructureDefinition-EncounterInicioLE.html"}],"reference":{"reference":"StructureDefinition/EncounterInicioLE"},"name":"Encounter Inicio LE","description":"Encounter Inicio LE recurso que se utiliza para representar el encuentro médico, que representa el encuentro de cuando se solicita la interconsulta.","exampleBoolean":false,"groupingId":"-str-profile"},{"extension":[{"url":"http://hl7.org/fhir/StructureDefinition/implementationguide-page","valueUri":"StructureDefinition-MessageHeaderLE.html"}],"reference":{"reference":"StructureDefinition/MessageHeaderLE"},"name":"MessageHeader LE","description":"MessageHeaderLE","exampleBoolean":false,"groupingId":"-str-profile"},{"extension":[{"url":"http://hl7.org/fhir/StructureDefinition/implementationguide-page","valueUri":"StructureDefinition-ObservationAtenderLE.html"}],"reference":{"reference":"StructureDefinition/ObservationAtenderLE"},"name":"Observation Atender LE","description":"ObservationAtender LE","exampleBoolean":false,"groupingId":"-str-profile"},{"extension":[{"url":"http://hl7.org/fhir/StructureDefinition/implementationguide-page","valueUri":"StructureDefinition-ObservationInicioLE.html"}],"reference":{"reference":"StructureDefinition/ObservationInicioLE"},"name":"Observation Inicio LE","description":"Observation Inicio LE, recurso que permite agregar los examenes en el evento de inicio.","exampleBoolean":false,"groupingId":"-str-profile"},{"extension":[{"url":"http://hl7.org/fhir/StructureDefinition/implementationguide-page","valueUri":"StructureDefinition-OrganizationLE.html"}],"reference":{"reference":"StructureDefinition/OrganizationLE"},"name":"Organization LE","description":"Organization LE","exampleBoolean":false,"groupingId":"-str-profile"},{"extension":[{"url":"http://hl7.org/fhir/StructureDefinition/implementationguide-page","valueUri":"StructureDefinition-PatientLE.html"}],"reference":{"reference":"StructureDefinition/PatientLE"},"name":"Paciente LE","description":"Paciente LE recurso que se utiliza para representar la información de identificación del paciente.","exampleBoolean":false,"groupingId":"-str-profile"},{"extension":[{"url":"http://hl7.org/fhir/StructureDefinition/implementationguide-page","valueUri":"StructureDefinition-PractitionerLE.html"}],"reference":{"reference":"StructureDefinition/PractitionerLE"},"name":"Practitioner LE","description":"Practitioner LE recurso que se utiliza para representar la información de identificación del profesional de la salud.","exampleBoolean":false,"groupingId":"-str-profile"},{"extension":[{"url":"http://hl7.org/fhir/StructureDefinition/implementationguide-page","valueUri":"StructureDefinition-PractitionerRoleLE.html"}],"reference":{"reference":"StructureDefinition/PractitionerRoleLE"},"name":"PractitionerRole LE","description":"PractitionerRole LE recurso que se utiliza para representar la información de roles, especialidades o subespecialidades de un profesional de la salud.","exampleBoolean":false,"groupingId":"-str-profile"},{"extension":[{"url":"http://hl7.org/fhir/StructureDefinition/implementationguide-page","valueUri":"StructureDefinition-QuestionnaireResponseInicioLE.html"}],"reference":{"reference":"StructureDefinition/QuestionnaireResponseInicioLE"},"name":"QuestionnaireResponse Inicio LE","description":"QuestionnaireResponse Inicio LE","exampleBoolean":false,"groupingId":"-str-profile"},{"extension":[{"url":"http://hl7.org/fhir/StructureDefinition/implementationguide-page","valueUri":"StructureDefinition-ServiceRequestLE.html"}],"reference":{"reference":"StructureDefinition/ServiceRequestLE"},"name":"ServiceRequest LE","description":"ServiceRequest LE recurso utilizado para la representación de los datos de la interconsulta.","exampleBoolean":false,"groupingId":"-str-profile"},{"extension":[{"url":"http://hl7.org/fhir/StructureDefinition/implementationguide-page","valueUri":"StructureDefinition-Contactado.html"}],"reference":{"reference":"StructureDefinition/Contactado"},"name":"Contactado","description":"Contactado","exampleBoolean":false,"groupingId":"-str-extension"},{"extension":[{"url":"http://hl7.org/fhir/StructureDefinition/implementationguide-page","valueUri":"StructureDefinition-DestinoAtencionCodigo.html"}],"reference":{"reference":"StructureDefinition/DestinoAtencionCodigo"},"name":"Destino Atención Codigo","description":"Destino Atención Codigo","exampleBoolean":false,"groupingId":"-str-extension"},{"extension":[{"url":"http://hl7.org/fhir/StructureDefinition/implementationguide-page","valueUri":"StructureDefinition-DigitoVerificador.html"}],"reference":{"reference":"StructureDefinition/DigitoVerificador"},"name":"DigitoVerificador","description":"DigitoVerificador","exampleBoolean":false,"groupingId":"-str-extension"},{"extension":[{"url":"http://hl7.org/fhir/StructureDefinition/implementationguide-page","valueUri":"StructureDefinition-DocAcreditacionCuidadorCodigoLE.html"}],"reference":{"reference":"StructureDefinition/DocAcreditacionCuidadorCodigoLE"},"name":"Doc Acreditacion Cuidador","description":"Doc Acreditacion Cuidador","exampleBoolean":false,"groupingId":"-str-extension"},{"extension":[{"url":"http://hl7.org/fhir/StructureDefinition/implementationguide-page","valueUri":"StructureDefinition-EspecialidadMedicaDestinoCodigo.html"}],"reference":{"reference":"StructureDefinition/EspecialidadMedicaDestinoCodigo"},"name":"Especialidad Médica Destino Código","description":"Especialidad Médica Destino Código","exampleBoolean":false,"groupingId":"-str-extension"},{"extension":[{"url":"http://hl7.org/fhir/StructureDefinition/implementationguide-page","valueUri":"StructureDefinition-EstadoInterconsultaCodigoLE.html"}],"reference":{"reference":"StructureDefinition/EstadoInterconsultaCodigoLE"},"name":"Estado Interconsulta Codigo","description":"Estado Interconsulta Codigo","exampleBoolean":false,"groupingId":"-str-extension"},{"extension":[{"url":"http://hl7.org/fhir/StructureDefinition/implementationguide-page","valueUri":"StructureDefinition-ExtBool.html"}],"reference":{"reference":"StructureDefinition/ExtBool"},"name":"ExtBool","description":"ExtBool","exampleBoolean":false,"groupingId":"-str-extension"},{"extension":[{"url":"http://hl7.org/fhir/StructureDefinition/implementationguide-page","valueUri":"StructureDefinition-ExtBoolAfrodescendiente.html"}],"reference":{"reference":"StructureDefinition/ExtBoolAfrodescendiente"},"name":"ExtBool Afrodescendiente","description":"ExtBool Afrodescendiente","exampleBoolean":false,"groupingId":"-str-extension"},{"extension":[{"url":"http://hl7.org/fhir/StructureDefinition/implementationguide-page","valueUri":"StructureDefinition-ExtBoolAlergia.html"}],"reference":{"reference":"StructureDefinition/ExtBoolAlergia"},"name":"ExtBool Alergia","description":"ExtBool Alergia","exampleBoolean":false,"groupingId":"-str-extension"},{"extension":[{"url":"http://hl7.org/fhir/StructureDefinition/implementationguide-page","valueUri":"StructureDefinition-ExtBoolCuidador.html"}],"reference":{"reference":"StructureDefinition/ExtBoolCuidador"},"name":"ExtBool Cuidador","description":"ExtBool Cuidador","exampleBoolean":false,"groupingId":"-str-extension"},{"extension":[{"url":"http://hl7.org/fhir/StructureDefinition/implementationguide-page","valueUri":"StructureDefinition-ExtBoolPersonaMayor.html"}],"reference":{"reference":"StructureDefinition/ExtBoolPersonaMayor"},"name":"ExtBool PersonaMayor","description":"ExtBool PersonaMayor","exampleBoolean":false,"groupingId":"-str-extension"},{"extension":[{"url":"http://hl7.org/fhir/StructureDefinition/implementationguide-page","valueUri":"StructureDefinition-ExtBoolPertinenciaAtencionBox.html"}],"reference":{"reference":"StructureDefinition/ExtBoolPertinenciaAtencionBox"},"name":"ExtBool Pertinencia Atencion Box","description":"ExtBool Pertinencia Atencion Box","exampleBoolean":false,"groupingId":"-str-extension"},{"extension":[{"url":"http://hl7.org/fhir/StructureDefinition/implementationguide-page","valueUri":"StructureDefinition-ExtBoolPresentaDiscapacidad.html"}],"reference":{"reference":"StructureDefinition/ExtBoolPresentaDiscapacidad"},"name":"ExtBool PresentaDiscapacidad","description":"ExtBool PresentaDiscapacidad","exampleBoolean":false,"groupingId":"-str-extension"},{"extension":[{"url":"http://hl7.org/fhir/StructureDefinition/implementationguide-page","valueUri":"StructureDefinition-ExtBoolRequiereExamen.html"}],"reference":{"reference":"StructureDefinition/ExtBoolRequiereExamen"},"name":"ExtBool RequiereExamen","description":"ExtBool RequiereExamen","exampleBoolean":false,"groupingId":"-str-extension"},{"extension":[{"url":"http://hl7.org/fhir/StructureDefinition/implementationguide-page","valueUri":"StructureDefinition-ExtBoolResolutividadAPS.html"}],"reference":{"reference":"StructureDefinition/ExtBoolResolutividadAPS"},"name":"ExtBool ResolutividadAPS","description":"ExtBool ResolutividadAPS","exampleBoolean":false,"groupingId":"-str-extension"},{"extension":[{"url":"http://hl7.org/fhir/StructureDefinition/implementationguide-page","valueUri":"StructureDefinition-ExtBoolSolicitudExamenes.html"}],"reference":{"reference":"StructureDefinition/ExtBoolSolicitudExamenes"},"name":"ExtBool Solicitud Examenes","description":"ExtBool Solicitud Examenes","exampleBoolean":false,"groupingId":"-str-extension"},{"extension":[{"url":"http://hl7.org/fhir/StructureDefinition/implementationguide-page","valueUri":"StructureDefinition-ExtInteger.html"}],"reference":{"reference":"StructureDefinition/ExtInteger"},"name":"ExtInteger","description":"ExtInteger","exampleBoolean":false,"groupingId":"-str-extension"},{"extension":[{"url":"http://hl7.org/fhir/StructureDefinition/implementationguide-page","valueUri":"StructureDefinition-ExtStringFundamentoPriorizacion.html"}],"reference":{"reference":"StructureDefinition/ExtStringFundamentoPriorizacion"},"name":"ExtStringFundamentoPriorizacion","exampleBoolean":false,"groupingId":"-str-extension"},{"extension":[{"url":"http://hl7.org/fhir/StructureDefinition/implementationguide-page","valueUri":"StructureDefinition-ExtStringMotivoNoPertinencia.html"}],"reference":{"reference":"StructureDefinition/ExtStringMotivoNoPertinencia"},"name":"ExtString MotivoNoPertinencia","description":"ExtString MotivoNoPertinencia","exampleBoolean":false,"groupingId":"-str-extension"},{"extension":[{"url":"http://hl7.org/fhir/StructureDefinition/implementationguide-page","valueUri":"StructureDefinition-IdentidadGenero.html"}],"reference":{"reference":"StructureDefinition/IdentidadGenero"},"name":"Identidad de genero","description":"Identidad de genero","exampleBoolean":false,"groupingId":"-str-extension"},{"extension":[{"url":"http://hl7.org/fhir/StructureDefinition/implementationguide-page","valueUri":"StructureDefinition-MedioNotificacion.html"}],"reference":{"reference":"StructureDefinition/MedioNotificacion"},"name":"MedioNotificacion","description":"MedioNotificacion","exampleBoolean":false,"groupingId":"-str-extension"},{"extension":[{"url":"http://hl7.org/fhir/StructureDefinition/implementationguide-page","valueUri":"StructureDefinition-MotivoCierreInterconsulta.html"}],"reference":{"reference":"StructureDefinition/MotivoCierreInterconsulta"},"name":"Motivo Cierre Interconsulta","description":"Motivo Cierre Interconsulta","exampleBoolean":false,"groupingId":"-str-extension"},{"extension":[{"url":"http://hl7.org/fhir/StructureDefinition/implementationguide-page","valueUri":"StructureDefinition-NacionalidadCodigo.html"}],"reference":{"reference":"StructureDefinition/NacionalidadCodigo"},"name":"Codigo de Identificación de Nacionalidad","description":"Esta extensión incluye códigos de las Nacionalidades","exampleBoolean":false,"groupingId":"-str-extension"},{"extension":[{"url":"http://hl7.org/fhir/StructureDefinition/implementationguide-page","valueUri":"StructureDefinition-OrigenInterconsulta.html"}],"reference":{"reference":"StructureDefinition/OrigenInterconsulta"},"name":"Origen Interconsulta","description":"Origen Interconsulta","exampleBoolean":false,"groupingId":"-str-extension"},{"extension":[{"url":"http://hl7.org/fhir/StructureDefinition/implementationguide-page","valueUri":"StructureDefinition-CodigoPaises.html"}],"reference":{"reference":"StructureDefinition/CodigoPaises"},"name":"Codigo de Identificación de países","description":"Esta extensión incluye códigos de paises de origen","exampleBoolean":false,"groupingId":"-str-extension"},{"extension":[{"url":"http://hl7.org/fhir/StructureDefinition/implementationguide-page","valueUri":"StructureDefinition-PertinenciaInterconsulta.html"}],"reference":{"reference":"StructureDefinition/PertinenciaInterconsulta"},"name":"Pertinencia Interconsulta","description":"Pertinencia Interconsulta","exampleBoolean":false,"groupingId":"-str-extension"},{"extension":[{"url":"http://hl7.org/fhir/StructureDefinition/implementationguide-page","valueUri":"StructureDefinition-PuebloIndigena.html"}],"reference":{"reference":"StructureDefinition/PuebloIndigena"},"name":"Etnia a la cual pertenece","description":"Etnia a la cual pertenece","exampleBoolean":false,"groupingId":"-str-extension"},{"extension":[{"url":"http://hl7.org/fhir/StructureDefinition/implementationguide-page","valueUri":"StructureDefinition-SegundoApellido.html"}],"reference":{"reference":"StructureDefinition/SegundoApellido"},"name":"Segundo Apellido","description":"Segundo Apellido","exampleBoolean":false,"groupingId":"-str-extension"},{"extension":[{"url":"http://hl7.org/fhir/StructureDefinition/implementationguide-page","valueUri":"StructureDefinition-SospechaPatologiaGes.html"}],"reference":{"reference":"StructureDefinition/SospechaPatologiaGes"},"name":"SospechaPatologiaGes","description":"SospechaPatologiaGes","exampleBoolean":false,"groupingId":"-str-extension"},{"extension":[{"url":"http://hl7.org/fhir/StructureDefinition/implementationguide-page","valueUri":"StructureDefinition-SubEspecialidadMedicaDestinoCodigo.html"}],"reference":{"reference":"StructureDefinition/SubEspecialidadMedicaDestinoCodigo"},"name":"SubEspecialidad Médica Destino Código","description":"SubEspecialidad Médica Destino Código","exampleBoolean":false,"groupingId":"-str-extension"},{"extension":[{"url":"http://hl7.org/fhir/StructureDefinition/implementationguide-page","valueUri":"StructureDefinition-TipoOtroTelefono.html"}],"reference":{"reference":"StructureDefinition/TipoOtroTelefono"},"name":"TipoOtroTelefono","description":"TipoOtroTelefono","exampleBoolean":false,"groupingId":"-str-extension"},{"extension":[{"url":"http://hl7.org/fhir/StructureDefinition/implementationguide-page","valueUri":"ValueSet-CodPais.html"}],"reference":{"reference":"ValueSet/CodPais"},"name":"Códigos de Países","description":"Codigos definidos para la identificación de países segun norma ISO3166-N","exampleBoolean":false,"groupingId":"-term-valueset"},{"extension":[{"url":"http://hl7.org/fhir/StructureDefinition/implementationguide-page","valueUri":"ValueSet-VSDerivadoParaCodigo.html"}],"reference":{"reference":"ValueSet/VSDerivadoParaCodigo"},"name":"Derivado Para","description":"Derivado Para","exampleBoolean":false,"groupingId":"-term-valueset"},{"extension":[{"url":"http://hl7.org/fhir/StructureDefinition/implementationguide-page","valueUri":"ValueSet-VSDestinoAtencionCodigo.html"}],"reference":{"reference":"ValueSet/VSDestinoAtencionCodigo"},"name":"Destino Atención Codigo","description":"Destino Atención Codigo","exampleBoolean":false,"groupingId":"-term-valueset"},{"extension":[{"url":"http://hl7.org/fhir/StructureDefinition/implementationguide-page","valueUri":"ValueSet-VSDestinoReferenciaCodigo.html"}],"reference":{"reference":"ValueSet/VSDestinoReferenciaCodigo"},"name":"Destino Referencia Codigo","description":"Destino Referencia Codigo","exampleBoolean":false,"groupingId":"-term-valueset"},{"extension":[{"url":"http://hl7.org/fhir/StructureDefinition/implementationguide-page","valueUri":"ValueSet-VSDocAcreditacionCuidador.html"}],"reference":{"reference":"ValueSet/VSDocAcreditacionCuidador"},"name":"Documento Acreditacion Cuidador","description":"Documento Acreditacion Cuidador","exampleBoolean":false,"groupingId":"-term-valueset"},{"extension":[{"url":"http://hl7.org/fhir/StructureDefinition/implementationguide-page","valueUri":"ValueSet-VSEstablecimientoDestinoCodigo.html"}],"reference":{"reference":"ValueSet/VSEstablecimientoDestinoCodigo"},"name":"Establecimiento Destino Codigo","description":"Establecimiento Destino Codigo","exampleBoolean":false,"groupingId":"-term-valueset"},{"extension":[{"url":"http://hl7.org/fhir/StructureDefinition/implementationguide-page","valueUri":"ValueSet-VSEstadoInterconsulta.html"}],"reference":{"reference":"ValueSet/VSEstadoInterconsulta"},"name":"Estado Interconsulta","description":"Estado Interconsulta","exampleBoolean":false,"groupingId":"-term-valueset"},{"extension":[{"url":"http://hl7.org/fhir/StructureDefinition/implementationguide-page","valueUri":"ValueSet-VSIdentidaddeGenero.html"}],"reference":{"reference":"ValueSet/VSIdentidaddeGenero"},"name":"Identidad de Genero","description":"Identidad de Genero","exampleBoolean":false,"groupingId":"-term-valueset"},{"extension":[{"url":"http://hl7.org/fhir/StructureDefinition/implementationguide-page","valueUri":"ValueSet-VSIndicecomorbilidad.html"}],"reference":{"reference":"ValueSet/VSIndicecomorbilidad"},"name":"Indice Comorbilidad","description":"Indice Comorbilidad","exampleBoolean":false,"groupingId":"-term-valueset"},{"extension":[{"url":"http://hl7.org/fhir/StructureDefinition/implementationguide-page","valueUri":"ValueSet-VSMedioNotificacion.html"}],"reference":{"reference":"ValueSet/VSMedioNotificacion"},"name":"Medio Notificación","description":"Medio Notificación","exampleBoolean":false,"groupingId":"-term-valueset"},{"extension":[{"url":"http://hl7.org/fhir/StructureDefinition/implementationguide-page","valueUri":"ValueSet-VSModalidadAtencionCodigo.html"}],"reference":{"reference":"ValueSet/VSModalidadAtencionCodigo"},"name":"Modalidad Atencion Codigo","description":"Modalidad Atencion Codigo","exampleBoolean":false,"groupingId":"-term-valueset"},{"extension":[{"url":"http://hl7.org/fhir/StructureDefinition/implementationguide-page","valueUri":"ValueSet-VSMotivoCierreInterconsulta.html"}],"reference":{"reference":"ValueSet/VSMotivoCierreInterconsulta"},"name":"Motivo Cierre Interconsulta","description":"Motivo Cierre Interconsulta","exampleBoolean":false,"groupingId":"-term-valueset"},{"extension":[{"url":"http://hl7.org/fhir/StructureDefinition/implementationguide-page","valueUri":"ValueSet-VSMotivoNoContactabilidad.html"}],"reference":{"reference":"ValueSet/VSMotivoNoContactabilidad"},"name":"Motivo No Contactabilidad","description":"Motivo No Contactabilidad","exampleBoolean":false,"groupingId":"-term-valueset"},{"extension":[{"url":"http://hl7.org/fhir/StructureDefinition/implementationguide-page","valueUri":"ValueSet-VSPertinenciaInterconsulta.html"}],"reference":{"reference":"ValueSet/VSPertinenciaInterconsulta"},"name":"Pertinencia Interconsulta","description":"Pertinencia Interconsulta","exampleBoolean":false,"groupingId":"-term-valueset"},{"extension":[{"url":"http://hl7.org/fhir/StructureDefinition/implementationguide-page","valueUri":"ValueSet-VSPractitionerTipoRolLE.html"}],"reference":{"reference":"ValueSet/VSPractitionerTipoRolLE"},"name":"Rol de médicos","description":"Rol de médicos(Practitioner) en algún evento, durante la intercosulta.","exampleBoolean":false,"groupingId":"-term-valueset"},{"extension":[{"url":"http://hl7.org/fhir/StructureDefinition/implementationguide-page","valueUri":"ValueSet-VSPuebloIndigena.html"}],"reference":{"reference":"ValueSet/VSPuebloIndigena"},"name":"Pueblo Indigena","description":"Pueblo Indigena","exampleBoolean":false,"groupingId":"-term-valueset"},{"extension":[{"url":"http://hl7.org/fhir/StructureDefinition/implementationguide-page","valueUri":"ValueSet-VSSospechaPatologia.html"}],"reference":{"reference":"ValueSet/VSSospechaPatologia"},"name":"Sospecha Patologia","description":"Sospecha Patologia","exampleBoolean":false,"groupingId":"-term-valueset"},{"extension":[{"url":"http://hl7.org/fhir/StructureDefinition/implementationguide-page","valueUri":"ValueSet-VSSospechaPatologiaGes.html"}],"reference":{"reference":"ValueSet/VSSospechaPatologiaGes"},"name":"Sospecha Patologia Ges","description":"Sospecha Patologia Ges","exampleBoolean":false,"groupingId":"-term-valueset"},{"extension":[{"url":"http://hl7.org/fhir/StructureDefinition/implementationguide-page","valueUri":"ValueSet-VSTipoCodDiagnostica.html"}],"reference":{"reference":"ValueSet/VSTipoCodDiagnostica"},"name":"Tipo Codificación Diagnostica","description":"Tipo Codificación Diagnostica","exampleBoolean":false,"groupingId":"-term-valueset"},{"extension":[{"url":"http://hl7.org/fhir/StructureDefinition/implementationguide-page","valueUri":"ValueSet-VSTipoConsulta.html"}],"reference":{"reference":"ValueSet/VSTipoConsulta"},"name":"Tipo Consulta","description":"Tipo Consulta","exampleBoolean":false,"groupingId":"-term-valueset"},{"extension":[{"url":"http://hl7.org/fhir/StructureDefinition/implementationguide-page","valueUri":"ValueSet-VSTipoEventoLE.html"}],"reference":{"reference":"ValueSet/VSTipoEventoLE"},"name":"Tipo de Evento","description":"Tipo de evento en la interconsulta","exampleBoolean":false,"groupingId":"-term-valueset"},{"extension":[{"url":"http://hl7.org/fhir/StructureDefinition/implementationguide-page","valueUri":"ValueSet-VSTipoIdentificador.html"}],"reference":{"reference":"ValueSet/VSTipoIdentificador"},"name":"Tipo Identificador","description":"Tipo Identificador","exampleBoolean":false,"groupingId":"-term-valueset"},{"extension":[{"url":"http://hl7.org/fhir/StructureDefinition/implementationguide-page","valueUri":"ValueSet-VSTipoOtroTelefono.html"}],"reference":{"reference":"ValueSet/VSTipoOtroTelefono"},"name":"Tipo Otro Telefono","description":"Tipo Otro Telefono","exampleBoolean":false,"groupingId":"-term-valueset"},{"extension":[{"url":"http://hl7.org/fhir/StructureDefinition/implementationguide-page","valueUri":"ValueSet-VSinterconsulta.html"}],"reference":{"reference":"ValueSet/VSinterconsulta"},"name":"Interconsulta","description":"Interconsulta","exampleBoolean":false,"groupingId":"-term-valueset"},{"extension":[{"url":"http://hl7.org/fhir/StructureDefinition/implementationguide-page","valueUri":"CodeSystem-CSDerivadoParaCodigo.html"}],"reference":{"reference":"CodeSystem/CSDerivadoParaCodigo"},"name":"Derivado Para","description":"Derivado Para","exampleBoolean":false,"groupingId":"-term-codesystem"},{"extension":[{"url":"http://hl7.org/fhir/StructureDefinition/implementationguide-page","valueUri":"CodeSystem-CSDestinoAtencionCodigo.html"}],"reference":{"reference":"CodeSystem/CSDestinoAtencionCodigo"},"name":"Destino Atención Codigo","description":"Destino Atención Codigo","exampleBoolean":false,"groupingId":"-term-codesystem"},{"extension":[{"url":"http://hl7.org/fhir/StructureDefinition/implementationguide-page","valueUri":"CodeSystem-CSDestinoReferenciaCodigo.html"}],"reference":{"reference":"CodeSystem/CSDestinoReferenciaCodigo"},"name":"Destino Referencia Codigo","description":"Destino Referencia Codigo","exampleBoolean":false,"groupingId":"-term-codesystem"},{"extension":[{"url":"http://hl7.org/fhir/StructureDefinition/implementationguide-page","valueUri":"CodeSystem-CSDocAcreditacionCuidador.html"}],"reference":{"reference":"CodeSystem/CSDocAcreditacionCuidador"},"name":"Documento Acreditacion Cuidador","description":"Documento Acreditacion Cuidador","exampleBoolean":false,"groupingId":"-term-codesystem"},{"extension":[{"url":"http://hl7.org/fhir/StructureDefinition/implementationguide-page","valueUri":"CodeSystem-CSEstablecimientoDestinoCodigo.html"}],"reference":{"reference":"CodeSystem/CSEstablecimientoDestinoCodigo"},"name":"Establecimiento Destino Codigo","description":"Establecimiento Destino Codigo","exampleBoolean":false,"groupingId":"-term-codesystem"},{"extension":[{"url":"http://hl7.org/fhir/StructureDefinition/implementationguide-page","valueUri":"CodeSystem-CSEstadoInterconsulta.html"}],"reference":{"reference":"CodeSystem/CSEstadoInterconsulta"},"name":"Estado Interconsulta","description":"Estado Interconsulta","exampleBoolean":false,"groupingId":"-term-codesystem"},{"extension":[{"url":"http://hl7.org/fhir/StructureDefinition/implementationguide-page","valueUri":"CodeSystem-CSIdentidaddeGenero.html"}],"reference":{"reference":"CodeSystem/CSIdentidaddeGenero"},"name":"Identidad de Genero","description":"Identidad de Genero","exampleBoolean":false,"groupingId":"-term-codesystem"},{"extension":[{"url":"http://hl7.org/fhir/StructureDefinition/implementationguide-page","valueUri":"CodeSystem-CSIndicecomorbilidad.html"}],"reference":{"reference":"CodeSystem/CSIndicecomorbilidad"},"name":"Indice Comorbilidad","description":"Indice Comorbilidad","exampleBoolean":false,"groupingId":"-term-codesystem"},{"extension":[{"url":"http://hl7.org/fhir/StructureDefinition/implementationguide-page","valueUri":"CodeSystem-CSMedioNotificacion.html"}],"reference":{"reference":"CodeSystem/CSMedioNotificacion"},"name":"Medio Notificación","description":"Medio Notificación","exampleBoolean":false,"groupingId":"-term-codesystem"},{"extension":[{"url":"http://hl7.org/fhir/StructureDefinition/implementationguide-page","valueUri":"CodeSystem-CSModalidadAtencionCodigo.html"}],"reference":{"reference":"CodeSystem/CSModalidadAtencionCodigo"},"name":"Modalidad Atencion Codigo","description":"Modalidad Atencion Codigo","exampleBoolean":false,"groupingId":"-term-codesystem"},{"extension":[{"url":"http://hl7.org/fhir/StructureDefinition/implementationguide-page","valueUri":"CodeSystem-CSMotivoCierreInterconsulta.html"}],"reference":{"reference":"CodeSystem/CSMotivoCierreInterconsulta"},"name":"Motivo Cierre Interconsulta","description":"Motivo Cierre Interconsulta","exampleBoolean":false,"groupingId":"-term-codesystem"},{"extension":[{"url":"http://hl7.org/fhir/StructureDefinition/implementationguide-page","valueUri":"CodeSystem-CSMotivoNoContactabilidad.html"}],"reference":{"reference":"CodeSystem/CSMotivoNoContactabilidad"},"name":"Motivo No Contactabilidad","description":"Motivo No Contactabilidad","exampleBoolean":false,"groupingId":"-term-codesystem"},{"extension":[{"url":"http://hl7.org/fhir/StructureDefinition/implementationguide-page","valueUri":"CodeSystem-CSPertinenciaInterconsulta.html"}],"reference":{"reference":"CodeSystem/CSPertinenciaInterconsulta"},"name":"Pertinencia Interconsulta","description":"Pertinencia Interconsulta","exampleBoolean":false,"groupingId":"-term-codesystem"},{"extension":[{"url":"http://hl7.org/fhir/StructureDefinition/implementationguide-page","valueUri":"CodeSystem-CSPractitionerTipoRolLE.html"}],"reference":{"reference":"CodeSystem/CSPractitionerTipoRolLE"},"name":"Rol de médicos","description":"CodeSystem con códigos definidos para representar cada rol de los médicos dentro de la interconsulta","exampleBoolean":false,"groupingId":"-term-codesystem"},{"extension":[{"url":"http://hl7.org/fhir/StructureDefinition/implementationguide-page","valueUri":"CodeSystem-CSPuebloIndigena.html"}],"reference":{"reference":"CodeSystem/CSPuebloIndigena"},"name":"Pueblo Indigena","description":"Pueblo Indigena","exampleBoolean":false,"groupingId":"-term-codesystem"},{"extension":[{"url":"http://hl7.org/fhir/StructureDefinition/implementationguide-page","valueUri":"CodeSystem-CSSospechaPatologia.html"}],"reference":{"reference":"CodeSystem/CSSospechaPatologia"},"name":"Sospecha Patologia","description":"Sospecha Patologia","exampleBoolean":false,"groupingId":"-term-codesystem"},{"extension":[{"url":"http://hl7.org/fhir/StructureDefinition/implementationguide-page","valueUri":"CodeSystem-CSSospechaPatologiaGes.html"}],"reference":{"reference":"CodeSystem/CSSospechaPatologiaGes"},"name":"Sospecha Patologia Ges","description":"Sospecha Patologia Ges","exampleBoolean":false,"groupingId":"-term-codesystem"},{"extension":[{"url":"http://hl7.org/fhir/StructureDefinition/implementationguide-page","valueUri":"CodeSystem-CSTipoCodDiagnostica.html"}],"reference":{"reference":"CodeSystem/CSTipoCodDiagnostica"},"name":"Tipo Codificación Diagnostica","description":"Tipo Codificación Diagnostica","exampleBoolean":false,"groupingId":"-term-codesystem"},{"extension":[{"url":"http://hl7.org/fhir/StructureDefinition/implementationguide-page","valueUri":"CodeSystem-CSTipoConsulta.html"}],"reference":{"reference":"CodeSystem/CSTipoConsulta"},"name":"Tipo Consulta","description":"Tipo Consulta","exampleBoolean":false,"groupingId":"-term-codesystem"},{"extension":[{"url":"http://hl7.org/fhir/StructureDefinition/implementationguide-page","valueUri":"CodeSystem-CSTipoEventoLE.html"}],"reference":{"reference":"CodeSystem/CSTipoEventoLE"},"name":"Tipo de Evento","description":"CodeSystem con códigos definidos para representar cada evento en la interconsulta","exampleBoolean":false,"groupingId":"-term-codesystem"},{"extension":[{"url":"http://hl7.org/fhir/StructureDefinition/implementationguide-page","valueUri":"CodeSystem-CSTipoIdentificador.html"}],"reference":{"reference":"CodeSystem/CSTipoIdentificador"},"name":"Tipo Identificador","description":"Tipo Identificador","exampleBoolean":false,"groupingId":"-term-codesystem"},{"extension":[{"url":"http://hl7.org/fhir/StructureDefinition/implementationguide-page","valueUri":"CodeSystem-CSTipoOtroTelefono.html"}],"reference":{"reference":"CodeSystem/CSTipoOtroTelefono"},"name":"Tipo Otro Telefono","description":"Tipo Otro Telefono","exampleBoolean":false,"groupingId":"-term-codesystem"},{"extension":[{"url":"http://hl7.org/fhir/StructureDefinition/implementationguide-page","valueUri":"CodeSystem-CSinterconsulta.html"}],"reference":{"reference":"CodeSystem/CSinterconsulta"},"name":"Interconsulta","description":"Interconsulta","exampleBoolean":false,"groupingId":"-term-codesystem"},{"extension":[{"url":"http://hl7.org/fhir/StructureDefinition/implementationguide-page","valueUri":"AllergyIntolerance-EjemploAllergyIntolerance.html"}],"reference":{"reference":"AllergyIntolerance/EjemploAllergyIntolerance"},"name":"Ejemplo de AllergyIntolerance Evento de Inicio","exampleCanonical":"http://minsal.cl/listaespera/StructureDefinition/AllergyIntoleranceInicioLE","groupingId":"-ex-example"},{"extension":[{"url":"http://hl7.org/fhir/StructureDefinition/implementationguide-page","valueUri":"Appointment-EjemploAppointment.html"}],"reference":{"reference":"Appointment/EjemploAppointment"},"name":"Ejemplo de Appointment Evento de Inicio","exampleCanonical":"http://minsal.cl/listaespera/StructureDefinition/AppointmentInicioLE","groupingId":"-ex-example"},{"extension":[{"url":"http://hl7.org/fhir/StructureDefinition/implementationguide-page","valueUri":"Bundle-EjemploBundleInicio.html"}],"reference":{"reference":"Bundle/EjemploBundleInicio"},"name":"Ejemplo de Bundle Evento de Inicio","description":"Ejemplo de Bundle Evento de Inicio","exampleCanonical":"http://minsal.cl/listaespera/StructureDefinition/BundleInicioLE","groupingId":"-ex-example"},{"extension":[{"url":"http://hl7.org/fhir/StructureDefinition/implementationguide-page","valueUri":"Bundle-EjemploBundleReferencia.html"}],"reference":{"reference":"Bundle/EjemploBundleReferencia"},"name":"Ejemplo de Bundle Evento de Referencia","exampleCanonical":"http://minsal.cl/listaespera/StructureDefinition/BundleReferenciaLE","groupingId":"-ex-example"},{"extension":[{"url":"http://hl7.org/fhir/StructureDefinition/implementationguide-page","valueUri":"Condition-EjemploCondition.html"}],"reference":{"reference":"Condition/EjemploCondition"},"name":"Ejemplo de Condition1 Evento de Inicio","exampleCanonical":"http://minsal.cl/listaespera/StructureDefinition/ConditionInicioDiagnosticoSospechaLE","groupingId":"-ex-example"},{"extension":[{"url":"http://hl7.org/fhir/StructureDefinition/implementationguide-page","valueUri":"Condition-EjemploCondition2.html"}],"reference":{"reference":"Condition/EjemploCondition2"},"name":"Ejemplo de Condition2 Evento de Inicio","exampleCanonical":"http://minsal.cl/listaespera/StructureDefinition/ConditionInicioIndiceComorbilidadLE","groupingId":"-ex-example"},{"extension":[{"url":"http://hl7.org/fhir/StructureDefinition/implementationguide-page","valueUri":"Condition-EjemploCondition3.html"}],"reference":{"reference":"Condition/EjemploCondition3"},"name":"Ejemplo de Condition3 Evento de Inicio","exampleCanonical":"http://minsal.cl/listaespera/StructureDefinition/ConditionInicioSospechaGesLE","groupingId":"-ex-example"},{"extension":[{"url":"http://hl7.org/fhir/StructureDefinition/implementationguide-page","valueUri":"Encounter-EjemploEncounter.html"}],"reference":{"reference":"Encounter/EjemploEncounter"},"name":"Ejemplo de Encounter Evento de Inicio","exampleCanonical":"http://minsal.cl/listaespera/StructureDefinition/EncounterInicioLE","groupingId":"-ex-example"},{"extension":[{"url":"http://hl7.org/fhir/StructureDefinition/implementationguide-page","valueUri":"MessageHeader-EjemploMessageHeader.html"}],"reference":{"reference":"MessageHeader/EjemploMessageHeader"},"name":"Ejemplo de MesaggeHeader Evento de Inicio","exampleCanonical":"http://minsal.cl/listaespera/StructureDefinition/MessageHeaderLE","groupingId":"-ex-example"},{"extension":[{"url":"http://hl7.org/fhir/StructureDefinition/implementationguide-page","valueUri":"MessageHeader-EjemploMessageHeaderReferencia.html"}],"reference":{"reference":"MessageHeader/EjemploMessageHeaderReferencia"},"name":"Ejemplo de MesaggeHeader Evento de Referencia","exampleCanonical":"http://minsal.cl/listaespera/StructureDefinition/MessageHeaderLE","groupingId":"-ex-example"},{"extension":[{"url":"http://hl7.org/fhir/StructureDefinition/implementationguide-page","valueUri":"Observation-EjemploObservation.html"}],"reference":{"reference":"Observation/EjemploObservation"},"name":"Ejemplo de Observation Evento de Inicio","exampleCanonical":"http://minsal.cl/listaespera/StructureDefinition/ObservationInicioLE","groupingId":"-ex-example"},{"extension":[{"url":"http://hl7.org/fhir/StructureDefinition/implementationguide-page","valueUri":"Organization-EjemploOrganization.html"}],"reference":{"reference":"Organization/EjemploOrganization"},"name":"Ejemplo de Organization Evento de Inicio","exampleBoolean":true,"groupingId":"-ex-example"},{"extension":[{"url":"http://hl7.org/fhir/StructureDefinition/implementationguide-page","valueUri":"Organization-EjemploOrganizationReferencia1.html"}],"reference":{"reference":"Organization/EjemploOrganizationReferencia1"},"name":"Ejemplo de Organization Evento de Inicio","exampleBoolean":true,"groupingId":"-ex-example"},{"extension":[{"url":"http://hl7.org/fhir/StructureDefinition/implementationguide-page","valueUri":"Organization-EjemploOrganizationReferencia2.html"}],"reference":{"reference":"Organization/EjemploOrganizationReferencia2"},"name":"Ejemplo de Organization Evento de Inicio","exampleBoolean":true,"groupingId":"-ex-example"},{"extension":[{"url":"http://hl7.org/fhir/StructureDefinition/implementationguide-page","valueUri":"Patient-EjemploPatient.html"}],"reference":{"reference":"Patient/EjemploPatient"},"name":"Ejemplo de Patient Evento de Inicio","exampleCanonical":"http://minsal.cl/listaespera/StructureDefinition/PatientLE","groupingId":"-ex-example"},{"extension":[{"url":"http://hl7.org/fhir/StructureDefinition/implementationguide-page","valueUri":"Practitioner-EjemploPractitioner.html"}],"reference":{"reference":"Practitioner/EjemploPractitioner"},"name":"Ejemplo de Practitioner Evento de Inicio","exampleCanonical":"http://minsal.cl/listaespera/StructureDefinition/PractitionerLE","groupingId":"-ex-example"},{"extension":[{"url":"http://hl7.org/fhir/StructureDefinition/implementationguide-page","valueUri":"Practitioner-EjemploPractitionerReferencia.html"}],"reference":{"reference":"Practitioner/EjemploPractitionerReferencia"},"name":"Ejemplo de Practitioner Evento de Referencia","exampleCanonical":"http://minsal.cl/listaespera/StructureDefinition/PractitionerLE","groupingId":"-ex-example"},{"extension":[{"url":"http://hl7.org/fhir/StructureDefinition/implementationguide-page","valueUri":"PractitionerRole-EjemploPractitionerRole.html"}],"reference":{"reference":"PractitionerRole/EjemploPractitionerRole"},"name":"Ejemplo de PractitionerRole Evento de Inicio","exampleCanonical":"http://minsal.cl/listaespera/StructureDefinition/PractitionerRoleLE","groupingId":"-ex-example"},{"extension":[{"url":"http://hl7.org/fhir/StructureDefinition/implementationguide-page","valueUri":"PractitionerRole-EjemploPractitionerRoleReferencia.html"}],"reference":{"reference":"PractitionerRole/EjemploPractitionerRoleReferencia"},"name":"Ejemplo de PractitionerRole Evento de Referencia","exampleCanonical":"http://minsal.cl/listaespera/StructureDefinition/PractitionerRoleLE","groupingId":"-ex-example"},{"extension":[{"url":"http://hl7.org/fhir/StructureDefinition/implementationguide-page","valueUri":"QuestionnaireResponse-EjemploQuestionnaireResponse.html"}],"reference":{"reference":"QuestionnaireResponse/EjemploQuestionnaireResponse"},"name":"Ejemplo de QuestionnaireResponseEvento de Inicio","exampleCanonical":"http://minsal.cl/listaespera/StructureDefinition/QuestionnaireResponseInicioLE","groupingId":"-ex-example"},{"extension":[{"url":"http://hl7.org/fhir/StructureDefinition/implementationguide-page","valueUri":"ServiceRequest-EjemploServiceRequest.html"}],"reference":{"reference":"ServiceRequest/EjemploServiceRequest"},"name":"Ejemplo de Service Request Evento de Inicio","exampleCanonical":"http://minsal.cl/listaespera/StructureDefinition/ServiceRequestLE","groupingId":"-ex-example"},{"extension":[{"url":"http://hl7.org/fhir/StructureDefinition/implementationguide-page","valueUri":"ServiceRequest-EjemploServiceRequest2.html"}],"reference":{"reference":"ServiceRequest/EjemploServiceRequest2"},"name":"Ejemplo de Service Request 2","exampleCanonical":"http://minsal.cl/listaespera/StructureDefinition/ServiceRequestLE","groupingId":"-ex-example"},{"extension":[{"url":"http://hl7.org/fhir/StructureDefinition/implementationguide-page","valueUri":"ServiceRequest-EjemploServiceRequestReferencia.html"}],"reference":{"reference":"ServiceRequest/EjemploServiceRequestReferencia"},"name":"Ejemplo de Service Request Evento de Referencia","exampleCanonical":"http://minsal.cl/listaespera/StructureDefinition/ServiceRequestLE","groupingId":"-ex-example"}],"page":{"extension":[{"url":"http://hl7.org/fhir/tools/StructureDefinition/ig-page-name","valueUrl":"toc.html"}],"nameUrl":"toc.html","title":"Table of Contents","generation":"html","page":[{"extension":[{"url":"http://hl7.org/fhir/tools/StructureDefinition/ig-page-name","valueUrl":"index.html"}],"nameUrl":"index.html","title":"Home","generation":"markdown"},{"extension":[{"url":"http://hl7.org/fhir/tools/StructureDefinition/ig-page-name","valueUrl":"Actores.html"}],"nameUrl":"Actores.html","title":"Actores","generation":"markdown"},{"extension":[{"url":"http://hl7.org/fhir/tools/StructureDefinition/ig-page-name","valueUrl":"artifacts-Intro.html"}],"nameUrl":"artifacts-Intro.html","title":"Artifacts Intro","generation":"markdown"},{"extension":[{"url":"http://hl7.org/fhir/tools/StructureDefinition/ig-page-name","valueUrl":"Casosdeuso.html"}],"nameUrl":"Casosdeuso.html","title":"Casosdeuso","generation":"markdown"},{"extension":[{"url":"http://hl7.org/fhir/tools/StructureDefinition/ig-page-name","valueUrl":"EspecificacionesTecnicas.html"}],"nameUrl":"EspecificacionesTecnicas.html","title":"Especificaciones Tecnicas","generation":"markdown"},{"extension":[{"url":"http://hl7.org/fhir/tools/StructureDefinition/ig-page-name","valueUrl":"EventoAgendar.html"}],"nameUrl":"EventoAgendar.html","title":"Evento Agendar","generation":"markdown"},{"extension":[{"url":"http://hl7.org/fhir/tools/StructureDefinition/ig-page-name","valueUrl":"EventoAtender.html"}],"nameUrl":"EventoAtender.html","title":"Evento Atender","generation":"markdown"},{"extension":[{"url":"http://hl7.org/fhir/tools/StructureDefinition/ig-page-name","valueUrl":"EventoInicio.html"}],"nameUrl":"EventoInicio.html","title":"Evento Inicio","generation":"markdown"},{"extension":[{"url":"http://hl7.org/fhir/tools/StructureDefinition/ig-page-name","valueUrl":"EventoReferenciada.html"}],"nameUrl":"EventoReferenciada.html","title":"Evento Referenciada","generation":"markdown"},{"extension":[{"url":"http://hl7.org/fhir/tools/StructureDefinition/ig-page-name","valueUrl":"EventoRevisar.html"}],"nameUrl":"EventoRevisar.html","title":"Evento Revisar","generation":"markdown"},{"extension":[{"url":"http://hl7.org/fhir/tools/StructureDefinition/ig-page-name","valueUrl":"Eventos.html"}],"nameUrl":"Eventos.html","title":"Eventos","generation":"markdown"},{"extension":[{"url":"http://hl7.org/fhir/tools/StructureDefinition/ig-page-name","valueUrl":"EventoTerminar.html"}],"nameUrl":"EventoTerminar.html","title":"Evento Terminar","generation":"markdown"},{"extension":[{"url":"http://hl7.org/fhir/tools/StructureDefinition/ig-page-name","valueUrl":"historialCambios.html"}],"nameUrl":"historialCambios.html","title":"Historial Cambios","generation":"markdown"},{"extension":[{"url":"http://hl7.org/fhir/tools/StructureDefinition/ig-page-name","valueUrl":"Objetivos.html"}],"nameUrl":"Objetivos.html","title":"Objetivos","generation":"markdown"},{"extension":[{"url":"http://hl7.org/fhir/tools/StructureDefinition/ig-page-name","valueUrl":"Operaciones.html"}],"nameUrl":"Operaciones.html","title":"Operaciones","generation":"markdown"},{"extension":[{"url":"http://hl7.org/fhir/tools/StructureDefinition/ig-page-name","valueUrl":"StructureDefinition-PractitionerLE-Intro.html"}],"nameUrl":"StructureDefinition-PractitionerLE-Intro.html","title":"Structure Definition Practitioner LE Intro","generation":"markdown"},{"extension":[{"url":"http://hl7.org/fhir/tools/StructureDefinition/ig-page-name","valueUrl":"Terminologias.html"}],"nameUrl":"Terminologias.html","title":"Terminologias","generation":"markdown"},{"extension":[{"url":"http://hl7.org/fhir/tools/StructureDefinition/ig-page-name","valueUrl":"artifacts.html"}],"nameUrl":"artifacts.html","title":"Artifacts Summary","generation":"html","page":[{"extension":[{"url":"http://hl7.org/fhir/tools/StructureDefinition/ig-page-name","valueUrl":"StructureDefinition-AllergyIntoleranceInicioLE.html"}],"nameUrl":"StructureDefinition-AllergyIntoleranceInicioLE.html","title":"AllergyIntolerance Inicio LE","generation":"generated"},{"extension":[{"url":"http://hl7.org/fhir/tools/StructureDefinition/ig-page-name","valueUrl":"StructureDefinition-AppointmentAtenderLE.html"}],"nameUrl":"StructureDefinition-AppointmentAtenderLE.html","title":"Appointment Atender LE","generation":"generated"},{"extension":[{"url":"http://hl7.org/fhir/tools/StructureDefinition/ig-page-name","valueUrl":"StructureDefinition-AppointmentInicioLE.html"}],"nameUrl":"StructureDefinition-AppointmentInicioLE.html","title":"Appointment Inicio LE","generation":"generated"},{"extension":[{"url":"http://hl7.org/fhir/tools/StructureDefinition/ig-page-name","valueUrl":"StructureDefinition-BundleInicioLE.html"}],"nameUrl":"StructureDefinition-BundleInicioLE.html","title":"BundleInicio LE","generation":"generated"},{"extension":[{"url":"http://hl7.org/fhir/tools/StructureDefinition/ig-page-name","valueUrl":"StructureDefinition-BundleReferenciaLE.html"}],"nameUrl":"StructureDefinition-BundleReferenciaLE.html","title":"Bundle Referencia LE","generation":"generated"},{"extension":[{"url":"http://hl7.org/fhir/tools/StructureDefinition/ig-page-name","valueUrl":"StructureDefinition-CarePlanAtenderLE.html"}],"nameUrl":"StructureDefinition-CarePlanAtenderLE.html","title":"CarePlan Atender LE","generation":"generated"},{"extension":[{"url":"http://hl7.org/fhir/tools/StructureDefinition/ig-page-name","valueUrl":"StructureDefinition-CondicionAtender1LE.html"}],"nameUrl":"StructureDefinition-CondicionAtender1LE.html","title":"Condicion Atender 1 LE","generation":"generated"},{"extension":[{"url":"http://hl7.org/fhir/tools/StructureDefinition/ig-page-name","valueUrl":"StructureDefinition-CondicionAtender2LE.html"}],"nameUrl":"StructureDefinition-CondicionAtender2LE.html","title":"Condicion Atender 2 LE","generation":"generated"},{"extension":[{"url":"http://hl7.org/fhir/tools/StructureDefinition/ig-page-name","valueUrl":"StructureDefinition-CondicionAtender3LE.html"}],"nameUrl":"StructureDefinition-CondicionAtender3LE.html","title":"Condicion Atender 3 LE","generation":"generated"},{"extension":[{"url":"http://hl7.org/fhir/tools/StructureDefinition/ig-page-name","valueUrl":"StructureDefinition-ConditionInicioDiagnosticoSospechaLE.html"}],"nameUrl":"StructureDefinition-ConditionInicioDiagnosticoSospechaLE.html","title":"Condition Inicio Diagnostico Sospecha LE","generation":"generated"},{"extension":[{"url":"http://hl7.org/fhir/tools/StructureDefinition/ig-page-name","valueUrl":"StructureDefinition-ConditionInicioIndiceComorbilidadLE.html"}],"nameUrl":"StructureDefinition-ConditionInicioIndiceComorbilidadLE.html","title":"Condition Inicio Indice Comorbilidad LE","generation":"generated"},{"extension":[{"url":"http://hl7.org/fhir/tools/StructureDefinition/ig-page-name","valueUrl":"StructureDefinition-ConditionInicioSospechaGesLE.html"}],"nameUrl":"StructureDefinition-ConditionInicioSospechaGesLE.html","title":"Condition Inicio Sospecha Ges LE","generation":"generated"},{"extension":[{"url":"http://hl7.org/fhir/tools/StructureDefinition/ig-page-name","valueUrl":"StructureDefinition-DocumentReferenceLE.html"}],"nameUrl":"StructureDefinition-DocumentReferenceLE.html","title":"DocumentReference LE","generation":"generated"},{"extension":[{"url":"http://hl7.org/fhir/tools/StructureDefinition/ig-page-name","valueUrl":"StructureDefinition-EncounterAtenderLE.html"}],"nameUrl":"StructureDefinition-EncounterAtenderLE.html","title":"Encounter Atender LE","generation":"generated"},{"extension":[{"url":"http://hl7.org/fhir/tools/StructureDefinition/ig-page-name","valueUrl":"StructureDefinition-EncounterInicioLE.html"}],"nameUrl":"StructureDefinition-EncounterInicioLE.html","title":"Encounter Inicio LE","generation":"generated"},{"extension":[{"url":"http://hl7.org/fhir/tools/StructureDefinition/ig-page-name","valueUrl":"StructureDefinition-MessageHeaderLE.html"}],"nameUrl":"StructureDefinition-MessageHeaderLE.html","title":"MessageHeader LE","generation":"generated"},{"extension":[{"url":"http://hl7.org/fhir/tools/StructureDefinition/ig-page-name","valueUrl":"StructureDefinition-ObservationAtenderLE.html"}],"nameUrl":"StructureDefinition-ObservationAtenderLE.html","title":"Observation Atender LE","generation":"generated"},{"extension":[{"url":"http://hl7.org/fhir/tools/StructureDefinition/ig-page-name","valueUrl":"StructureDefinition-ObservationInicioLE.html"}],"nameUrl":"StructureDefinition-ObservationInicioLE.html","title":"Observation Inicio LE","generation":"generated"},{"extension":[{"url":"http://hl7.org/fhir/tools/StructureDefinition/ig-page-name","valueUrl":"StructureDefinition-OrganizationLE.html"}],"nameUrl":"StructureDefinition-OrganizationLE.html","title":"Organization LE","generation":"generated"},{"extension":[{"url":"http://hl7.org/fhir/tools/StructureDefinition/ig-page-name","valueUrl":"StructureDefinition-PatientLE.html"}],"nameUrl":"StructureDefinition-PatientLE.html","title":"Paciente LE","generation":"generated"},{"extension":[{"url":"http://hl7.org/fhir/tools/StructureDefinition/ig-page-name","valueUrl":"StructureDefinition-PractitionerLE.html"}],"nameUrl":"StructureDefinition-PractitionerLE.html","title":"Practitioner LE","generation":"generated"},{"extension":[{"url":"http://hl7.org/fhir/tools/StructureDefinition/ig-page-name","valueUrl":"StructureDefinition-PractitionerRoleLE.html"}],"nameUrl":"StructureDefinition-PractitionerRoleLE.html","title":"PractitionerRole LE","generation":"generated"},{"extension":[{"url":"http://hl7.org/fhir/tools/StructureDefinition/ig-page-name","valueUrl":"StructureDefinition-QuestionnaireResponseInicioLE.html"}],"nameUrl":"StructureDefinition-QuestionnaireResponseInicioLE.html","title":"QuestionnaireResponse Inicio LE","generation":"generated"},{"extension":[{"url":"http://hl7.org/fhir/tools/StructureDefinition/ig-page-name","valueUrl":"StructureDefinition-ServiceRequestLE.html"}],"nameUrl":"StructureDefinition-ServiceRequestLE.html","title":"ServiceRequest LE","generation":"generated"},{"extension":[{"url":"http://hl7.org/fhir/tools/StructureDefinition/ig-page-name","valueUrl":"StructureDefinition-Contactado.html"}],"nameUrl":"StructureDefinition-Contactado.html","title":"Contactado","generation":"generated"},{"extension":[{"url":"http://hl7.org/fhir/tools/StructureDefinition/ig-page-name","valueUrl":"StructureDefinition-DestinoAtencionCodigo.html"}],"nameUrl":"StructureDefinition-DestinoAtencionCodigo.html","title":"Destino Atención Codigo","generation":"generated"},{"extension":[{"url":"http://hl7.org/fhir/tools/StructureDefinition/ig-page-name","valueUrl":"StructureDefinition-DigitoVerificador.html"}],"nameUrl":"StructureDefinition-DigitoVerificador.html","title":"DigitoVerificador","generation":"generated"},{"extension":[{"url":"http://hl7.org/fhir/tools/StructureDefinition/ig-page-name","valueUrl":"StructureDefinition-DocAcreditacionCuidadorCodigoLE.html"}],"nameUrl":"StructureDefinition-DocAcreditacionCuidadorCodigoLE.html","title":"Doc Acreditacion Cuidador","generation":"generated"},{"extension":[{"url":"http://hl7.org/fhir/tools/StructureDefinition/ig-page-name","valueUrl":"StructureDefinition-EspecialidadMedicaDestinoCodigo.html"}],"nameUrl":"StructureDefinition-EspecialidadMedicaDestinoCodigo.html","title":"Especialidad Médica Destino Código","generation":"generated"},{"extension":[{"url":"http://hl7.org/fhir/tools/StructureDefinition/ig-page-name","valueUrl":"StructureDefinition-EstadoInterconsultaCodigoLE.html"}],"nameUrl":"StructureDefinition-EstadoInterconsultaCodigoLE.html","title":"Estado Interconsulta Codigo","generation":"generated"},{"extension":[{"url":"http://hl7.org/fhir/tools/StructureDefinition/ig-page-name","valueUrl":"StructureDefinition-ExtBool.html"}],"nameUrl":"StructureDefinition-ExtBool.html","title":"ExtBool","generation":"generated"},{"extension":[{"url":"http://hl7.org/fhir/tools/StructureDefinition/ig-page-name","valueUrl":"StructureDefinition-ExtBoolAfrodescendiente.html"}],"nameUrl":"StructureDefinition-ExtBoolAfrodescendiente.html","title":"ExtBool Afrodescendiente","generation":"generated"},{"extension":[{"url":"http://hl7.org/fhir/tools/StructureDefinition/ig-page-name","valueUrl":"StructureDefinition-ExtBoolAlergia.html"}],"nameUrl":"StructureDefinition-ExtBoolAlergia.html","title":"ExtBool Alergia","generation":"generated"},{"extension":[{"url":"http://hl7.org/fhir/tools/StructureDefinition/ig-page-name","valueUrl":"StructureDefinition-ExtBoolCuidador.html"}],"nameUrl":"StructureDefinition-ExtBoolCuidador.html","title":"ExtBool Cuidador","generation":"generated"},{"extension":[{"url":"http://hl7.org/fhir/tools/StructureDefinition/ig-page-name","valueUrl":"StructureDefinition-ExtBoolPersonaMayor.html"}],"nameUrl":"StructureDefinition-ExtBoolPersonaMayor.html","title":"ExtBool PersonaMayor","generation":"generated"},{"extension":[{"url":"http://hl7.org/fhir/tools/StructureDefinition/ig-page-name","valueUrl":"StructureDefinition-ExtBoolPertinenciaAtencionBox.html"}],"nameUrl":"StructureDefinition-ExtBoolPertinenciaAtencionBox.html","title":"ExtBool Pertinencia Atencion Box","generation":"generated"},{"extension":[{"url":"http://hl7.org/fhir/tools/StructureDefinition/ig-page-name","valueUrl":"StructureDefinition-ExtBoolPresentaDiscapacidad.html"}],"nameUrl":"StructureDefinition-ExtBoolPresentaDiscapacidad.html","title":"ExtBool PresentaDiscapacidad","generation":"generated"},{"extension":[{"url":"http://hl7.org/fhir/tools/StructureDefinition/ig-page-name","valueUrl":"StructureDefinition-ExtBoolRequiereExamen.html"}],"nameUrl":"StructureDefinition-ExtBoolRequiereExamen.html","title":"ExtBool RequiereExamen","generation":"generated"},{"extension":[{"url":"http://hl7.org/fhir/tools/StructureDefinition/ig-page-name","valueUrl":"StructureDefinition-ExtBoolResolutividadAPS.html"}],"nameUrl":"StructureDefinition-ExtBoolResolutividadAPS.html","title":"ExtBool ResolutividadAPS","generation":"generated"},{"extension":[{"url":"http://hl7.org/fhir/tools/StructureDefinition/ig-page-name","valueUrl":"StructureDefinition-ExtBoolSolicitudExamenes.html"}],"nameUrl":"StructureDefinition-ExtBoolSolicitudExamenes.html","title":"ExtBool Solicitud Examenes","generation":"generated"},{"extension":[{"url":"http://hl7.org/fhir/tools/StructureDefinition/ig-page-name","valueUrl":"StructureDefinition-ExtInteger.html"}],"nameUrl":"StructureDefinition-ExtInteger.html","title":"ExtInteger","generation":"generated"},{"extension":[{"url":"http://hl7.org/fhir/tools/StructureDefinition/ig-page-name","valueUrl":"StructureDefinition-ExtStringFundamentoPriorizacion.html"}],"nameUrl":"StructureDefinition-ExtStringFundamentoPriorizacion.html","title":"ExtStringFundamentoPriorizacion","generation":"generated"},{"extension":[{"url":"http://hl7.org/fhir/tools/StructureDefinition/ig-page-name","valueUrl":"StructureDefinition-ExtStringMotivoNoPertinencia.html"}],"nameUrl":"StructureDefinition-ExtStringMotivoNoPertinencia.html","title":"ExtString MotivoNoPertinencia","generation":"generated"},{"extension":[{"url":"http://hl7.org/fhir/tools/StructureDefinition/ig-page-name","valueUrl":"StructureDefinition-IdentidadGenero.html"}],"nameUrl":"StructureDefinition-IdentidadGenero.html","title":"Identidad de genero","generation":"generated"},{"extension":[{"url":"http://hl7.org/fhir/tools/StructureDefinition/ig-page-name","valueUrl":"StructureDefinition-MedioNotificacion.html"}],"nameUrl":"StructureDefinition-MedioNotificacion.html","title":"MedioNotificacion","generation":"generated"},{"extension":[{"url":"http://hl7.org/fhir/tools/StructureDefinition/ig-page-name","valueUrl":"StructureDefinition-MotivoCierreInterconsulta.html"}],"nameUrl":"StructureDefinition-MotivoCierreInterconsulta.html","title":"Motivo Cierre Interconsulta","generation":"generated"},{"extension":[{"url":"http://hl7.org/fhir/tools/StructureDefinition/ig-page-name","valueUrl":"StructureDefinition-NacionalidadCodigo.html"}],"nameUrl":"StructureDefinition-NacionalidadCodigo.html","title":"Codigo de Identificación de Nacionalidad","generation":"generated"},{"extension":[{"url":"http://hl7.org/fhir/tools/StructureDefinition/ig-page-name","valueUrl":"StructureDefinition-OrigenInterconsulta.html"}],"nameUrl":"StructureDefinition-OrigenInterconsulta.html","title":"Origen Interconsulta","generation":"generated"},{"extension":[{"url":"http://hl7.org/fhir/tools/StructureDefinition/ig-page-name","valueUrl":"StructureDefinition-CodigoPaises.html"}],"nameUrl":"StructureDefinition-CodigoPaises.html","title":"Codigo de Identificación de países","generation":"generated"},{"extension":[{"url":"http://hl7.org/fhir/tools/StructureDefinition/ig-page-name","valueUrl":"StructureDefinition-PertinenciaInterconsulta.html"}],"nameUrl":"StructureDefinition-PertinenciaInterconsulta.html","title":"Pertinencia Interconsulta","generation":"generated"},{"extension":[{"url":"http://hl7.org/fhir/tools/StructureDefinition/ig-page-name","valueUrl":"StructureDefinition-PuebloIndigena.html"}],"nameUrl":"StructureDefinition-PuebloIndigena.html","title":"Etnia a la cual pertenece","generation":"generated"},{"extension":[{"url":"http://hl7.org/fhir/tools/StructureDefinition/ig-page-name","valueUrl":"StructureDefinition-SegundoApellido.html"}],"nameUrl":"StructureDefinition-SegundoApellido.html","title":"Segundo Apellido","generation":"generated"},{"extension":[{"url":"http://hl7.org/fhir/tools/StructureDefinition/ig-page-name","valueUrl":"StructureDefinition-SospechaPatologiaGes.html"}],"nameUrl":"StructureDefinition-SospechaPatologiaGes.html","title":"SospechaPatologiaGes","generation":"generated"},{"extension":[{"url":"http://hl7.org/fhir/tools/StructureDefinition/ig-page-name","valueUrl":"StructureDefinition-SubEspecialidadMedicaDestinoCodigo.html"}],"nameUrl":"StructureDefinition-SubEspecialidadMedicaDestinoCodigo.html","title":"SubEspecialidad Médica Destino Código","generation":"generated"},{"extension":[{"url":"http://hl7.org/fhir/tools/StructureDefinition/ig-page-name","valueUrl":"StructureDefinition-TipoOtroTelefono.html"}],"nameUrl":"StructureDefinition-TipoOtroTelefono.html","title":"TipoOtroTelefono","generation":"generated"},{"extension":[{"url":"http://hl7.org/fhir/tools/StructureDefinition/ig-page-name","valueUrl":"ValueSet-CodPais.html"}],"nameUrl":"ValueSet-CodPais.html","title":"Códigos de Países","generation":"generated"},{"extension":[{"url":"http://hl7.org/fhir/tools/StructureDefinition/ig-page-name","valueUrl":"ValueSet-VSDerivadoParaCodigo.html"}],"nameUrl":"ValueSet-VSDerivadoParaCodigo.html","title":"Derivado Para","generation":"generated"},{"extension":[{"url":"http://hl7.org/fhir/tools/StructureDefinition/ig-page-name","valueUrl":"ValueSet-VSDestinoAtencionCodigo.html"}],"nameUrl":"ValueSet-VSDestinoAtencionCodigo.html","title":"Destino Atención Codigo","generation":"generated"},{"extension":[{"url":"http://hl7.org/fhir/tools/StructureDefinition/ig-page-name","valueUrl":"ValueSet-VSDestinoReferenciaCodigo.html"}],"nameUrl":"ValueSet-VSDestinoReferenciaCodigo.html","title":"Destino Referencia Codigo","generation":"generated"},{"extension":[{"url":"http://hl7.org/fhir/tools/StructureDefinition/ig-page-name","valueUrl":"ValueSet-VSDocAcreditacionCuidador.html"}],"nameUrl":"ValueSet-VSDocAcreditacionCuidador.html","title":"Documento Acreditacion Cuidador","generation":"generated"},{"extension":[{"url":"http://hl7.org/fhir/tools/StructureDefinition/ig-page-name","valueUrl":"ValueSet-VSEstablecimientoDestinoCodigo.html"}],"nameUrl":"ValueSet-VSEstablecimientoDestinoCodigo.html","title":"Establecimiento Destino Codigo","generation":"generated"},{"extension":[{"url":"http://hl7.org/fhir/tools/StructureDefinition/ig-page-name","valueUrl":"ValueSet-VSEstadoInterconsulta.html"}],"nameUrl":"ValueSet-VSEstadoInterconsulta.html","title":"Estado Interconsulta","generation":"generated"},{"extension":[{"url":"http://hl7.org/fhir/tools/StructureDefinition/ig-page-name","valueUrl":"ValueSet-VSIdentidaddeGenero.html"}],"nameUrl":"ValueSet-VSIdentidaddeGenero.html","title":"Identidad de Genero","generation":"generated"},{"extension":[{"url":"http://hl7.org/fhir/tools/StructureDefinition/ig-page-name","valueUrl":"ValueSet-VSIndicecomorbilidad.html"}],"nameUrl":"ValueSet-VSIndicecomorbilidad.html","title":"Indice Comorbilidad","generation":"generated"},{"extension":[{"url":"http://hl7.org/fhir/tools/StructureDefinition/ig-page-name","valueUrl":"ValueSet-VSMedioNotificacion.html"}],"nameUrl":"ValueSet-VSMedioNotificacion.html","title":"Medio Notificación","generation":"generated"},{"extension":[{"url":"http://hl7.org/fhir/tools/StructureDefinition/ig-page-name","valueUrl":"ValueSet-VSModalidadAtencionCodigo.html"}],"nameUrl":"ValueSet-VSModalidadAtencionCodigo.html","title":"Modalidad Atencion Codigo","generation":"generated"},{"extension":[{"url":"http://hl7.org/fhir/tools/StructureDefinition/ig-page-name","valueUrl":"ValueSet-VSMotivoCierreInterconsulta.html"}],"nameUrl":"ValueSet-VSMotivoCierreInterconsulta.html","title":"Motivo Cierre Interconsulta","generation":"generated"},{"extension":[{"url":"http://hl7.org/fhir/tools/StructureDefinition/ig-page-name","valueUrl":"ValueSet-VSMotivoNoContactabilidad.html"}],"nameUrl":"ValueSet-VSMotivoNoContactabilidad.html","title":"Motivo No Contactabilidad","generation":"generated"},{"extension":[{"url":"http://hl7.org/fhir/tools/StructureDefinition/ig-page-name","valueUrl":"ValueSet-VSPertinenciaInterconsulta.html"}],"nameUrl":"ValueSet-VSPertinenciaInterconsulta.html","title":"Pertinencia Interconsulta","generation":"generated"},{"extension":[{"url":"http://hl7.org/fhir/tools/StructureDefinition/ig-page-name","valueUrl":"ValueSet-VSPractitionerTipoRolLE.html"}],"nameUrl":"ValueSet-VSPractitionerTipoRolLE.html","title":"Rol de médicos","generation":"generated"},{"extension":[{"url":"http://hl7.org/fhir/tools/StructureDefinition/ig-page-name","valueUrl":"ValueSet-VSPuebloIndigena.html"}],"nameUrl":"ValueSet-VSPuebloIndigena.html","title":"Pueblo Indigena","generation":"generated"},{"extension":[{"url":"http://hl7.org/fhir/tools/StructureDefinition/ig-page-name","valueUrl":"ValueSet-VSSospechaPatologia.html"}],"nameUrl":"ValueSet-VSSospechaPatologia.html","title":"Sospecha Patologia","generation":"generated"},{"extension":[{"url":"http://hl7.org/fhir/tools/StructureDefinition/ig-page-name","valueUrl":"ValueSet-VSSospechaPatologiaGes.html"}],"nameUrl":"ValueSet-VSSospechaPatologiaGes.html","title":"Sospecha Patologia Ges","generation":"generated"},{"extension":[{"url":"http://hl7.org/fhir/tools/StructureDefinition/ig-page-name","valueUrl":"ValueSet-VSTipoCodDiagnostica.html"}],"nameUrl":"ValueSet-VSTipoCodDiagnostica.html","title":"Tipo Codificación Diagnostica","generation":"generated"},{"extension":[{"url":"http://hl7.org/fhir/tools/StructureDefinition/ig-page-name","valueUrl":"ValueSet-VSTipoConsulta.html"}],"nameUrl":"ValueSet-VSTipoConsulta.html","title":"Tipo Consulta","generation":"generated"},{"extension":[{"url":"http://hl7.org/fhir/tools/StructureDefinition/ig-page-name","valueUrl":"ValueSet-VSTipoEventoLE.html"}],"nameUrl":"ValueSet-VSTipoEventoLE.html","title":"Tipo de Evento","generation":"generated"},{"extension":[{"url":"http://hl7.org/fhir/tools/StructureDefinition/ig-page-name","valueUrl":"ValueSet-VSTipoIdentificador.html"}],"nameUrl":"ValueSet-VSTipoIdentificador.html","title":"Tipo Identificador","generation":"generated"},{"extension":[{"url":"http://hl7.org/fhir/tools/StructureDefinition/ig-page-name","valueUrl":"ValueSet-VSTipoOtroTelefono.html"}],"nameUrl":"ValueSet-VSTipoOtroTelefono.html","title":"Tipo Otro Telefono","generation":"generated"},{"extension":[{"url":"http://hl7.org/fhir/tools/StructureDefinition/ig-page-name","valueUrl":"ValueSet-VSinterconsulta.html"}],"nameUrl":"ValueSet-VSinterconsulta.html","title":"Interconsulta","generation":"generated"},{"extension":[{"url":"http://hl7.org/fhir/tools/StructureDefinition/ig-page-name","valueUrl":"CodeSystem-CSDerivadoParaCodigo.html"}],"nameUrl":"CodeSystem-CSDerivadoParaCodigo.html","title":"Derivado Para","generation":"generated"},{"extension":[{"url":"http://hl7.org/fhir/tools/StructureDefinition/ig-page-name","valueUrl":"CodeSystem-CSDestinoAtencionCodigo.html"}],"nameUrl":"CodeSystem-CSDestinoAtencionCodigo.html","title":"Destino Atención Codigo","generation":"generated"},{"extension":[{"url":"http://hl7.org/fhir/tools/StructureDefinition/ig-page-name","valueUrl":"CodeSystem-CSDestinoReferenciaCodigo.html"}],"nameUrl":"CodeSystem-CSDestinoReferenciaCodigo.html","title":"Destino Referencia Codigo","generation":"generated"},{"extension":[{"url":"http://hl7.org/fhir/tools/StructureDefinition/ig-page-name","valueUrl":"CodeSystem-CSDocAcreditacionCuidador.html"}],"nameUrl":"CodeSystem-CSDocAcreditacionCuidador.html","title":"Documento Acreditacion Cuidador","generation":"generated"},{"extension":[{"url":"http://hl7.org/fhir/tools/StructureDefinition/ig-page-name","valueUrl":"CodeSystem-CSEstablecimientoDestinoCodigo.html"}],"nameUrl":"CodeSystem-CSEstablecimientoDestinoCodigo.html","title":"Establecimiento Destino Codigo","generation":"generated"},{"extension":[{"url":"http://hl7.org/fhir/tools/StructureDefinition/ig-page-name","valueUrl":"CodeSystem-CSEstadoInterconsulta.html"}],"nameUrl":"CodeSystem-CSEstadoInterconsulta.html","title":"Estado Interconsulta","generation":"generated"},{"extension":[{"url":"http://hl7.org/fhir/tools/StructureDefinition/ig-page-name","valueUrl":"CodeSystem-CSIdentidaddeGenero.html"}],"nameUrl":"CodeSystem-CSIdentidaddeGenero.html","title":"Identidad de Genero","generation":"generated"},{"extension":[{"url":"http://hl7.org/fhir/tools/StructureDefinition/ig-page-name","valueUrl":"CodeSystem-CSIndicecomorbilidad.html"}],"nameUrl":"CodeSystem-CSIndicecomorbilidad.html","title":"Indice Comorbilidad","generation":"generated"},{"extension":[{"url":"http://hl7.org/fhir/tools/StructureDefinition/ig-page-name","valueUrl":"CodeSystem-CSMedioNotificacion.html"}],"nameUrl":"CodeSystem-CSMedioNotificacion.html","title":"Medio Notificación","generation":"generated"},{"extension":[{"url":"http://hl7.org/fhir/tools/StructureDefinition/ig-page-name","valueUrl":"CodeSystem-CSModalidadAtencionCodigo.html"}],"nameUrl":"CodeSystem-CSModalidadAtencionCodigo.html","title":"Modalidad Atencion Codigo","generation":"generated"},{"extension":[{"url":"http://hl7.org/fhir/tools/StructureDefinition/ig-page-name","valueUrl":"CodeSystem-CSMotivoCierreInterconsulta.html"}],"nameUrl":"CodeSystem-CSMotivoCierreInterconsulta.html","title":"Motivo Cierre Interconsulta","generation":"generated"},{"extension":[{"url":"http://hl7.org/fhir/tools/StructureDefinition/ig-page-name","valueUrl":"CodeSystem-CSMotivoNoContactabilidad.html"}],"nameUrl":"CodeSystem-CSMotivoNoContactabilidad.html","title":"Motivo No Contactabilidad","generation":"generated"},{"extension":[{"url":"http://hl7.org/fhir/tools/StructureDefinition/ig-page-name","valueUrl":"CodeSystem-CSPertinenciaInterconsulta.html"}],"nameUrl":"CodeSystem-CSPertinenciaInterconsulta.html","title":"Pertinencia Interconsulta","generation":"generated"},{"extension":[{"url":"http://hl7.org/fhir/tools/StructureDefinition/ig-page-name","valueUrl":"CodeSystem-CSPractitionerTipoRolLE.html"}],"nameUrl":"CodeSystem-CSPractitionerTipoRolLE.html","title":"Rol de médicos","generation":"generated"},{"extension":[{"url":"http://hl7.org/fhir/tools/StructureDefinition/ig-page-name","valueUrl":"CodeSystem-CSPuebloIndigena.html"}],"nameUrl":"CodeSystem-CSPuebloIndigena.html","title":"Pueblo Indigena","generation":"generated"},{"extension":[{"url":"http://hl7.org/fhir/tools/StructureDefinition/ig-page-name","valueUrl":"CodeSystem-CSSospechaPatologia.html"}],"nameUrl":"CodeSystem-CSSospechaPatologia.html","title":"Sospecha Patologia","generation":"generated"},{"extension":[{"url":"http://hl7.org/fhir/tools/StructureDefinition/ig-page-name","valueUrl":"CodeSystem-CSSospechaPatologiaGes.html"}],"nameUrl":"CodeSystem-CSSospechaPatologiaGes.html","title":"Sospecha Patologia Ges","generation":"generated"},{"extension":[{"url":"http://hl7.org/fhir/tools/StructureDefinition/ig-page-name","valueUrl":"CodeSystem-CSTipoCodDiagnostica.html"}],"nameUrl":"CodeSystem-CSTipoCodDiagnostica.html","title":"Tipo Codificación Diagnostica","generation":"generated"},{"extension":[{"url":"http://hl7.org/fhir/tools/StructureDefinition/ig-page-name","valueUrl":"CodeSystem-CSTipoConsulta.html"}],"nameUrl":"CodeSystem-CSTipoConsulta.html","title":"Tipo Consulta","generation":"generated"},{"extension":[{"url":"http://hl7.org/fhir/tools/StructureDefinition/ig-page-name","valueUrl":"CodeSystem-CSTipoEventoLE.html"}],"nameUrl":"CodeSystem-CSTipoEventoLE.html","title":"Tipo de Evento","generation":"generated"},{"extension":[{"url":"http://hl7.org/fhir/tools/StructureDefinition/ig-page-name","valueUrl":"CodeSystem-CSTipoIdentificador.html"}],"nameUrl":"CodeSystem-CSTipoIdentificador.html","title":"Tipo Identificador","generation":"generated"},{"extension":[{"url":"http://hl7.org/fhir/tools/StructureDefinition/ig-page-name","valueUrl":"CodeSystem-CSTipoOtroTelefono.html"}],"nameUrl":"CodeSystem-CSTipoOtroTelefono.html","title":"Tipo Otro Telefono","generation":"generated"},{"extension":[{"url":"http://hl7.org/fhir/tools/StructureDefinition/ig-page-name","valueUrl":"CodeSystem-CSinterconsulta.html"}],"nameUrl":"CodeSystem-CSinterconsulta.html","title":"Interconsulta","generation":"generated"},{"extension":[{"url":"http://hl7.org/fhir/tools/StructureDefinition/ig-page-name","valueUrl":"AllergyIntolerance-EjemploAllergyIntolerance.html"}],"nameUrl":"AllergyIntolerance-EjemploAllergyIntolerance.html","title":"Ejemplo de AllergyIntolerance Evento de Inicio","generation":"generated"},{"extension":[{"url":"http://hl7.org/fhir/tools/StructureDefinition/ig-page-name","valueUrl":"Appointment-EjemploAppointment.html"}],"nameUrl":"Appointment-EjemploAppointment.html","title":"Ejemplo de Appointment Evento de Inicio","generation":"generated"},{"extension":[{"url":"http://hl7.org/fhir/tools/StructureDefinition/ig-page-name","valueUrl":"Bundle-EjemploBundleInicio.html"}],"nameUrl":"Bundle-EjemploBundleInicio.html","title":"Ejemplo de Bundle Evento de Inicio","generation":"generated"},{"extension":[{"url":"http://hl7.org/fhir/tools/StructureDefinition/ig-page-name","valueUrl":"Bundle-EjemploBundleReferencia.html"}],"nameUrl":"Bundle-EjemploBundleReferencia.html","title":"Ejemplo de Bundle Evento de Referencia","generation":"generated"},{"extension":[{"url":"http://hl7.org/fhir/tools/StructureDefinition/ig-page-name","valueUrl":"Condition-EjemploCondition.html"}],"nameUrl":"Condition-EjemploCondition.html","title":"Ejemplo de Condition1 Evento de Inicio","generation":"generated"},{"extension":[{"url":"http://hl7.org/fhir/tools/StructureDefinition/ig-page-name","valueUrl":"Condition-EjemploCondition2.html"}],"nameUrl":"Condition-EjemploCondition2.html","title":"Ejemplo de Condition2 Evento de Inicio","generation":"generated"},{"extension":[{"url":"http://hl7.org/fhir/tools/StructureDefinition/ig-page-name","valueUrl":"Condition-EjemploCondition3.html"}],"nameUrl":"Condition-EjemploCondition3.html","title":"Ejemplo de Condition3 Evento de Inicio","generation":"generated"},{"extension":[{"url":"http://hl7.org/fhir/tools/StructureDefinition/ig-page-name","valueUrl":"Encounter-EjemploEncounter.html"}],"nameUrl":"Encounter-EjemploEncounter.html","title":"Ejemplo de Encounter Evento de Inicio","generation":"generated"},{"extension":[{"url":"http://hl7.org/fhir/tools/StructureDefinition/ig-page-name","valueUrl":"MessageHeader-EjemploMessageHeader.html"}],"nameUrl":"MessageHeader-EjemploMessageHeader.html","title":"Ejemplo de MesaggeHeader Evento de Inicio","generation":"generated"},{"extension":[{"url":"http://hl7.org/fhir/tools/StructureDefinition/ig-page-name","valueUrl":"MessageHeader-EjemploMessageHeaderReferencia.html"}],"nameUrl":"MessageHeader-EjemploMessageHeaderReferencia.html","title":"Ejemplo de MesaggeHeader Evento de Referencia","generation":"generated"},{"extension":[{"url":"http://hl7.org/fhir/tools/StructureDefinition/ig-page-name","valueUrl":"Observation-EjemploObservation.html"}],"nameUrl":"Observation-EjemploObservation.html","title":"Ejemplo de Observation Evento de Inicio","generation":"generated"},{"extension":[{"url":"http://hl7.org/fhir/tools/StructureDefinition/ig-page-name","valueUrl":"Organization-EjemploOrganization.html"}],"nameUrl":"Organization-EjemploOrganization.html","title":"Ejemplo de Organization Evento de Inicio","generation":"generated"},{"extension":[{"url":"http://hl7.org/fhir/tools/StructureDefinition/ig-page-name","valueUrl":"Organization-EjemploOrganizationReferencia1.html"}],"nameUrl":"Organization-EjemploOrganizationReferencia1.html","title":"Ejemplo de Organization Evento de Inicio","generation":"generated"},{"extension":[{"url":"http://hl7.org/fhir/tools/StructureDefinition/ig-page-name","valueUrl":"Organization-EjemploOrganizationReferencia2.html"}],"nameUrl":"Organization-EjemploOrganizationReferencia2.html","title":"Ejemplo de Organization Evento de Inicio","generation":"generated"},{"extension":[{"url":"http://hl7.org/fhir/tools/StructureDefinition/ig-page-name","valueUrl":"Patient-EjemploPatient.html"}],"nameUrl":"Patient-EjemploPatient.html","title":"Ejemplo de Patient Evento de Inicio","generation":"generated"},{"extension":[{"url":"http://hl7.org/fhir/tools/StructureDefinition/ig-page-name","valueUrl":"Practitioner-EjemploPractitioner.html"}],"nameUrl":"Practitioner-EjemploPractitioner.html","title":"Ejemplo de Practitioner Evento de Inicio","generation":"generated"},{"extension":[{"url":"http://hl7.org/fhir/tools/StructureDefinition/ig-page-name","valueUrl":"Practitioner-EjemploPractitionerReferencia.html"}],"nameUrl":"Practitioner-EjemploPractitionerReferencia.html","title":"Ejemplo de Practitioner Evento de Referencia","generation":"generated"},{"extension":[{"url":"http://hl7.org/fhir/tools/StructureDefinition/ig-page-name","valueUrl":"PractitionerRole-EjemploPractitionerRole.html"}],"nameUrl":"PractitionerRole-EjemploPractitionerRole.html","title":"Ejemplo de PractitionerRole Evento de Inicio","generation":"generated"},{"extension":[{"url":"http://hl7.org/fhir/tools/StructureDefinition/ig-page-name","valueUrl":"PractitionerRole-EjemploPractitionerRoleReferencia.html"}],"nameUrl":"PractitionerRole-EjemploPractitionerRoleReferencia.html","title":"Ejemplo de PractitionerRole Evento de Referencia","generation":"generated"},{"extension":[{"url":"http://hl7.org/fhir/tools/StructureDefinition/ig-page-name","valueUrl":"QuestionnaireResponse-EjemploQuestionnaireResponse.html"}],"nameUrl":"QuestionnaireResponse-EjemploQuestionnaireResponse.html","title":"Ejemplo de QuestionnaireResponseEvento de Inicio","generation":"generated"},{"extension":[{"url":"http://hl7.org/fhir/tools/StructureDefinition/ig-page-name","valueUrl":"ServiceRequest-EjemploServiceRequest.html"}],"nameUrl":"ServiceRequest-EjemploServiceRequest.html","title":"Ejemplo de Service Request Evento de Inicio","generation":"generated"},{"extension":[{"url":"http://hl7.org/fhir/tools/StructureDefinition/ig-page-name","valueUrl":"ServiceRequest-EjemploServiceRequest2.html"}],"nameUrl":"ServiceRequest-EjemploServiceRequest2.html","title":"Ejemplo de Service Request 2","generation":"generated"},{"extension":[{"url":"http://hl7.org/fhir/tools/StructureDefinition/ig-page-name","valueUrl":"ServiceRequest-EjemploServiceRequestReferencia.html"}],"nameUrl":"ServiceRequest-EjemploServiceRequestReferencia.html","title":"Ejemplo de Service Request Evento de Referencia","generation":"generated"}]}]},"parameter":[{"code":"path-resource","value":"input/capabilities"},{"code":"path-resource","value":"input/examples"},{"code":"path-resource","value":"input/extensions"},{"code":"path-resource","value":"input/models"},{"code":"path-resource","value":"input/operations"},{"code":"path-resource","value":"input/profiles"},{"code":"path-resource","value":"input/resources"},{"code":"path-resource","value":"input/vocabulary"},{"code":"path-resource","value":"input/maps"},{"code":"path-resource","value":"input/testing"},{"code":"path-resource","value":"input/history"},{"code":"path-resource","value":"fsh-generated/resources"},{"code":"path-pages","value":"template/config"},{"code":"path-pages","value":"input/images"},{"code":"path-tx-cache","value":"input-cache/txcache"}]}}