{"resourceType":"ValueSet","id":"VSModalidadAtencionCodigo","text":{"status":"generated","div":"<div xmlns=\"http://www.w3.org/1999/xhtml\"><ul><li>Include all codes defined in <a href=\"CodeSystem-CSModalidadAtencionCodigo.html\"><code>http://minsal.cl/listaespera/CodeSystem/CSModalidadAtencionCodigo</code></a></li></ul></div>"},"url":"http://minsal.cl/listaespera/ValueSet/VSModalidadAtencionCodigo","version":"0.1.2","name":"VSModalidadAtencionCodigo","title":"Modalidad Atencion Codigo","status":"active","experimental":false,"date":"2023-01-15","publisher":"MINSAL Chile","contact":[{"name":"MINSAL Chile","telecom":[{"system":"url","value":"https://minsal.cl"}]}],"description":"Modalidad Atencion Codigo","jurisdiction":[{"coding":[{"system":"urn:iso:std:iso:3166","code":"CL","display":"Chile"}]}],"compose":{"include":[{"system":"http://minsal.cl/listaespera/CodeSystem/CSModalidadAtencionCodigo"}]}}