{"resourceType":"ValueSet","id":"VSTipoCodDiagnostica","text":{"status":"generated","div":"<div xmlns=\"http://www.w3.org/1999/xhtml\"><ul><li>Include all codes defined in <a href=\"CodeSystem-CSTipoCodDiagnostica.html\"><code>http://minsal.cl/listaespera/CodeSystem/CSTipoCodDiagnostica</code></a></li></ul></div>"},"url":"http://minsal.cl/listaespera/ValueSet/VSTipoCodDiagnostica","version":"0.1.0","name":"VSTipoCodDiagnostica","title":"Tipo Codificación Diagnostica","status":"active","experimental":false,"date":"2023-01-15","publisher":"MINSAL Chile","contact":[{"name":"MINSAL Chile","telecom":[{"system":"url","value":"https://minsal.cl"}]}],"description":"Tipo Codificación Diagnostica","jurisdiction":[{"coding":[{"system":"urn:iso:std:iso:3166","code":"CL","display":"Chile"}]}],"compose":{"include":[{"system":"http://minsal.cl/listaespera/CodeSystem/CSTipoCodDiagnostica"}]}}