{"resourceType":"ValueSet","id":"VSEspecialidadMed","text":{"status":"generated","div":"<div xmlns=\"http://www.w3.org/1999/xhtml\"><ul><li>Include all codes defined in <a href=\"CodeSystem-CSEspecialidadMed.html\"><code>http://minsal.cl/listaespera/CodeSystem/CSEspecialidadMed</code></a></li></ul></div>"},"url":"http://minsal.cl/listaespera/ValueSet/VSEspecialidadMed","version":"0.1.3","name":"VSEspecialidadMed","title":"EspecialidadMed","status":"active","experimental":false,"date":"2023-01-15","publisher":"MINSAL Chile","contact":[{"name":"MINSAL Chile","telecom":[{"system":"url","value":"https://minsal.cl"}]}],"description":"EspecialidadMed","jurisdiction":[{"coding":[{"system":"urn:iso:std:iso:3166","code":"CL","display":"Chile"}]}],"compose":{"include":[{"system":"http://minsal.cl/listaespera/CodeSystem/CSEspecialidadMed"}]}}