{"resourceType":"ValueSet","id":"VSMedioNotificacion","text":{"status":"generated","div":"<div xmlns=\"http://www.w3.org/1999/xhtml\"><ul><li>Include all codes defined in <a href=\"CodeSystem-CSMedioNotificacion.html\"><code>http://minsal.cl/listaespera/CodeSystem/CSMedioNotificacion</code></a></li></ul></div>"},"url":"http://minsal.cl/listaespera/ValueSet/VSMedioNotificacion","version":"0.1.1","name":"VSMedioNotificacion","title":"Medio Notificación","status":"active","experimental":false,"date":"2023-01-15","publisher":"MINSAL Chile","contact":[{"name":"MINSAL Chile","telecom":[{"system":"url","value":"https://minsal.cl"}]}],"description":"Medio Notificación","jurisdiction":[{"coding":[{"system":"urn:iso:std:iso:3166","code":"CL","display":"Chile"}]}],"compose":{"include":[{"system":"http://minsal.cl/listaespera/CodeSystem/CSMedioNotificacion"}]}}