<?xml version="1.0" encoding="UTF-8"?>

<Bundle xmlns="http://hl7.org/fhir">
  <id value="EjemploBundleTerminar"/>
  <meta>
    <lastUpdated value="2023-01-20T14:12:10Z"/>
    <profile value="https://interoperabilidad.minsal.cl/fhir/ig/tei/StructureDefinition/BundleTerminarLE"/>
  </meta>
  <type value="message"/>
  <timestamp value="2023-02-09T17:15:22Z"/>
  <entry>
    <fullUrl value="http://acme.com/ehr/fhir/MessageHeader/terminar"/>
    <resource>
      <MessageHeader>
        <id value="EjemploMessageHeaderTerminar"/>
        <meta>
          <lastUpdated value="2023-02-14T14:12:10Z"/>
          <profile value="https://interoperabilidad.minsal.cl/fhir/ig/tei/StructureDefinition/MessageHeaderLE"/>
        </meta>
        <text>
          <status value="generated"/><div xmlns="http://www.w3.org/1999/xhtml"><p><b>Generated Narrative: MessageHeader</b><a name="EjemploMessageHeaderTerminar"> </a></p><div style="display: inline-block; background-color: #d9e0e7; padding: 6px; margin: 4px; border: 1px solid #8da1b4; border-radius: 5px; line-height: 60%"><p style="margin-bottom: 0px">Resource MessageHeader &quot;EjemploMessageHeaderTerminar&quot; Updated &quot;2023-02-14 14:12:10+0000&quot; </p><p style="margin-bottom: 0px">Profile: <a href="StructureDefinition-MessageHeaderLE.html">MessageHeader LE</a></p></div><p><b>event</b>: Terminar (Details: https://interoperabilidad.minsal.cl/fhir/ig/tei/CodeSystem/CSTipoEventoLE code terminar = 'Terminar', stated as 'null')</p><p><b>author</b>: <a href="http://acme.com/ehr/fhir/PractitionerRole/terminar">http://acme.com/ehr/fhir/PractitionerRole/terminar</a></p><h3>Sources</h3><table class="grid"><tr><td style="display: none">-</td><td><b>Software</b></td><td><b>Endpoint</b></td></tr><tr><td style="display: none">*</td><td>SolucionInformatica</td><td><a href="http://link-to-sending.cl">http://link-to-sending.cl</a></td></tr></table><p><b>focus</b>: <a href="#ServiceRequest_EjemploServiceRequestTerminar">See above (http://acme.com/ehr/fhir/ServiceRequest/terminar)</a></p></div>
        </text>
        <eventCoding>
          <system value="https://interoperabilidad.minsal.cl/fhir/ig/tei/CodeSystem/CSTipoEventoLE"/>
          <code value="terminar"/>
        </eventCoding>
        <author>
          <reference value="http://acme.com/ehr/fhir/PractitionerRole/terminar"/>
        </author>
        <source>
          <software value="SolucionInformatica"/>
          <endpoint value="http://link-to-sending.cl"/>
        </source>
        <focus>
          <reference value="http://acme.com/ehr/fhir/ServiceRequest/terminar"/>
        </focus>
      </MessageHeader>
    </resource>
  </entry>
  <entry>
    <fullUrl value="http://acme.com/ehr/fhir/ServiceRequest/terminar"/>
    <resource>
      <ServiceRequest>
        <id value="EjemploServiceRequestTerminar"/>
        <meta>
          <profile value="https://interoperabilidad.minsal.cl/fhir/ig/tei/StructureDefinition/ServiceRequestLE"/>
        </meta>
        <text>
          <status value="extensions"/><div xmlns="http://www.w3.org/1999/xhtml"><p><b>Generated Narrative: ServiceRequest</b><a name="EjemploServiceRequestTerminar"> </a></p><div style="display: inline-block; background-color: #d9e0e7; padding: 6px; margin: 4px; border: 1px solid #8da1b4; border-radius: 5px; line-height: 60%"><p style="margin-bottom: 0px">Resource ServiceRequest &quot;EjemploServiceRequestTerminar&quot; </p><p style="margin-bottom: 0px">Profile: <a href="StructureDefinition-ServiceRequestLE.html">ServiceRequest LE</a></p></div><p><b>Motivo Cierre Interconsulta</b>: Atención Realizada (1) <span style="background: LightGoldenRodYellow; margin: 4px; border: 1px solid khaki"> (<a href="CodeSystem-CSMotivoCierreInterconsulta.html">Motivo Cierre Interconsulta</a>#2)</span></p><p><b>Estado Interconsulta Codigo</b>: Cerrada <span style="background: LightGoldenRodYellow; margin: 4px; border: 1px solid khaki"> (<a href="CodeSystem-CSEstadoInterconsulta.html">Estado Interconsulta</a>#7)</span></p><p><b>identifier</b>: IdInterconsulta: 1</p><p><b>status</b>: draft</p><p><b>intent</b>: proposal</p><p><b>subject</b>: <a href="Bundle-EjemploBundleAtender.html#http-//acme.com/ehr/fhir/Patient/EjemploPatient">http://acme.com/ehr/fhir/Patient/EjemploPatient</a></p></div>
        </text>
        <extension url="https://interoperabilidad.minsal.cl/fhir/ig/tei/StructureDefinition/MotivoCierreInterconsulta">
          <valueCodeableConcept>
            <coding>
              <system value="https://interoperabilidad.minsal.cl/fhir/ig/tei/CodeSystem/CSMotivoCierreInterconsulta"/>
              <code value="2"/>
            </coding>
          </valueCodeableConcept>
        </extension>
        <extension url="https://interoperabilidad.minsal.cl/fhir/ig/tei/StructureDefinition/EstadoInterconsultaCodigoLE">
          <valueCodeableConcept>
            <coding>
              <system value="https://interoperabilidad.minsal.cl/fhir/ig/tei/CodeSystem/CSEstadoInterconsulta"/>
              <code value="7"/>
            </coding>
          </valueCodeableConcept>
        </extension>
        <identifier>
          <type>
            <coding>
              <system value="http://terminology.cens.cl/CodeSystem/listaespera"/>
              <code value="IdInterconsulta"/>
            </coding>
          </type>
          <value value="1"/>
        </identifier>
        <status value="draft"/>
        <intent value="proposal"/>
        <subject>
          <reference value="http://acme.com/ehr/fhir/Patient/EjemploPatient"/>
        </subject>
      </ServiceRequest>
    </resource>
  </entry>
  <entry>
    <fullUrl value="http://acme.com/ehr/fhir/PractitionerRole/terminarTerminador"/>
    <resource>
      <PractitionerRole>
        <id value="EjemploPractitionerRoleTerminar"/>
        <meta>
          <profile value="https://interoperabilidad.minsal.cl/fhir/ig/tei/StructureDefinition/PractitionerRoleLE"/>
        </meta>
        <text>
          <status value="generated"/><div xmlns="http://www.w3.org/1999/xhtml"><p><b>Generated Narrative: PractitionerRole</b><a name="EjemploPractitionerRoleTerminar"> </a></p><div style="display: inline-block; background-color: #d9e0e7; padding: 6px; margin: 4px; border: 1px solid #8da1b4; border-radius: 5px; line-height: 60%"><p style="margin-bottom: 0px">Resource PractitionerRole &quot;EjemploPractitionerRoleTerminar&quot; </p><p style="margin-bottom: 0px">Profile: <a href="StructureDefinition-PractitionerRoleLE.html">PractitionerRole LE</a></p></div><p><b>practitioner</b>: <a href="#Practitioner_EjemploPractitionerTerminar">See above (http://acme.com/ehr/fhir/Practitioner/terminarTerminador)</a></p><p><b>organization</b>: <a href="#Organization_EjemploOrganizationTerminar">See above (http://acme.com/ehr/fhir/Organization/terminarTerminador)</a></p><p><b>code</b>: Terminador <span style="background: LightGoldenRodYellow; margin: 4px; border: 1px solid khaki"> (<a href="CodeSystem-CSPractitionerTipoRolLE.html">Rol de médicos</a>#terminador)</span></p></div>
        </text>
        <practitioner>
          <reference value="http://acme.com/ehr/fhir/Practitioner/terminarTerminador"/>
        </practitioner>
        <organization>
          <reference value="http://acme.com/ehr/fhir/Organization/terminarTerminador"/>
        </organization>
        <code>
          <coding>
            <system value="https://interoperabilidad.minsal.cl/fhir/ig/tei/CodeSystem/CSPractitionerTipoRolLE"/>
            <code value="terminador"/>
          </coding>
        </code>
      </PractitionerRole>
    </resource>
  </entry>
  <entry>
    <fullUrl value="http://acme.com/ehr/fhir/Practitioner/terminarTerminador"/>
    <resource>
      <Practitioner>
        <id value="EjemploPractitionerTerminar"/>
        <meta>
          <profile value="https://interoperabilidad.minsal.cl/fhir/ig/tei/StructureDefinition/MINSALPrestadorAdministrativo"/>
        </meta>
        <text>
          <status value="extensions"/><div xmlns="http://www.w3.org/1999/xhtml"><p><b>Generated Narrative: Practitioner</b><a name="EjemploPractitionerTerminar"> </a></p><div style="display: inline-block; background-color: #d9e0e7; padding: 6px; margin: 4px; border: 1px solid #8da1b4; border-radius: 5px; line-height: 60%"><p style="margin-bottom: 0px">Resource Practitioner &quot;EjemploPractitionerTerminar&quot; </p><p style="margin-bottom: 0px">Profile: <a href="StructureDefinition-MINSALPrestadorAdministrativo.html">MINSAL Prestador Administrativo</a></p></div><p><b>Codigo de Identificación de países</b>: Chile <span style="background: LightGoldenRodYellow; margin: 4px; border: 1px solid khaki"> (<a href="https://hl7chile.cl/fhir/ig/clcore/1.8.5/CodeSystem-CodPais.html">Códigos de Países</a>#152)</span></p><p><b>identifier</b>: 1: 32.333.333-3 (use: OFFICIAL)</p><p><b>active</b>: true</p><p><b>name</b>: Juan Perez </p><p><b>telecom</b>: <a href="tel:+56982460152">+56982460152</a></p><p><b>address</b>: null null null </p><p><b>gender</b>: male</p><p><b>birthDate</b>: 1982-08-24</p></div>
        </text>
        <extension url="https://hl7chile.cl/fhir/ig/clcore/StructureDefinition/CodigoPaises">
          <valueCodeableConcept>
            <coding>
              <system value="https://hl7chile.cl/fhir/ig/clcore/CodeSystem/CodPais"/>
              <code value="152"/>
              <display value="Chile"/>
            </coding>
          </valueCodeableConcept>
        </extension>
        <identifier>
          <use value="official"/>
          <type>
            <coding>
              <system value="https://interoperabilidad.minsal.cl/fhir/ig/hpd/CodeSystem/VSTipoIdentificadorDEIS"/>
              <code value="1"/>
            </coding>
          </type>
          <system value="https://api.cl/system/run"/>
          <value value="32.333.333-3"/>
        </identifier>
        <active value="true"/>
        <name>
          <family value="Perez"/>
          <given value="Juan"/>
        </name>
        <telecom>
          <system value="phone"/>
          <value value="+56982460152"/>
          <use value="home"/>
          <rank value="1"/>
        </telecom>
        <address>
          <city>
            <extension url="https://hl7chile.cl/fhir/ig/clcore/StructureDefinition/ComunasCl">
              <valueCodeableConcept>
                <coding>
                  <system value="https://hl7chile.cl/fhir/ig/clcore/CodeSystem/CSCodComunasCL"/>
                  <code value="05602"/>
                  <display value="Algarrobo"/>
                </coding>
              </valueCodeableConcept>
            </extension>
          </city>
          <district>
            <extension url="https://hl7chile.cl/fhir/ig/clcore/StructureDefinition/ProvinciasCl">
              <valueCodeableConcept>
                <coding>
                  <system value="https://hl7chile.cl/fhir/ig/clcore/CodeSystem/CSCodProvinciasCL"/>
                  <code value="056"/>
                  <display value="San Antonio"/>
                </coding>
              </valueCodeableConcept>
            </extension>
          </district>
          <state>
            <extension url="https://hl7chile.cl/fhir/ig/clcore/StructureDefinition/RegionesCl">
              <valueCodeableConcept>
                <coding>
                  <system value="https://hl7chile.cl/fhir/ig/clcore/CodeSystem/CSCodRegionCL"/>
                  <code value="05"/>
                  <display value="Valparaíso"/>
                </coding>
              </valueCodeableConcept>
            </extension>
          </state>
          <country>
            <extension url="https://hl7chile.cl/fhir/ig/clcore/StructureDefinition/CodigoPaises">
              <valueCodeableConcept>
                <coding>
                  <system value="https://hl7chile.cl/fhir/ig/clcore/CodeSystem/CodPais"/>
                  <code value="152"/>
                  <display value="Chile"/>
                </coding>
              </valueCodeableConcept>
            </extension>
          </country>
        </address>
        <gender value="male"/>
        <birthDate value="1982-08-24"/>
      </Practitioner>
    </resource>
  </entry>
  <entry>
    <fullUrl value="http://acme.com/ehr/fhir/Organization/terminarTerminador"/>
    <resource>
      <Organization>
        <id value="EjemploOrganizationTerminar"/>
        <meta>
          <profile value="https://interoperabilidad.minsal.cl/fhir/ig/tei/StructureDefinition/OrganizationLE"/>
        </meta>
        <text>
          <status value="generated"/><div xmlns="http://www.w3.org/1999/xhtml"><p><b>Generated Narrative: Organization</b><a name="EjemploOrganizationTerminar"> </a></p><div style="display: inline-block; background-color: #d9e0e7; padding: 6px; margin: 4px; border: 1px solid #8da1b4; border-radius: 5px; line-height: 60%"><p style="margin-bottom: 0px">Resource Organization &quot;EjemploOrganizationTerminar&quot; </p><p style="margin-bottom: 0px">Profile: <a href="StructureDefinition-OrganizationLE.html">Organization LE</a></p></div><p><b>identifier</b>: Placer Identifier: 2</p></div>
        </text>
        <identifier>
          <type>
            <coding>
              <system value="http://terminology.hl7.org/CodeSystem/v2-0203"/>
              <code value="PLAC"/>
            </coding>
          </type>
          <value value="2"/>
        </identifier>
      </Organization>
    </resource>
  </entry>
</Bundle>