<?xml version="1.0" encoding="UTF-8"?>

<CodeSystem xmlns="http://hl7.org/fhir">
  <id value="CSTipoEventoLE"/>
  <text>
    <status value="generated"/><div xmlns="http://www.w3.org/1999/xhtml"><p>This case-sensitive code system <code>https://interoperabilidad.minsal.cl/fhir/ig/tei/CodeSystem/CSTipoEventoLE</code> defines the following codes:</p><table class="codes"><tr><td style="white-space:nowrap"><b>Code</b></td><td><b>Display</b></td></tr><tr><td style="white-space:nowrap">iniciar<a name="CSTipoEventoLE-iniciar"> </a></td><td>Iniciar</td></tr><tr><td style="white-space:nowrap">referenciar<a name="CSTipoEventoLE-referenciar"> </a></td><td>Referenciar</td></tr><tr><td style="white-space:nowrap">revisar<a name="CSTipoEventoLE-revisar"> </a></td><td>Revisar</td></tr><tr><td style="white-space:nowrap">priorizar<a name="CSTipoEventoLE-priorizar"> </a></td><td>Priorizar</td></tr><tr><td style="white-space:nowrap">agendar<a name="CSTipoEventoLE-agendar"> </a></td><td>Agendar</td></tr><tr><td style="white-space:nowrap">atender<a name="CSTipoEventoLE-atender"> </a></td><td>Atender</td></tr><tr><td style="white-space:nowrap">terminar<a name="CSTipoEventoLE-terminar"> </a></td><td>Terminar</td></tr></table></div>
  </text>
  <url value="https://interoperabilidad.minsal.cl/fhir/ig/tei/CodeSystem/CSTipoEventoLE"/>
  <version value="0.1.7"/>
  <name value="CSTipoEventoLE"/>
  <title value="Tipo de Evento"/>
  <status value="active"/>
  <experimental value="false"/>
  <date value="2023-01-15"/>
  <publisher value="Unidad de Interoperabilidad - MINSAL"/>
  <contact>
    <name value="Unidad de Interoperabilidad - MINSAL"/>
    <telecom>
      <system value="url"/>
      <value value="https://interoperabilidad.minsal.cl"/>
    </telecom>
  </contact>
  <description value="CodeSystem con códigos definidos para representar cada evento en la interconsulta"/>
  <jurisdiction>
    <coding>
      <system value="urn:iso:std:iso:3166"/>
      <code value="CL"/>
      <display value="Chile"/>
    </coding>
  </jurisdiction>
  <caseSensitive value="true"/>
  <content value="complete"/>
  <count value="7"/>
  <concept>
    <code value="iniciar"/>
    <display value="Iniciar"/>
  </concept>
  <concept>
    <code value="referenciar"/>
    <display value="Referenciar"/>
  </concept>
  <concept>
    <code value="revisar"/>
    <display value="Revisar"/>
  </concept>
  <concept>
    <code value="priorizar"/>
    <display value="Priorizar"/>
  </concept>
  <concept>
    <code value="agendar"/>
    <display value="Agendar"/>
  </concept>
  <concept>
    <code value="atender"/>
    <display value="Atender"/>
  </concept>
  <concept>
    <code value="terminar"/>
    <display value="Terminar"/>
  </concept>
</CodeSystem>