<?xml version="1.0" encoding="UTF-8"?>

<CodeSystem xmlns="http://hl7.org/fhir">
  <id value="CSDestinoReferenciaCodigo"/>
  <text>
    <status value="generated"/><div xmlns="http://www.w3.org/1999/xhtml">Placeholder</div>
  </text>
  <url value="https://interoperabilidad.minsal.cl/fhir/ig/tei/CodeSystem/CSDestinoReferenciaCodigo"/>
  <version value="0.1.5"/>
  <name value="CSDestinoReferenciaCodigo"/>
  <title value="Destino Referencia Codigo"/>
  <status value="active"/>
  <experimental value="false"/>
  <date value="2023-01-15"/>
  <publisher value="Unidad de Interoperabilidad - MINSAL"/>
  <contact>
    <name value="Unidad de Interoperabilidad - MINSAL"/>
    <telecom>
      <system value="url"/>
      <value value="https://interoperabilidad.minsal.cl"/>
    </telecom>
  </contact>
  <description value="Destino Referencia Codigo"/>
  <jurisdiction>
    <coding>
      <system value="urn:iso:std:iso:3166"/>
      <code value="CL"/>
      <display value="Chile"/>
    </coding>
  </jurisdiction>
  <caseSensitive value="true"/>
  <content value="complete"/>
  <count value="5"/>
  <concept>
    <code value="1"/>
    <display value="Nivel Secundario"/>
  </concept>
  <concept>
    <code value="2"/>
    <display value="APS"/>
  </concept>
  <concept>
    <code value="3"/>
    <display value="Extra Sistema"/>
  </concept>
  <concept>
    <code value="4"/>
    <display value="Hospital Digital"/>
  </concept>
  <concept>
    <code value="5"/>
    <display value="Establecimiento de alta complejidad"/>
  </concept>
</CodeSystem>