<?xml version="1.0" encoding="UTF-8"?>

<CodeSystem xmlns="http://hl7.org/fhir">
  <id value="CSDocAcreditacionCuidador"/>
  <text>
    <status value="generated"/><div xmlns="http://www.w3.org/1999/xhtml">Placeholder</div>
  </text>
  <url value="https://interoperabilidad.minsal.cl/fhir/ig/tei/CodeSystem/CSDocAcreditacionCuidador"/>
  <version value="0.1.5"/>
  <name value="CSDocAcreditacionCuidador"/>
  <title value="Documento Acreditacion Cuidador"/>
  <status value="active"/>
  <experimental value="false"/>
  <date value="2023-01-15"/>
  <publisher value="Unidad de Interoperabilidad - MINSAL"/>
  <contact>
    <name value="Unidad de Interoperabilidad - MINSAL"/>
    <telecom>
      <system value="url"/>
      <value value="https://interoperabilidad.minsal.cl"/>
    </telecom>
  </contact>
  <description value="Documento Acreditacion Cuidador"/>
  <jurisdiction>
    <coding>
      <system value="urn:iso:std:iso:3166"/>
      <code value="CL"/>
      <display value="Chile"/>
    </coding>
  </jurisdiction>
  <caseSensitive value="true"/>
  <content value="complete"/>
  <count value="6"/>
  <concept>
    <code value="1"/>
    <display value="Documento que acredita calidad de cuidador/a del Programa Red Local de Apoyos y Cuidados (MIDESOF)"/>
  </concept>
  <concept>
    <code value="2"/>
    <display value="Documento que acredita calidad de cuidador/a del Programa de Atención Domicliaria a Personas con Dependencia Severa (MINSAL APS)"/>
  </concept>
  <concept>
    <code value="3"/>
    <display value="Documento de que acredita calidad de cuidador/a de las Unidades de Cuidados Paliativos Universales (MINSAL)"/>
  </concept>
  <concept>
    <code value="4"/>
    <display value="Documento de que acredita calidad de cuidador/a del Programa de Cuidados Domiciliarios (SENAMA)"/>
  </concept>
  <concept>
    <code value="5"/>
    <display value="Documento de que acredita calidad de cuidador/a de Centro de Apoyo Comunitario para Personas con Demencia (MINSAL)"/>
  </concept>
  <concept>
    <code value="6"/>
    <display value="Credencial de cuidador/a Registro Social de Hogares (MIDESOF)"/>
  </concept>
</CodeSystem>