<?xml version="1.0" encoding="UTF-8"?>

<Practitioner xmlns="http://hl7.org/fhir">
  <id value="EjemploPractitionerAgendarAtendedor"/>
  <meta>
    <profile value="https://interoperabilidad.minsal.cl/fhir/ig/tei/StructureDefinition/MINSALPrestadorProfesional"/>
  </meta>
  <text>
    <status value="extensions"/><div xmlns="http://www.w3.org/1999/xhtml"><p><b>Generated Narrative: Practitioner</b><a name="EjemploPractitionerAgendarAtendedor"> </a></p><div style="display: inline-block; background-color: #d9e0e7; padding: 6px; margin: 4px; border: 1px solid #8da1b4; border-radius: 5px; line-height: 60%"><p style="margin-bottom: 0px">Resource Practitioner &quot;EjemploPractitionerAgendarAtendedor&quot; </p><p style="margin-bottom: 0px">Profile: <a href="StructureDefinition-MINSALPrestadorProfesional.html">MINSAL Prestador Profesional</a></p></div><p><b>Codigo de Identificación de países</b>: Chile <span style="background: LightGoldenRodYellow; margin: 4px; border: 1px solid khaki"> (<a href="https://hl7chile.cl/fhir/ig/clcore/1.8.5/CodeSystem-CodPais.html">Códigos de Países</a>#152)</span></p><p><b>identifier</b>: 1: 32.333.333-3 (use: OFFICIAL), 2: 123884 (use: OFFICIAL)</p><p><b>active</b>: true</p><p><b>name</b>: Juan Perez </p><p><b>telecom</b>: <a href="tel:+56982460152">+56982460152</a></p><p><b>address</b>: null null null </p><p><b>gender</b>: male</p><p><b>birthDate</b>: 1982-08-24</p><blockquote><p><b>qualification</b></p><p><b>identifier</b>: id: esp</p><p><b>code</b>: Cirujano Plastico <span style="background: LightGoldenRodYellow; margin: 4px; border: 1px solid khaki"> (CSTituloProf#1 &quot;Médico(a) Cirujano(a)&quot;)</span></p><p><b>period</b>: 2023-01-01 --&gt; 2100-01-31</p></blockquote><blockquote><p><b>qualification</b></p><p><b>identifier</b>: id: subesp</p><p><b>code</b>: Cirujano Plastico en Oreja Derecha <span style="background: LightGoldenRodYellow; margin: 4px; border: 1px solid khaki"> (CSTituloProf#1 &quot;Médico(a) Cirujano(a)&quot;)</span></p><p><b>period</b>: 2024-01-01 --&gt; 2100-01-31</p></blockquote></div>
  </text>
  <extension url="https://hl7chile.cl/fhir/ig/clcore/StructureDefinition/CodigoPaises">
    <valueCodeableConcept>
      <coding>
        <system value="https://hl7chile.cl/fhir/ig/clcore/CodeSystem/CodPais"/>
        <code value="152"/>
        <display value="Chile"/>
      </coding>
    </valueCodeableConcept>
  </extension>
  <identifier>
    <use value="official"/>
    <type>
      <coding>
        <system value="https://interoperabilidad.minsal.cl/fhir/ig/hpd/CodeSystem/VSTipoIdentificadorDEIS"/>
        <code value="1"/>
      </coding>
    </type>
    <system value="https://api.cl/system/run"/>
    <value value="32.333.333-3"/>
  </identifier>
  <identifier>
    <use value="official"/>
    <type>
      <coding>
        <system value="https://interoperabilidad.minsal.cl/fhir/ig/hpd/CodeSystem/VSTipoIdentificadorDEIS"/>
        <code value="2"/>
      </coding>
    </type>
    <value value="123884"/>
  </identifier>
  <active value="true"/>
  <name>
    <family value="Perez"/>
    <given value="Juan"/>
  </name>
  <telecom>
    <system value="phone"/>
    <value value="+56982460152"/>
    <use value="home"/>
    <rank value="1"/>
  </telecom>
  <address>
    <city>
      <extension url="https://hl7chile.cl/fhir/ig/clcore/StructureDefinition/ComunasCl">
        <valueCodeableConcept>
          <coding>
            <system value="https://hl7chile.cl/fhir/ig/clcore/CodeSystem/CSCodComunasCL"/>
            <code value="05602"/>
            <display value="Algarrobo"/>
          </coding>
        </valueCodeableConcept>
      </extension>
    </city>
    <district>
      <extension url="https://hl7chile.cl/fhir/ig/clcore/StructureDefinition/ProvinciasCl">
        <valueCodeableConcept>
          <coding>
            <system value="https://hl7chile.cl/fhir/ig/clcore/CodeSystem/CSCodProvinciasCL"/>
            <code value="056"/>
            <display value="San Antonio"/>
          </coding>
        </valueCodeableConcept>
      </extension>
    </district>
    <state>
      <extension url="https://hl7chile.cl/fhir/ig/clcore/StructureDefinition/RegionesCl">
        <valueCodeableConcept>
          <coding>
            <system value="https://hl7chile.cl/fhir/ig/clcore/CodeSystem/CSCodRegionCL"/>
            <code value="05"/>
            <display value="Valparaíso"/>
          </coding>
        </valueCodeableConcept>
      </extension>
    </state>
    <country>
      <extension url="https://hl7chile.cl/fhir/ig/clcore/StructureDefinition/CodigoPaises">
        <valueCodeableConcept>
          <coding>
            <system value="https://hl7chile.cl/fhir/ig/clcore/CodeSystem/CodPais"/>
            <code value="152"/>
            <display value="Chile"/>
          </coding>
        </valueCodeableConcept>
      </extension>
    </country>
  </address>
  <gender value="male"/>
  <birthDate value="1982-08-24"/>
  <qualification>
    <identifier>
      <value value="esp"/>
    </identifier>
    <code>
      <coding>
        <system value="http://minsal.cl/fhir/core/CodeSystem/CSTituloProf"/>
        <code value="1"/>
        <display value="Médico(a) Cirujano(a)"/>
      </coding>
      <text value="Cirujano Plastico"/>
    </code>
    <period>
      <start value="2023-01-01"/>
      <end value="2100-01-31"/>
    </period>
  </qualification>
  <qualification>
    <identifier>
      <value value="subesp"/>
    </identifier>
    <code>
      <coding>
        <system value="http://minsal.cl/fhir/core/CodeSystem/CSTituloProf"/>
        <code value="1"/>
        <display value="Médico(a) Cirujano(a)"/>
      </coding>
      <text value="Cirujano Plastico en Oreja Derecha"/>
    </code>
    <period>
      <start value="2024-01-01"/>
      <end value="2100-01-31"/>
    </period>
  </qualification>
</Practitioner>