<?xml version="1.0" encoding="UTF-8"?>

<PractitionerRole xmlns="http://hl7.org/fhir">
  <id value="EjemploPractitionerRoleTerminar"/>
  <meta>
    <profile value="https://interoperabilidad.minsal.cl/fhir/ig/tei/StructureDefinition/PractitionerRoleLE"/>
  </meta>
  <text>
    <status value="generated"/><div xmlns="http://www.w3.org/1999/xhtml"><p><b>Generated Narrative: PractitionerRole</b><a name="EjemploPractitionerRoleTerminar"> </a></p><div style="display: inline-block; background-color: #d9e0e7; padding: 6px; margin: 4px; border: 1px solid #8da1b4; border-radius: 5px; line-height: 60%"><p style="margin-bottom: 0px">Resource PractitionerRole &quot;EjemploPractitionerRoleTerminar&quot; </p><p style="margin-bottom: 0px">Profile: <a href="StructureDefinition-PractitionerRoleLE.html">PractitionerRole LE</a></p></div><p><b>practitioner</b>: <a href="Practitioner-EjemploPractitionerTerminar.html">Practitioner/EjemploPractitionerTerminar</a> &quot; PEREZ&quot;</p><p><b>organization</b>: <a href="Organization-EjemploOrganizationTerminar.html">Organization/EjemploOrganizationTerminar</a></p><p><b>code</b>: Terminador <span style="background: LightGoldenRodYellow; margin: 4px; border: 1px solid khaki"> (<a href="CodeSystem-CSPractitionerTipoRolLE.html">Rol de médicos</a>#terminador)</span></p></div>
  </text>
  <practitioner>
    <reference value="Practitioner/EjemploPractitionerTerminar"/>
  </practitioner>
  <organization>
    <reference value="Organization/EjemploOrganizationTerminar"/>
  </organization>
  <code>
    <coding>
      <system value="https://interoperabilidad.minsal.cl/fhir/ig/tei/CodeSystem/CSPractitionerTipoRolLE"/>
      <code value="terminador"/>
    </coding>
  </code>
</PractitionerRole>