{"resourceType":"CodeSystem","id":"CSConsecuenciaAtencionCodigo","text":{"status":"generated","div":"<div xmlns=\"http://www.w3.org/1999/xhtml\"><p>This case-sensitive code system <code>https://interoperabilidad.minsal.cl/fhir/ig/tei/CodeSystem/CSConsecuenciaAtencionCodigo</code> defines the following codes:</p><table class=\"codes\"><tr><td style=\"white-space:nowrap\"><b>Code</b></td><td><b>Display</b></td></tr><tr><td style=\"white-space:nowrap\">1<a name=\"CSConsecuenciaAtencionCodigo-1\"> </a></td><td>Control</td></tr><tr><td style=\"white-space:nowrap\">2<a name=\"CSConsecuenciaAtencionCodigo-2\"> </a></td><td>Alta</td></tr><tr><td style=\"white-space:nowrap\">3<a name=\"CSConsecuenciaAtencionCodigo-3\"> </a></td><td>Derivación</td></tr></table></div>"},"url":"https://interoperabilidad.minsal.cl/fhir/ig/tei/CodeSystem/CSConsecuenciaAtencionCodigo","version":"0.2.1","name":"CSConsecuenciaAtencionCodigo","title":"Consecuencia Atención Codigo","status":"active","experimental":false,"date":"2023-01-15","publisher":"Unidad de Interoperabilidad - MINSAL","contact":[{"name":"Unidad de Interoperabilidad - MINSAL","telecom":[{"system":"url","value":"https://interoperabilidad.minsal.cl"}]}],"description":"Consecuencia Atención Codigo","jurisdiction":[{"coding":[{"system":"urn:iso:std:iso:3166","code":"CL","display":"Chile"}]}],"caseSensitive":true,"content":"complete","count":3,"concept":[{"code":"1","display":"Control"},{"code":"2","display":"Alta"},{"code":"3","display":"Derivación"}]}