{"resourceType":"CodeSystem","id":"CSorigenInterconsulta","text":{"status":"generated","div":"<div xmlns=\"http://www.w3.org/1999/xhtml\"><p>This case-sensitive code system <code>https://interoperabilidad.minsal.cl/fhir/ig/tei/CodeSystem/CSorigenInterconsulta</code> defines the following codes:</p><table class=\"codes\"><tr><td style=\"white-space:nowrap\"><b>Code</b></td><td><b>Display</b></td></tr><tr><td style=\"white-space:nowrap\">1<a name=\"CSorigenInterconsulta-1\"> </a></td><td>APS</td></tr><tr><td style=\"white-space:nowrap\">2<a name=\"CSorigenInterconsulta-2\"> </a></td><td>Urgencia</td></tr><tr><td style=\"white-space:nowrap\">3<a name=\"CSorigenInterconsulta-3\"> </a></td><td>Derivación</td></tr></table></div>"},"url":"https://interoperabilidad.minsal.cl/fhir/ig/tei/CodeSystem/CSorigenInterconsulta","version":"0.9.1","name":"CSorigenInterconsulta","title":"Origen Interconsulta","status":"active","experimental":false,"date":"2023-01-15","publisher":"Unidad de Interoperabilidad - MINSAL","contact":[{"name":"Unidad de Interoperabilidad - MINSAL","telecom":[{"system":"url","value":"https://interoperabilidad.minsal.cl"}]}],"description":"Origen Interconsulta","jurisdiction":[{"coding":[{"system":"urn:iso:std:iso:3166","code":"CL","display":"Chile"}]}],"caseSensitive":true,"content":"complete","count":3,"concept":[{"code":"1","display":"APS"},{"code":"2","display":"Urgencia"},{"code":"3","display":"Derivación"}]}