{"resourceType":"CodeSystem","id":"CSEspecialidadBioqca","text":{"status":"generated","div":"<div xmlns=\"http://www.w3.org/1999/xhtml\"><p>This case-sensitive code system <code>https://interoperabilidad.minsal.cl/fhir/ig/tei/CodeSystem/CSEspecialidadBioqca</code> defines the following codes:</p><table class=\"codes\"><tr><td style=\"white-space:nowrap\"><b>Code</b></td><td><b>Display</b></td></tr><tr><td style=\"white-space:nowrap\">1<a name=\"CSEspecialidadBioqca-1\"> </a></td><td>Laboratorio Clínico</td></tr><tr><td style=\"white-space:nowrap\">2<a name=\"CSEspecialidadBioqca-2\"> </a></td><td>Laboratorio Forense</td></tr><tr><td style=\"white-space:nowrap\">3<a name=\"CSEspecialidadBioqca-3\"> </a></td><td>Salud Pública</td></tr></table></div>"},"url":"https://interoperabilidad.minsal.cl/fhir/ig/tei/CodeSystem/CSEspecialidadBioqca","version":"0.9.1","name":"CSEspecialidadBioqca","title":"Especialidades y Subespecialidades Bioquímicas","status":"active","experimental":false,"date":"2023-01-15","publisher":"Unidad de Interoperabilidad - MINSAL","contact":[{"name":"Unidad de Interoperabilidad - MINSAL","telecom":[{"system":"url","value":"https://interoperabilidad.minsal.cl"}]}],"description":"Especialidades y Subespecialidades Bioquímicas","jurisdiction":[{"coding":[{"system":"urn:iso:std:iso:3166","code":"CL","display":"Chile"}]}],"caseSensitive":true,"content":"complete","count":3,"concept":[{"code":"1","display":"Laboratorio Clínico"},{"code":"2","display":"Laboratorio Forense"},{"code":"3","display":"Salud Pública"}]}