{"resourceType":"CodeSystem","id":"CSIsapres","text":{"status":"generated","div":"<div xmlns=\"http://www.w3.org/1999/xhtml\"><p>This case-sensitive code system <code>https://interoperabilidad.minsal.cl/fhir/ig/tei/CodeSystem/CSIsapres</code> defines the following codes:</p><table class=\"codes\"><tr><td style=\"white-space:nowrap\"><b>Code</b></td><td><b>Display</b></td></tr><tr><td style=\"white-space:nowrap\">01<a name=\"CSIsapres-01\"> </a></td><td>Banmédica S.A.</td></tr><tr><td style=\"white-space:nowrap\">02<a name=\"CSIsapres-02\"> </a></td><td>Isalud Ltda.</td></tr><tr><td style=\"white-space:nowrap\">03<a name=\"CSIsapres-03\"> </a></td><td>Colmena Golden Cross S.A.</td></tr><tr><td style=\"white-space:nowrap\">04<a name=\"CSIsapres-04\"> </a></td><td>Consalud S.A.</td></tr><tr><td style=\"white-space:nowrap\">05<a name=\"CSIsapres-05\"> </a></td><td>Cruz Blanca S.A.</td></tr><tr><td style=\"white-space:nowrap\">06<a name=\"CSIsapres-06\"> </a></td><td>Cruz del Norte Ltda.</td></tr><tr><td style=\"white-space:nowrap\">07<a name=\"CSIsapres-07\"> </a></td><td>Nueva Masvida S.A.</td></tr><tr><td style=\"white-space:nowrap\">08<a name=\"CSIsapres-08\"> </a></td><td>Fundación Ltda.</td></tr><tr><td style=\"white-space:nowrap\">09<a name=\"CSIsapres-09\"> </a></td><td>Vida Tres S.A.</td></tr><tr><td style=\"white-space:nowrap\">10<a name=\"CSIsapres-10\"> </a></td><td>Esencial S.A.</td></tr></table></div>"},"url":"https://interoperabilidad.minsal.cl/fhir/ig/tei/CodeSystem/CSIsapres","version":"0.2.0","name":"CSIsapres","title":"Isapres","status":"active","experimental":false,"date":"2023-01-15","publisher":"Unidad de Interoperabilidad - MINSAL","contact":[{"name":"Unidad de Interoperabilidad - MINSAL","telecom":[{"system":"url","value":"https://interoperabilidad.minsal.cl"}]}],"description":"Isapres","jurisdiction":[{"coding":[{"system":"urn:iso:std:iso:3166","code":"CL","display":"Chile"}]}],"caseSensitive":true,"content":"complete","count":10,"concept":[{"code":"01","display":"Banmédica S.A."},{"code":"02","display":"Isalud Ltda."},{"code":"03","display":"Colmena Golden Cross S.A."},{"code":"04","display":"Consalud S.A."},{"code":"05","display":"Cruz Blanca S.A."},{"code":"06","display":"Cruz del Norte Ltda."},{"code":"07","display":"Nueva Masvida S.A."},{"code":"08","display":"Fundación Ltda."},{"code":"09","display":"Vida Tres S.A."},{"code":"10","display":"Esencial S.A."}]}