{"resourceType":"ConceptMap","id":"CMHipotesisDiagnosticaCodigoAConditionVerificationStatus","text":{"status":"extensions","div":"<div xmlns=\"http://www.w3.org/1999/xhtml\"><p>Mapping from <a href=\"ValueSet-VSHipotesisDiagnosticaCodigo.html\">HipotesisDiagnosticaCodigo</a> to <a href=\"http://terminology.hl7.org/5.3.0/ValueSet-condition-ver-status.html\">ConditionVerificationStatus</a></p><p>DRAFT (not intended for production usage). Published on 2023-04-28 by Unidad de Interoperabilidad - MINSAL (Unidad de Interoperabilidad - MINSAL: <a href=\"https://interoperabilidad.minsal.cl\">https://interoperabilidad.mins...</a>). </p><div><p>Mapping de codigos confirmación diagnostica a condition verfication status</p>\n</div><br/><p><b>Group 1</b>Mapping from <a href=\"CodeSystem-CSHipotesisDiagnosticaCodigo.html\">HipotesisDiagnosticaCodigo</a> to <a href=\"http://terminology.hl7.org/5.3.0/CodeSystem-condition-ver-status.html\">ConditionVerificationStatus</a></p><table class=\"grid\"><tr><td><b>Source Code</b></td><td><b>Relationship</b></td><td><b>Target Code</b></td></tr><tr><td>1 (Confirmada)</td><td><a href=\"http://hl7.org/fhir/R4/codesystem-concept-map-equivalence.html#null\"/></td><td>confirmed</td></tr><tr><td>2 (Descartada)</td><td><a href=\"http://hl7.org/fhir/R4/codesystem-concept-map-equivalence.html#null\"/></td><td>refuted</td></tr></table></div>"},"url":"https://interoperabilidad.minsal.cl/fhir/ig/tei/ConceptMap/CMHipotesisDiagnosticaCodigoAConditionVerificationStatus","version":"0.1.7","name":"CMHipotesisDiagnosticaCodigoAConditionVerificationStatus","title":"CMHipotesisDiagnosticaCodigoAConditionVerificationStatus","status":"draft","experimental":true,"date":"2023-04-28","publisher":"Unidad de Interoperabilidad - MINSAL","contact":[{"name":"Unidad de Interoperabilidad - MINSAL","telecom":[{"system":"url","value":"https://interoperabilidad.minsal.cl"}]}],"description":"Mapping de codigos confirmación diagnostica a condition verfication status","jurisdiction":[{"coding":[{"system":"urn:iso:std:iso:3166","code":"CL","display":"Chile"}]}],"sourceCanonical":"https://interoperabilidad.minsal.cl/fhir/ig/tei/ValueSet/VSHipotesisDiagnosticaCodigo","targetCanonical":"http://terminology.hl7.org/ValueSet/condition-ver-status","group":[{"source":"https://interoperabilidad.minsal.cl/fhir/ig/tei/CodeSystem/CSHipotesisDiagnosticaCodigo","target":"http://terminology.hl7.org/CodeSystem/condition-ver-status","element":[{"code":"1","display":"Confirmada","target":[{"modifierExtension":[{"url":"http://hl7.org/fhir/1.0/StructureDefinition/extension-ConceptMap.element.target.equivalence","valueCode":"equivalent"}],"code":"confirmed","display":"Confirmed","equivalence":"equivalent"}]},{"code":"2","display":"Descartada","target":[{"modifierExtension":[{"url":"http://hl7.org/fhir/1.0/StructureDefinition/extension-ConceptMap.element.target.equivalence","valueCode":"equivalent"}],"code":"refuted","display":"Refuted","equivalence":"equivalent"}]}]}]}