{"resourceType":"ValueSet","id":"VSEstadoInterconsulta","text":{"status":"generated","div":"<div xmlns=\"http://www.w3.org/1999/xhtml\"><ul><li>Include all codes defined in <a href=\"CodeSystem-CSEstadoInterconsulta.html\"><code>https://interoperabilidad.minsal.cl/fhir/ig/tei/CodeSystem/CSEstadoInterconsulta</code></a></li></ul></div>"},"url":"https://interoperabilidad.minsal.cl/fhir/ig/tei/ValueSet/VSEstadoInterconsulta","version":"0.9.1","name":"VSEstadoInterconsulta","title":"Estado Interconsulta","status":"active","experimental":false,"date":"2023-01-15","publisher":"Unidad de Interoperabilidad - MINSAL","contact":[{"name":"Unidad de Interoperabilidad - MINSAL","telecom":[{"system":"url","value":"https://interoperabilidad.minsal.cl"}]}],"description":"Estado Interconsulta","jurisdiction":[{"coding":[{"system":"urn:iso:std:iso:3166","code":"CL","display":"Chile"}]}],"compose":{"include":[{"system":"https://interoperabilidad.minsal.cl/fhir/ig/tei/CodeSystem/CSEstadoInterconsulta"}]}}