<?xml version="1.0" encoding="UTF-8"?>

<Bundle xmlns="http://hl7.org/fhir">
  <id value="EjemploBundleInicio"/>
  <meta>
    <lastUpdated value="2023-01-20T14:12:10Z"/>
    <profile value="http://minsal.cl/listaespera/StructureDefinition/BundleInicioLE"/>
  </meta>
  <type value="message"/>
  <timestamp value="2023-02-09T17:15:22Z"/>
  <entry>
    <fullUrl value="http://acme.com/ehr/fhir/MessageHeader/mh1"/>
    <resource>
      <MessageHeader>
        <id value="EjemploMessageHeader"/>
        <meta>
          <lastUpdated value="2023-01-20T14:12:10Z"/>
          <profile value="http://minsal.cl/listaespera/StructureDefinition/MessageHeaderLE"/>
        </meta>
        <text>
          <status value="generated"/><div xmlns="http://www.w3.org/1999/xhtml"><p><b>Generated Narrative: MessageHeader</b><a name="EjemploMessageHeader"> </a></p><div style="display: inline-block; background-color: #d9e0e7; padding: 6px; margin: 4px; border: 1px solid #8da1b4; border-radius: 5px; line-height: 60%"><p style="margin-bottom: 0px">Resource MessageHeader &quot;EjemploMessageHeader&quot; Updated &quot;2023-01-20 14:12:10+0000&quot; </p><p style="margin-bottom: 0px">Profile: <a href="StructureDefinition-MessageHeaderLE.html">MessageHeader LE</a></p></div><p><b>event</b>: Inicio (Details: http://minsal.cl/listaespera/CodeSystem/CSTipoEventoLE code inicio = 'Inicio', stated as 'null')</p><p><b>author</b>: <a href="#PractitionerRole_EjemploPractitionerRole">See above (http://acme.com/ehr/fhir/PractitionerRole/praR1)</a></p><h3>Sources</h3><table class="grid"><tr><td>-</td><td><b>Software</b></td><td><b>Endpoint</b></td></tr><tr><td>*</td><td>SolucionInformatica</td><td><a href="http://link-to-sending.cl">http://link-to-sending.cl</a></td></tr></table><p><b>focus</b>: <a href="#ServiceRequest_EjemploServiceRequest">See above (http://acme.com/ehr/fhir/ServiceRequest/serv1)</a></p></div>
        </text>
        <eventCoding>
          <system value="http://minsal.cl/listaespera/CodeSystem/CSTipoEventoLE"/>
          <code value="inicio"/>
        </eventCoding>
        <author>
          <reference value="http://acme.com/ehr/fhir/PractitionerRole/praR1"/>
        </author>
        <source>
          <software value="SolucionInformatica"/>
          <endpoint value="http://link-to-sending.cl"/>
        </source>
        <focus>
          <reference value="http://acme.com/ehr/fhir/ServiceRequest/serv1"/>
        </focus>
      </MessageHeader>
    </resource>
  </entry>
  <entry>
    <fullUrl value="http://acme.com/ehr/fhir/ServiceRequest/serv1"/>
    <resource>
      <ServiceRequest>
        <id value="EjemploServiceRequest"/>
        <meta>
          <profile value="http://minsal.cl/listaespera/StructureDefinition/ServiceRequestLE"/>
        </meta>
        <text>
          <status value="extensions"/><div xmlns="http://www.w3.org/1999/xhtml"><p><b>Generated Narrative: ServiceRequest</b><a name="EjemploServiceRequest"> </a></p><div style="display: inline-block; background-color: #d9e0e7; padding: 6px; margin: 4px; border: 1px solid #8da1b4; border-radius: 5px; line-height: 60%"><p style="margin-bottom: 0px">Resource ServiceRequest &quot;EjemploServiceRequest&quot; </p><p style="margin-bottom: 0px">Profile: <a href="StructureDefinition-ServiceRequestLE.html">ServiceRequest LE</a></p></div><p><b>Previsión determinada  de aseguramiento de salud del paciente.</b>: 1 <span style="background: LightGoldenRodYellow; margin: 4px; border: 1px solid khaki"> ([not stated]#1)</span></p><p><b>ExtStringFundamentoPriorizacion</b>: FundamentoPriorizacion</p><p><b>SospechaPatologiaGes</b>: true</p><p><b>ExtBool ResolutividadAPS</b>: true</p><p><b>ExtBool Alergia</b>: false</p><p><b>Origen Interconsulta</b>: 1 <span style="background: LightGoldenRodYellow; margin: 4px; border: 1px solid khaki"> ([not stated]#1)</span></p><p><b>Estado Interconsulta Codigo</b>: 1 <span style="background: LightGoldenRodYellow; margin: 4px; border: 1px solid khaki"> ([not stated]#1)</span></p><p><b>ExtBool Cuidador</b>: true</p><p><b>Doc Acreditacion Cuidador</b>: 1 <span style="background: LightGoldenRodYellow; margin: 4px; border: 1px solid khaki"> ([not stated]#1)</span></p><p><b>ExtBool PresentaDiscapacidad</b>: false</p><p><b>identifier</b>: IdInterconsulta: 1</p><p><b>status</b>: draft</p><p><b>intent</b>: proposal</p><p><b>priority</b>: urgent</p><p><b>subject</b>: <a href="#Patient_EjemploPatient">See above (http://acme.com/ehr/fhir/Patient/pat1)</a></p><p><b>encounter</b>: <a href="#Encounter_EjemploEncounter">See above (http://acme.com/ehr/fhir/Encounter/enc1)</a></p><p><b>authoredOn</b>: 2022-01-20 13:50:20+0000</p><p><b>reasonCode</b>: confirmacion <span style="background: LightGoldenRodYellow; margin: 4px; border: 1px solid khaki"> (motivoInterconsulta#1)</span></p><p><b>reasonReference</b>: <a href="#Observation_EjemploObservation">See above (http://acme.com/ehr/fhir/Observation/obs1)</a></p><p><b>supportingInfo</b>: </p><ul><li><a href="#Appointment_EjemploAppointment">See above (http://acme.com/ehr/fhir/Appointment/app1)</a></li><li><a href="#QuestionnaireResponse_EjemploQuestionnaireResponse">See above (http://acme.com/ehr/fhir/QuestionnaireResponse/que1)</a></li><li><a href="#AllergyIntolerance_EjemploAllergyIntolerance">See above (http://acme.com/ehr/fhir/AllergyIntolerance/all1)</a></li><li><a href="#Condition_EjemploCondition">See above (http://acme.com/ehr/fhir/Condition/con1)</a></li><li><a href="#Condition_EjemploCondition2">See above (http://acme.com/ehr/fhir/Condition/con2)</a></li><li><a href="#Condition_EjemploCondition3">See above (http://acme.com/ehr/fhir/Condition/con3)</a></li></ul></div>
        </text>
        <extension url="http://minsal.cl/listaespera/StructureDefinition/PrevisionCodigoLE">
          <valueCodeableConcept>
            <coding>
              <code value="1"/>
            </coding>
          </valueCodeableConcept>
        </extension>
        <extension url="http://minsal.cl/listaespera/StructureDefinition/ExtStringFundamentoPriorizacion">
          <valueString value="FundamentoPriorizacion"/>
        </extension>
        <extension url="http://minsal.cl/listaespera/StructureDefinition/SospechaPatologiaGes">
          <valueBoolean value="true"/>
        </extension>
        <extension url="http://minsal.cl/listaespera/StructureDefinition/ExtBoolResolutividadAPS">
          <valueBoolean value="true"/>
        </extension>
        <extension url="http://minsal.cl/listaespera/StructureDefinition/ExtBoolAlergia">
          <valueBoolean value="false"/>
        </extension>
        <extension url="http://minsal.cl/listaespera/StructureDefinition/OrigenInterconsulta">
          <valueCodeableConcept>
            <coding>
              <code value="1"/>
            </coding>
          </valueCodeableConcept>
        </extension>
        <extension url="http://minsal.cl/listaespera/StructureDefinition/EstadoInterconsultaCodigoLE">
          <valueCodeableConcept>
            <coding>
              <code value="1"/>
            </coding>
          </valueCodeableConcept>
        </extension>
        <extension url="http://minsal.cl/listaespera/StructureDefinition/ExtBoolCuidador">
          <valueBoolean value="true"/>
        </extension>
        <extension url="http://minsal.cl/listaespera/StructureDefinition/DocAcreditacionCuidadorCodigoLE">
          <valueCodeableConcept>
            <coding>
              <code value="1"/>
            </coding>
          </valueCodeableConcept>
        </extension>
        <extension url="http://minsal.cl/listaespera/StructureDefinition/ExtBoolPresentaDiscapacidad">
          <valueBoolean value="false"/>
        </extension>
        <identifier>
          <type>
            <coding>
              <system value="http://terminology.cens.cl/CodeSystem/listaespera"/>
              <code value="IdInterconsulta"/>
            </coding>
          </type>
          <value value="1"/>
        </identifier>
        <status value="draft"/>
        <intent value="proposal"/>
        <priority value="urgent"/>
        <subject>
          <reference value="http://acme.com/ehr/fhir/Patient/pat1"/>
        </subject>
        <encounter>
          <reference value="http://acme.com/ehr/fhir/Encounter/enc1"/>
        </encounter>
        <authoredOn value="2022-01-20T13:50:20Z"/>
        <reasonCode>
          <coding>
            <system value="http://terminology.cens.cl/codigosDeis/motivoInterconsulta"/>
            <code value="1"/>
            <display value="confirmacion"/>
          </coding>
        </reasonCode>
        <reasonReference>
          <reference value="http://acme.com/ehr/fhir/Observation/obs1"/>
        </reasonReference>
        <supportingInfo>
          <reference value="http://acme.com/ehr/fhir/Appointment/app1"/>
        </supportingInfo>
        <supportingInfo>
          <reference value="http://acme.com/ehr/fhir/QuestionnaireResponse/que1"/>
        </supportingInfo>
        <supportingInfo>
          <reference value="http://acme.com/ehr/fhir/AllergyIntolerance/all1"/>
        </supportingInfo>
        <supportingInfo>
          <reference value="http://acme.com/ehr/fhir/Condition/con1"/>
        </supportingInfo>
        <supportingInfo>
          <reference value="http://acme.com/ehr/fhir/Condition/con2"/>
        </supportingInfo>
        <supportingInfo>
          <reference value="http://acme.com/ehr/fhir/Condition/con3"/>
        </supportingInfo>
      </ServiceRequest>
    </resource>
  </entry>
  <entry>
    <fullUrl value="http://acme.com/ehr/fhir/Encounter/enc1"/>
    <resource>
      <Encounter>
        <id value="EjemploEncounter"/>
        <meta>
          <profile value="http://minsal.cl/listaespera/StructureDefinition/EncounterInicioLE"/>
        </meta>
        <text>
          <status value="generated"/><div xmlns="http://www.w3.org/1999/xhtml"><p><b>Generated Narrative: Encounter</b><a name="EjemploEncounter"> </a></p><div style="display: inline-block; background-color: #d9e0e7; padding: 6px; margin: 4px; border: 1px solid #8da1b4; border-radius: 5px; line-height: 60%"><p style="margin-bottom: 0px">Resource Encounter &quot;EjemploEncounter&quot; </p><p style="margin-bottom: 0px">Profile: <a href="StructureDefinition-EncounterInicioLE.html">Encounter Inicio LE</a></p></div><p><b>identifier</b>: IdConsultaAPS: 1</p><p><b>status</b>: finished</p><p><b>class</b>: AMB (Details: [not stated] code AMB = 'AMB', stated as 'null')</p><p><b>appointment</b>: <a href="#Appointment_EjemploAppointment">See above (http://acme.com/ehr/fhir/Appointment/app1)</a></p></div>
        </text>
        <identifier>
          <type>
            <coding>
              <system value="http://terminology.cens.cl/CodeSystem/listaespera"/>
              <code value="IdConsultaAPS"/>
            </coding>
          </type>
          <value value="1"/>
        </identifier>
        <status value="finished"/>
        <class>
          <code value="AMB"/>
        </class>
        <appointment>
          <reference value="http://acme.com/ehr/fhir/Appointment/app1"/>
        </appointment>
      </Encounter>
    </resource>
  </entry>
  <entry>
    <fullUrl value="http://acme.com/ehr/fhir/Appointment/app1"/>
    <resource>
      <Appointment>
        <id value="EjemploAppointment"/>
        <meta>
          <profile value="http://minsal.cl/listaespera/StructureDefinition/AppointmentInicioLE"/>
        </meta>
        <text>
          <status value="generated"/><div xmlns="http://www.w3.org/1999/xhtml"><p><b>Generated Narrative: Appointment</b><a name="EjemploAppointment"> </a></p><div style="display: inline-block; background-color: #d9e0e7; padding: 6px; margin: 4px; border: 1px solid #8da1b4; border-radius: 5px; line-height: 60%"><p style="margin-bottom: 0px">Resource Appointment &quot;EjemploAppointment&quot; </p><p style="margin-bottom: 0px">Profile: <a href="StructureDefinition-AppointmentInicioLE.html">Appointment Inicio LE</a></p></div><p><b>identifier</b>: id: 21</p><p><b>status</b>: fulfilled</p><p><b>start</b>: Jan 22, 2023, 6:00:00 AM</p><p><b>basedOn</b>: <a href="#ServiceRequest_EjemploServiceRequest">See above (http://acme.com/ehr/fhir/ServiceRequest/serv1)</a></p><h3>Participants</h3><table class="grid"><tr><td>-</td><td><b>Actor</b></td><td><b>Status</b></td></tr><tr><td>*</td><td><a href="#Practitioner_EjemploPractitioner">See above (http://acme.com/ehr/fhir/Practitioner/pra1)</a></td><td>accepted</td></tr></table></div>
        </text>
        <identifier>
          <value value="21"/>
        </identifier>
        <status value="fulfilled"/>
        <start value="2023-01-22T09:00:00Z"/>
        <basedOn>
          <reference value="http://acme.com/ehr/fhir/ServiceRequest/serv1"/>
        </basedOn>
        <participant>
          <actor>
            <reference value="http://acme.com/ehr/fhir/Practitioner/pra1"/>
          </actor>
          <status value="accepted"/>
        </participant>
      </Appointment>
    </resource>
  </entry>
  <entry>
    <fullUrl value="http://acme.com/ehr/fhir/Patient/pat1"/>
    <resource>
      <Patient>
        <id value="EjemploPatient"/>
        <meta>
          <profile value="http://minsal.cl/listaespera/StructureDefinition/PatientLE"/>
        </meta>
        <text>
          <status value="extensions"/><div xmlns="http://www.w3.org/1999/xhtml"><p><b>Generated Narrative: Patient</b><a name="EjemploPatient"> </a></p><div style="display: inline-block; background-color: #d9e0e7; padding: 6px; margin: 4px; border: 1px solid #8da1b4; border-radius: 5px; line-height: 60%"><p style="margin-bottom: 0px">Resource Patient &quot;EjemploPatient&quot; </p><p style="margin-bottom: 0px">Profile: <a href="StructureDefinition-PatientLE.html">Paciente LE</a></p></div><p><b>Codigo de Identificación de países</b>: Andorra <span style="background: LightGoldenRodYellow; margin: 4px; border: 1px solid khaki"> ([not stated]#AD)</span></p><p><b>Codigo de Identificación de Nacionalidad</b>: Andorra <span style="background: LightGoldenRodYellow; margin: 4px; border: 1px solid khaki"> ([not stated]#AD)</span></p><p><b>Identidad de genero</b>: 01 <span style="background: LightGoldenRodYellow; margin: 4px; border: 1px solid khaki"> ([not stated]#01)</span></p><p><b>ExtBool Afrodescendiente</b>: false</p><p><b>identifier</b>: RUN: 15999999</p><p><b>name</b>: Luis Perez (OFFICIAL), Luisa </p><p><b>telecom</b>: ph: 569854875457(MOBILE)</p><p><b>gender</b>: male</p><p><b>birthDate</b>: 1995-12-12</p></div>
        </text>
        <extension url="http://minsal.cl/listaespera/StructureDefinition/CodigoPaises">
          <valueCodeableConcept>
            <coding>
              <code value="AD"/>
            </coding>
            <text value="Andorra"/>
          </valueCodeableConcept>
        </extension>
        <extension url="http://minsal.cl/listaespera/StructureDefinition/NacionalidadCodigo">
          <valueCodeableConcept>
            <coding>
              <code value="AD"/>
            </coding>
            <text value="Andorra"/>
          </valueCodeableConcept>
        </extension>
        <extension url="http://minsal.cl/listaespera/StructureDefinition/IdentidadGenero">
          <valueCodeableConcept>
            <coding>
              <code value="01"/>
            </coding>
          </valueCodeableConcept>
        </extension>
        <extension url="http://minsal.cl/listaespera/StructureDefinition/ExtBoolAfrodescendiente">
          <valueBoolean value="false"/>
        </extension>
        <identifier>
          <extension url="http://minsal.cl/listaespera/StructureDefinition/DigitoVerificador">
            <valueString value="K"/>
          </extension>
          <type>
            <extension url="http://minsal.cl/listaespera/StructureDefinition/CodigoPaises">
              <valueCoding>
                <code value="AD"/>
              </valueCoding>
            </extension>
            <coding>
              <system value="http://minsal.cl/listaespera/CodeSystem/CSTipoIdentificador"/>
              <code value="1"/>
              <display value="RUN"/>
            </coding>
          </type>
          <system value="http://www.acme.com/identifiers/patient"/>
          <value value="15999999"/>
        </identifier>
        <name>
          <use value="official"/>
          <family value="Perez">
            <extension url="http://minsal.cl/listaespera/StructureDefinition/SegundoApellido">
              <valueString value="sierra"/>
            </extension>
          </family>
          <given value="Luis"/>
        </name>
        <name>
          <use value="usual"/>
          <given value="Luisa"/>
        </name>
        <telecom>
          <system value="phone"/>
          <value value="569854875457"/>
          <use value="mobile"/>
          <rank value="1"/>
        </telecom>
        <gender value="male"/>
        <birthDate value="1995-12-12"/>
      </Patient>
    </resource>
  </entry>
  <entry>
    <fullUrl value="http://acme.com/ehr/fhir/QuestionnaireResponse/que1"/>
    <resource>
      <QuestionnaireResponse>
        <id value="EjemploQuestionnaireResponse"/>
        <meta>
          <profile value="http://minsal.cl/listaespera/StructureDefinition/QuestionnaireResponseInicioLE"/>
        </meta>
        <text>
          <status value="generated"/><div xmlns="http://www.w3.org/1999/xhtml"><p><b>Generated Narrative: QuestionnaireResponse</b><a name="EjemploQuestionnaireResponse"> </a></p><div style="display: inline-block; background-color: #d9e0e7; padding: 6px; margin: 4px; border: 1px solid #8da1b4; border-radius: 5px; line-height: 60%"><p style="margin-bottom: 0px">Resource QuestionnaireResponse &quot;EjemploQuestionnaireResponse&quot; </p><p style="margin-bottom: 0px">Profile: <a href="StructureDefinition-QuestionnaireResponseInicioLE.html">QuestionnaireResponse Inicio LE</a></p></div><p><b>status</b>: completed</p><blockquote><p><b>item</b></p><p><b>linkId</b>: Resumen</p><p><b>text</b>: Resumen</p><h3>Answers</h3><table class="grid"><tr><td>-</td><td><b>Value[x]</b></td></tr><tr><td>*</td><td>Anamnesis</td></tr></table></blockquote></div>
        </text>
        <status value="completed"/>
        <item>
          <linkId value="Resumen"/>
          <text value="Resumen"/>
          <answer>
            <valueString value="Anamnesis"/>
          </answer>
        </item>
      </QuestionnaireResponse>
    </resource>
  </entry>
  <entry>
    <fullUrl value="http://acme.com/ehr/fhir/Condition/con1"/>
    <resource>
      <Condition>
        <id value="EjemploCondition"/>
        <meta>
          <profile value="http://minsal.cl/listaespera/StructureDefinition/ConditionInicioDiagnosticoSospechaLE"/>
        </meta>
        <text>
          <status value="generated"/><div xmlns="http://www.w3.org/1999/xhtml"><p><b>Generated Narrative: Condition</b><a name="EjemploCondition"> </a></p><div style="display: inline-block; background-color: #d9e0e7; padding: 6px; margin: 4px; border: 1px solid #8da1b4; border-radius: 5px; line-height: 60%"><p style="margin-bottom: 0px">Resource Condition &quot;EjemploCondition&quot; </p><p style="margin-bottom: 0px">Profile: <a href="StructureDefinition-ConditionInicioDiagnosticoSospechaLE.html">Condition Inicio Diagnostico Sospecha LE</a></p></div><p><b>category</b>: diagnostico <span style="background: LightGoldenRodYellow; margin: 4px; border: 1px solid khaki"> (<a href="http://terminology.hl7.org/3.1.0/CodeSystem-condition-category.html">Condition Category Codes</a>#encounter-diagnosis)</span></p><p><b>code</b>: DiagnosticoTextoLibreSospecha <span style="background: LightGoldenRodYellow; margin: 4px; border: 1px solid khaki"> (<a href="CodeSystem-CSTipoCodDiagnostica.html">Tipo Codificación Diagnostica</a>#2)</span></p><p><b>subject</b>: <a href="#Patient_EjemploPatient">See above (http://acme.com/ehr/fhir/Patient/pat1)</a></p><p><b>note</b>: FundamentoDiagnostico</p></div>
        </text>
        <category>
          <coding>
            <system value="http://terminology.hl7.org/CodeSystem/condition-category"/>
            <code value="encounter-diagnosis"/>
          </coding>
          <text value="diagnostico"/>
        </category>
        <code>
          <coding>
            <system value="http://minsal.cl/listaespera/CodeSystem/CSTipoCodDiagnostica"/>
            <code value="2"/>
          </coding>
          <text value="DiagnosticoTextoLibreSospecha"/>
        </code>
        <subject>
          <reference value="http://acme.com/ehr/fhir/Patient/pat1"/>
        </subject>
        <note>
          <text value="FundamentoDiagnostico"/>
        </note>
      </Condition>
    </resource>
  </entry>
  <entry>
    <fullUrl value="http://acme.com/ehr/fhir/Condition/con2"/>
    <resource>
      <Condition>
        <id value="EjemploCondition2"/>
        <meta>
          <profile value="http://minsal.cl/listaespera/StructureDefinition/ConditionInicioIndiceComorbilidadLE"/>
        </meta>
        <text>
          <status value="generated"/><div xmlns="http://www.w3.org/1999/xhtml"><p><b>Generated Narrative: Condition</b><a name="EjemploCondition2"> </a></p><div style="display: inline-block; background-color: #d9e0e7; padding: 6px; margin: 4px; border: 1px solid #8da1b4; border-radius: 5px; line-height: 60%"><p style="margin-bottom: 0px">Resource Condition &quot;EjemploCondition2&quot; </p><p style="margin-bottom: 0px">Profile: <a href="StructureDefinition-ConditionInicioIndiceComorbilidadLE.html">Condition Inicio Indice Comorbilidad LE</a></p></div><p><b>category</b>: Indice Comorbilidad <span style="background: LightGoldenRodYellow; margin: 4px; border: 1px solid khaki"> (<a href="http://terminology.hl7.org/3.1.0/CodeSystem-condition-category.html">Condition Category Codes</a>#problem-list-item)</span></p><p><b>code</b>: DiagnosticoTextoLibreSospecha <span style="background: LightGoldenRodYellow; margin: 4px; border: 1px solid khaki"> (<a href="CodeSystem-CSIndicecomorbilidad.html">Indice Comorbilidad</a>#G1)</span></p><p><b>subject</b>: <a href="#Patient_EjemploPatient">See above (http://acme.com/ehr/fhir/Patient/pat1)</a></p></div>
        </text>
        <category>
          <coding>
            <system value="http://terminology.hl7.org/CodeSystem/condition-category"/>
            <code value="problem-list-item"/>
          </coding>
          <text value="Indice Comorbilidad"/>
        </category>
        <code>
          <coding>
            <system value="http://minsal.cl/listaespera/CodeSystem/CSIndicecomorbilidad"/>
            <code value="G1"/>
          </coding>
          <text value="DiagnosticoTextoLibreSospecha"/>
        </code>
        <subject>
          <reference value="http://acme.com/ehr/fhir/Patient/pat1"/>
        </subject>
      </Condition>
    </resource>
  </entry>
  <entry>
    <fullUrl value="http://acme.com/ehr/fhir/Condition/con3"/>
    <resource>
      <Condition>
        <id value="EjemploCondition3"/>
        <meta>
          <profile value="http://minsal.cl/listaespera/StructureDefinition/ConditionInicioSospechaGesLE"/>
        </meta>
        <text>
          <status value="generated"/><div xmlns="http://www.w3.org/1999/xhtml"><p><b>Generated Narrative: Condition</b><a name="EjemploCondition3"> </a></p><div style="display: inline-block; background-color: #d9e0e7; padding: 6px; margin: 4px; border: 1px solid #8da1b4; border-radius: 5px; line-height: 60%"><p style="margin-bottom: 0px">Resource Condition &quot;EjemploCondition3&quot; </p><p style="margin-bottom: 0px">Profile: <a href="StructureDefinition-ConditionInicioSospechaGesLE.html">Condition Inicio Sospecha Ges LE</a></p></div><p><b>category</b>: sospechaGes <span style="background: LightGoldenRodYellow; margin: 4px; border: 1px solid khaki"> (<a href="http://terminology.hl7.org/3.1.0/CodeSystem-condition-category.html">Condition Category Codes</a>#problem-list-item)</span></p><p><b>code</b>: SospechaPatologiaGesGlosa <span style="background: LightGoldenRodYellow; margin: 4px; border: 1px solid khaki"> (<a href="CodeSystem-CSSospechaPatologiaGes.html">Sospecha Patologia Ges</a>#A000)</span></p><p><b>subject</b>: <a href="#Patient_EjemploPatient">See above (http://acme.com/ehr/fhir/Patient/pat1)</a></p></div>
        </text>
        <category>
          <coding>
            <system value="http://terminology.hl7.org/CodeSystem/condition-category"/>
            <code value="problem-list-item"/>
          </coding>
          <text value="sospechaGes"/>
        </category>
        <code>
          <coding>
            <system value="http://minsal.cl/listaespera/CodeSystem/CSSospechaPatologiaGes"/>
            <code value="A000"/>
          </coding>
          <text value="SospechaPatologiaGesGlosa"/>
        </code>
        <subject>
          <reference value="http://acme.com/ehr/fhir/Patient/pat1"/>
        </subject>
      </Condition>
    </resource>
  </entry>
  <entry>
    <fullUrl value="http://acme.com/ehr/fhir/Observation/obs1"/>
    <resource>
      <Observation>
        <id value="EjemploObservation"/>
        <meta>
          <profile value="http://minsal.cl/listaespera/StructureDefinition/ObservationInicioLE"/>
        </meta>
        <text>
          <status value="generated"/><div xmlns="http://www.w3.org/1999/xhtml"><p><b>Generated Narrative: Observation</b><a name="EjemploObservation"> </a></p><div style="display: inline-block; background-color: #d9e0e7; padding: 6px; margin: 4px; border: 1px solid #8da1b4; border-radius: 5px; line-height: 60%"><p style="margin-bottom: 0px">Resource Observation &quot;EjemploObservation&quot; </p><p style="margin-bottom: 0px">Profile: <a href="StructureDefinition-ObservationInicioLE.html">Observation Inicio LE</a></p></div><p><b>status</b>: registered</p><p><b>code</b>: examenes <span style="background: LightGoldenRodYellow; margin: 4px; border: 1px solid khaki"> ()</span></p><p><b>value</b>: examenes realizados</p></div>
        </text>
        <status value="registered"/>
        <code>
          <text value="examenes"/>
        </code>
        <valueString value="examenes realizados"/>
      </Observation>
    </resource>
  </entry>
  <entry>
    <fullUrl value="http://acme.com/ehr/fhir/AllergyIntolerance/all1"/>
    <resource>
      <AllergyIntolerance>
        <id value="EjemploAllergyIntolerance"/>
        <meta>
          <profile value="http://minsal.cl/listaespera/StructureDefinition/AllergyIntoleranceInicioLE"/>
        </meta>
        <text>
          <status value="generated"/><div xmlns="http://www.w3.org/1999/xhtml"><p><b>Generated Narrative: AllergyIntolerance</b><a name="EjemploAllergyIntolerance"> </a></p><div style="display: inline-block; background-color: #d9e0e7; padding: 6px; margin: 4px; border: 1px solid #8da1b4; border-radius: 5px; line-height: 60%"><p style="margin-bottom: 0px">Resource AllergyIntolerance &quot;EjemploAllergyIntolerance&quot; </p><p style="margin-bottom: 0px">Profile: <a href="StructureDefinition-AllergyIntoleranceInicioLE.html">AllergyIntolerance Inicio LE</a></p></div><p><b>code</b>: tipo alergia <span style="background: LightGoldenRodYellow; margin: 4px; border: 1px solid khaki"> ()</span></p><p><b>patient</b>: <a href="http://acme.com/ehr/fhir/Patient/pat12">http://acme.com/ehr/fhir/Patient/pat12</a></p></div>
        </text>
        <code>
          <text value="tipo alergia"/>
        </code>
        <patient>
          <reference value="http://acme.com/ehr/fhir/Patient/pat12"/>
        </patient>
      </AllergyIntolerance>
    </resource>
  </entry>
  <entry>
    <fullUrl value="http://acme.com/ehr/fhir/PractitionerRole/praR1"/>
    <resource>
      <PractitionerRole>
        <id value="EjemploPractitionerRole"/>
        <meta>
          <profile value="http://minsal.cl/listaespera/StructureDefinition/PractitionerRoleLE"/>
        </meta>
        <text>
          <status value="generated"/><div xmlns="http://www.w3.org/1999/xhtml"><p><b>Generated Narrative: PractitionerRole</b><a name="EjemploPractitionerRole"> </a></p><div style="display: inline-block; background-color: #d9e0e7; padding: 6px; margin: 4px; border: 1px solid #8da1b4; border-radius: 5px; line-height: 60%"><p style="margin-bottom: 0px">Resource PractitionerRole &quot;EjemploPractitionerRole&quot; </p><p style="margin-bottom: 0px">Profile: <a href="StructureDefinition-PractitionerRoleLE.html">PractitionerRole LE</a></p></div><p><b>practitioner</b>: <a href="#Practitioner_EjemploPractitioner">See above (http://acme.com/ehr/fhir/Practitioner/pra1)</a></p><p><b>organization</b>: <a href="#Organization_EjemploOrganization">See above (http://acme.com/ehr/fhir/Organization/org1)</a></p><p><b>code</b>: iniciador <span style="background: LightGoldenRodYellow; margin: 4px; border: 1px solid khaki"> ([not stated]#iniciador)</span></p></div>
        </text>
        <practitioner>
          <reference value="http://acme.com/ehr/fhir/Practitioner/pra1"/>
        </practitioner>
        <organization>
          <reference value="http://acme.com/ehr/fhir/Organization/org1"/>
        </organization>
        <code>
          <coding>
            <code value="iniciador"/>
          </coding>
        </code>
      </PractitionerRole>
    </resource>
  </entry>
  <entry>
    <fullUrl value="http://acme.com/ehr/fhir/Practitioner/pra1"/>
    <resource>
      <Practitioner>
        <id value="EjemploPractitioner"/>
        <meta>
          <profile value="http://minsal.cl/listaespera/StructureDefinition/PractitionerLE"/>
        </meta>
        <text>
          <status value="generated"/><div xmlns="http://www.w3.org/1999/xhtml"><p><b>Generated Narrative: Practitioner</b><a name="EjemploPractitioner"> </a></p><div style="display: inline-block; background-color: #d9e0e7; padding: 6px; margin: 4px; border: 1px solid #8da1b4; border-radius: 5px; line-height: 60%"><p style="margin-bottom: 0px">Resource Practitioner &quot;EjemploPractitioner&quot; </p><p style="margin-bottom: 0px">Profile: <a href="StructureDefinition-PractitionerLE.html">Practitioner LE</a></p></div><p><b>identifier</b>: RUN: 2134 (use: OFFICIAL), ValorRNPI: 2134 (use: SECONDARY)</p><h3>Qualifications</h3><table class="grid"><tr><td>-</td><td><b>Identifier</b></td><td><b>Code</b></td></tr><tr><td>*</td><td>id: cert</td><td>Certificado(s) <span style="background: LightGoldenRodYellow; margin: 4px; border: 1px solid khaki"> (certMedicos &quot;Medico Cirujano&quot;)</span></td></tr></table></div>
        </text>
        <identifier>
          <use value="official"/>
          <type>
            <coding>
              <system value="http://terminology.cens.cl/CodeSystem/listaespera"/>
              <code value="RUN"/>
            </coding>
          </type>
          <value value="2134"/>
        </identifier>
        <identifier>
          <use value="secondary"/>
          <type>
            <coding>
              <system value="http://terminology.cens.cl/CodeSystem/listaespera"/>
              <code value="ValorRNPI"/>
            </coding>
          </type>
          <value value="2134"/>
        </identifier>
        <qualification>
          <identifier>
            <value value="cert"/>
          </identifier>
          <code>
            <coding>
              <system value="http://terminology.cens.cl/CodeSystem/certMedicos"/>
              <display value="Medico Cirujano"/>
            </coding>
            <text value="Certificado(s)"/>
          </code>
        </qualification>
      </Practitioner>
    </resource>
  </entry>
  <entry>
    <fullUrl value="http://acme.com/ehr/fhir/Organization/org1"/>
    <resource>
      <Organization>
        <id value="EjemploOrganization"/>
        <meta>
          <profile value="http://minsal.cl/listaespera/StructureDefinition/OrganizationLE"/>
        </meta>
        <text>
          <status value="generated"/><div xmlns="http://www.w3.org/1999/xhtml"><p><b>Generated Narrative: Organization</b><a name="EjemploOrganization"> </a></p><div style="display: inline-block; background-color: #d9e0e7; padding: 6px; margin: 4px; border: 1px solid #8da1b4; border-radius: 5px; line-height: 60%"><p style="margin-bottom: 0px">Resource Organization &quot;EjemploOrganization&quot; </p><p style="margin-bottom: 0px">Profile: <a href="StructureDefinition-OrganizationLE.html">Organization LE</a></p></div><p><b>identifier</b>: Placer Identifier: 1</p></div>
        </text>
        <identifier>
          <type>
            <coding>
              <system value="http://terminology.hl7.org/CodeSystem/v2-0203"/>
              <code value="PLAC"/>
            </coding>
          </type>
          <value value="1"/>
        </identifier>
      </Organization>
    </resource>
  </entry>
</Bundle>