<?xml version="1.0" encoding="UTF-8"?>

<Bundle xmlns="http://hl7.org/fhir">
  <id value="EjemploBundleAtender"/>
  <meta>
    <lastUpdated value="2023-01-20T14:12:10Z"/>
    <profile value="http://minsal.cl/listaespera/StructureDefinition/BundleAtenderLE"/>
  </meta>
  <type value="message"/>
  <timestamp value="2023-02-09T17:15:22Z"/>
  <entry>
    <fullUrl value="http://acme.com/ehr/fhir/MessageHeader/EjemploMessageHeaderAtender"/>
    <resource>
      <MessageHeader>
        <id value="EjemploMessageHeaderAtender"/>
        <meta>
          <lastUpdated value="2023-02-14T14:12:10Z"/>
          <profile value="http://minsal.cl/listaespera/StructureDefinition/MessageHeaderLE"/>
        </meta>
        <text>
          <status value="generated"/><div xmlns="http://www.w3.org/1999/xhtml"><p><b>Generated Narrative: MessageHeader</b><a name="EjemploMessageHeaderAtender"> </a></p><div style="display: inline-block; background-color: #d9e0e7; padding: 6px; margin: 4px; border: 1px solid #8da1b4; border-radius: 5px; line-height: 60%"><p style="margin-bottom: 0px">Resource MessageHeader &quot;EjemploMessageHeaderAtender&quot; Updated &quot;2023-02-14 14:12:10+0000&quot; </p><p style="margin-bottom: 0px">Profile: <a href="StructureDefinition-MessageHeaderLE.html">MessageHeader LE</a></p></div><p><b>event</b>: Atender (Details: http://minsal.cl/listaespera/CodeSystem/CSTipoEventoLE code atender = 'Atender', stated as 'null')</p><p><b>author</b>: <a href="http://acme.com/ehr/fhir/PractitionerRole/atender">http://acme.com/ehr/fhir/PractitionerRole/atender</a></p><h3>Sources</h3><table class="grid"><tr><td>-</td><td><b>Software</b></td><td><b>Endpoint</b></td></tr><tr><td>*</td><td>SolucionInformatica</td><td><a href="http://link-to-sending.cl">http://link-to-sending.cl</a></td></tr></table><p><b>focus</b>: <a href="http://acme.com/ehr/fhir/Encounter/atender">http://acme.com/ehr/fhir/Encounter/atender</a></p></div>
        </text>
        <eventCoding>
          <system value="http://minsal.cl/listaespera/CodeSystem/CSTipoEventoLE"/>
          <code value="atender"/>
        </eventCoding>
        <author>
          <reference value="http://acme.com/ehr/fhir/PractitionerRole/atender"/>
        </author>
        <source>
          <software value="SolucionInformatica"/>
          <endpoint value="http://link-to-sending.cl"/>
        </source>
        <focus>
          <reference value="http://acme.com/ehr/fhir/Encounter/atender"/>
        </focus>
      </MessageHeader>
    </resource>
  </entry>
  <entry>
    <fullUrl value="http://acme.com/ehr/fhir/ServiceRequest/EjemploServiceRequestAtender"/>
    <resource>
      <ServiceRequest>
        <id value="EjemploServiceRequestAtender"/>
        <meta>
          <profile value="http://minsal.cl/listaespera/StructureDefinition/ServiceRequestLE"/>
        </meta>
        <text>
          <status value="extensions"/><div xmlns="http://www.w3.org/1999/xhtml"><p><b>Generated Narrative: ServiceRequest</b><a name="EjemploServiceRequestAtender"> </a></p><div style="display: inline-block; background-color: #d9e0e7; padding: 6px; margin: 4px; border: 1px solid #8da1b4; border-radius: 5px; line-height: 60%"><p style="margin-bottom: 0px">Resource ServiceRequest &quot;EjemploServiceRequestAtender&quot; </p><p style="margin-bottom: 0px">Profile: <a href="StructureDefinition-ServiceRequestLE.html">ServiceRequest LE</a></p></div><p><b>Destino Atención Codigo</b>: 1 <span style="background: LightGoldenRodYellow; margin: 4px; border: 1px solid khaki"> ([not stated]#1)</span></p><p><b>identifier</b>: IdInterconsulta: 323121</p><p><b>status</b>: draft</p><p><b>intent</b>: proposal</p><p><b>subject</b>: <a href="#Patient_EjemploPatient">See above (http://acme.com/ehr/fhir/Patient/EjemploPatient)</a></p><p><b>authoredOn</b>: 2022-01-20 13:50:20+0000</p><p><b>performer</b>: <a href="http://acme.com/ehr/fhir/PractitionerRole/atender">http://acme.com/ehr/fhir/PractitionerRole/atender</a></p></div>
        </text>
        <extension url="http://minsal.cl/listaespera/StructureDefinition/DestinoAtencionCodigo">
          <valueCodeableConcept>
            <coding>
              <code value="1"/>
            </coding>
          </valueCodeableConcept>
        </extension>
        <identifier>
          <type>
            <coding>
              <system value="IdInterconsulta"/>
              <code value="IdInterconsulta"/>
            </coding>
          </type>
          <value value="323121"/>
        </identifier>
        <status value="draft"/>
        <intent value="proposal"/>
        <subject>
          <reference value="http://acme.com/ehr/fhir/Patient/EjemploPatient"/>
        </subject>
        <authoredOn value="2022-01-20T13:50:20Z"/>
        <performer>
          <reference value="http://acme.com/ehr/fhir/PractitionerRole/atender"/>
        </performer>
      </ServiceRequest>
    </resource>
  </entry>
  <entry>
    <fullUrl value="http://acme.com/ehr/fhir/Practitioner/EjemploPractitionerAtender"/>
    <resource>
      <Practitioner>
        <id value="EjemploPractitionerAtender"/>
        <meta>
          <profile value="http://minsal.cl/listaespera/StructureDefinition/PractitionerLE"/>
        </meta>
        <text>
          <status value="generated"/><div xmlns="http://www.w3.org/1999/xhtml"><p><b>Generated Narrative: Practitioner</b><a name="EjemploPractitionerAtender"> </a></p><div style="display: inline-block; background-color: #d9e0e7; padding: 6px; margin: 4px; border: 1px solid #8da1b4; border-radius: 5px; line-height: 60%"><p style="margin-bottom: 0px">Resource Practitioner &quot;EjemploPractitionerAtender&quot; </p><p style="margin-bottom: 0px">Profile: <a href="StructureDefinition-PractitionerLE.html">Practitioner LE</a></p></div><p><b>identifier</b>: RUN: 2134 (use: OFFICIAL), ValorRNPI: 2134 (use: SECONDARY)</p><h3>Qualifications</h3><table class="grid"><tr><td>-</td><td><b>Identifier</b></td><td><b>Code</b></td></tr><tr><td>*</td><td>id: cert</td><td>Medico <span style="background: LightGoldenRodYellow; margin: 4px; border: 1px solid khaki"> (terminology.cens.cl#01)</span></td></tr></table></div>
        </text>
        <identifier>
          <use value="official"/>
          <type>
            <coding>
              <system value="http://terminology.cens.cl/CodeSystem/listaespera"/>
              <code value="RUN"/>
            </coding>
          </type>
          <value value="2134"/>
        </identifier>
        <identifier>
          <use value="secondary"/>
          <type>
            <coding>
              <system value="http://terminology.cens.cl/CodeSystem/listaespera"/>
              <code value="ValorRNPI"/>
            </coding>
          </type>
          <value value="2134"/>
        </identifier>
        <qualification>
          <identifier>
            <value value="cert"/>
          </identifier>
          <code>
            <coding>
              <system value="http://terminology.cens.cl"/>
              <code value="01"/>
              <display value="Medico"/>
            </coding>
          </code>
        </qualification>
      </Practitioner>
    </resource>
  </entry>
  <entry>
    <fullUrl value="http://acme.com/ehr/fhir/PractitionerRole/EjemploPractitionerRoleAtender"/>
    <resource>
      <PractitionerRole>
        <id value="EjemploPractitionerRoleAtender"/>
        <meta>
          <profile value="http://minsal.cl/listaespera/StructureDefinition/PractitionerRoleLE"/>
        </meta>
        <text>
          <status value="generated"/><div xmlns="http://www.w3.org/1999/xhtml"><p><b>Generated Narrative: PractitionerRole</b><a name="EjemploPractitionerRoleAtender"> </a></p><div style="display: inline-block; background-color: #d9e0e7; padding: 6px; margin: 4px; border: 1px solid #8da1b4; border-radius: 5px; line-height: 60%"><p style="margin-bottom: 0px">Resource PractitionerRole &quot;EjemploPractitionerRoleAtender&quot; </p><p style="margin-bottom: 0px">Profile: <a href="StructureDefinition-PractitionerRoleLE.html">PractitionerRole LE</a></p></div><p><b>practitioner</b>: <a href="http://acme.com/ehr/fhir/Practitioner/atender">http://acme.com/ehr/fhir/Practitioner/atender</a></p><p><b>organization</b>: <a href="http://acme.com/ehr/fhir/Organization/atender">http://acme.com/ehr/fhir/Organization/atender</a></p><p><b>code</b>: Atendedor <span style="background: LightGoldenRodYellow; margin: 4px; border: 1px solid khaki"> ([not stated]#Atendedor)</span></p></div>
        </text>
        <practitioner>
          <reference value="http://acme.com/ehr/fhir/Practitioner/atender"/>
        </practitioner>
        <organization>
          <reference value="http://acme.com/ehr/fhir/Organization/atender"/>
        </organization>
        <code>
          <coding>
            <code value="Atendedor"/>
          </coding>
        </code>
      </PractitionerRole>
    </resource>
  </entry>
  <entry>
    <fullUrl value="http://acme.com/ehr/fhir/Organization/EjemploOrganizationAtender"/>
    <resource>
      <Organization>
        <id value="EjemploOrganizationAtender"/>
        <meta>
          <profile value="http://minsal.cl/listaespera/StructureDefinition/OrganizationLE"/>
        </meta>
        <text>
          <status value="generated"/><div xmlns="http://www.w3.org/1999/xhtml"><p><b>Generated Narrative: Organization</b><a name="EjemploOrganizationAtender"> </a></p><div style="display: inline-block; background-color: #d9e0e7; padding: 6px; margin: 4px; border: 1px solid #8da1b4; border-radius: 5px; line-height: 60%"><p style="margin-bottom: 0px">Resource Organization &quot;EjemploOrganizationAtender&quot; </p><p style="margin-bottom: 0px">Profile: <a href="StructureDefinition-OrganizationLE.html">Organization LE</a></p></div><p><b>identifier</b>: id: 1</p></div>
        </text>
        <identifier>
          <value value="1"/>
        </identifier>
      </Organization>
    </resource>
  </entry>
  <entry>
    <fullUrl value="http://acme.com/ehr/fhir/Encounter/EjemploEncounterAtender"/>
    <resource>
      <Encounter>
        <id value="EjemploEncounterAtender"/>
        <meta>
          <profile value="http://minsal.cl/listaespera/StructureDefinition/EncounterAtenderLE"/>
        </meta>
        <text>
          <status value="extensions"/><div xmlns="http://www.w3.org/1999/xhtml"><p><b>Generated Narrative: Encounter</b><a name="EjemploEncounterAtender"> </a></p><div style="display: inline-block; background-color: #d9e0e7; padding: 6px; margin: 4px; border: 1px solid #8da1b4; border-radius: 5px; line-height: 60%"><p style="margin-bottom: 0px">Resource Encounter &quot;EjemploEncounterAtender&quot; </p><p style="margin-bottom: 0px">Profile: <a href="StructureDefinition-EncounterAtenderLE.html">Encounter Atender LE</a></p></div><p><b>ExtBool Pertinencia Atencion Box</b>: true</p><p><b>ExtString MotivoNoPertinencia</b>: lorem ipsum</p><p><b>identifier</b>: IdConsultaAPS: 1</p><p><b>status</b>: finished</p><p><b>class</b>: 1 (Details: [not stated] code 1 = '1', stated as 'null')</p><p><b>subject</b>: <a href="#Patient_EjemploPatient">See above (http://acme.com/ehr/fhir/Patient/EjemploPatient)</a></p><p><b>basedOn</b>: <a href="http://acme.com/ehr/fhir/ServiceRequest/ServiceRequestLE">http://acme.com/ehr/fhir/ServiceRequest/ServiceRequestLE</a></p><p><b>period</b>: 2023-01-22 09:00:00+0000 --&gt; (ongoing)</p><p><b>reasonReference</b>: </p><ul><li><a href="http://acme.com/ehr/fhir/Condition/CondicionAtenderDiagnosticoConfirmacionLE">http://acme.com/ehr/fhir/Condition/CondicionAtenderDiagnosticoConfirmacionLE</a></li><li><a href="http://acme.com/ehr/fhir/Observation/ObservationAtenderLE">http://acme.com/ehr/fhir/Observation/ObservationAtenderLE</a></li></ul><blockquote><p><b>diagnosis</b></p><p><b>condition</b>: <a href="CondicionAtenderDiagnosticoSospechaLE">CondicionAtenderDiagnosticoSospechaLE</a> &quot;CondicionAtenderDiagnosticoSospechaLE&quot;</p></blockquote><blockquote><p><b>diagnosis</b></p><p><b>condition</b>: <a href="CondicionAtenderHipotesisDiagnosticaCodigoLE">CondicionAtenderHipotesisDiagnosticaCodigoLE</a> &quot;CondicionAtenderHipotesisDiagnosticaCodigoLE&quot;</p></blockquote></div>
        </text>
        <extension url="http://minsal.cl/listaespera/StructureDefinition/ExtBoolPertinenciaAtencionBox">
          <valueBoolean value="true"/>
        </extension>
        <extension url="http://minsal.cl/listaespera/StructureDefinition/ExtStringMotivoNoPertinencia">
          <valueString value="lorem ipsum"/>
        </extension>
        <identifier>
          <type>
            <coding>
              <system value="http://terminology.cens.cl/CodeSystem/listaespera"/>
              <code value="IdConsultaAPS"/>
            </coding>
          </type>
          <value value="1"/>
        </identifier>
        <status value="finished"/>
        <class>
          <code value="1"/>
        </class>
        <subject>
          <reference value="http://acme.com/ehr/fhir/Patient/EjemploPatient"/>
        </subject>
        <basedOn>
          <reference value="http://acme.com/ehr/fhir/ServiceRequest/ServiceRequestLE"/>
        </basedOn>
        <period>
          <start value="2023-01-22T09:00:00Z"/>
        </period>
        <reasonReference>
          <reference value="http://acme.com/ehr/fhir/Condition/CondicionAtenderDiagnosticoConfirmacionLE"/>
        </reasonReference>
        <reasonReference>
          <reference value="http://acme.com/ehr/fhir/Observation/ObservationAtenderLE"/>
        </reasonReference>
        <diagnosis>
          <condition>
            <reference value="CondicionAtenderDiagnosticoSospechaLE"/>
          </condition>
        </diagnosis>
        <diagnosis>
          <condition>
            <reference value="CondicionAtenderHipotesisDiagnosticaCodigoLE"/>
          </condition>
        </diagnosis>
      </Encounter>
    </resource>
  </entry>
  <entry>
    <fullUrl value="http://acme.com/ehr/fhir/Patient/EjemploPatient"/>
    <resource>
      <Patient>
        <id value="EjemploPatient"/>
        <meta>
          <profile value="http://minsal.cl/listaespera/StructureDefinition/PatientLE"/>
        </meta>
        <text>
          <status value="extensions"/><div xmlns="http://www.w3.org/1999/xhtml"><p><b>Generated Narrative: Patient</b><a name="EjemploPatient"> </a></p><div style="display: inline-block; background-color: #d9e0e7; padding: 6px; margin: 4px; border: 1px solid #8da1b4; border-radius: 5px; line-height: 60%"><p style="margin-bottom: 0px">Resource Patient &quot;EjemploPatient&quot; </p><p style="margin-bottom: 0px">Profile: <a href="StructureDefinition-PatientLE.html">Paciente LE</a></p></div><p><b>Codigo de Identificación de países</b>: Andorra <span style="background: LightGoldenRodYellow; margin: 4px; border: 1px solid khaki"> (<a href="http://terminology.hl7.org/5.0.0/CodeSystem-ISO3166Part1.html">ISO 3166-1 Codes for the representation of names of countries and their subdivisions — Part 1: Country code</a>#AD)</span></p><p><b>Codigo de Identificación de Nacionalidad</b>: Andorra <span style="background: LightGoldenRodYellow; margin: 4px; border: 1px solid khaki"> (<a href="http://terminology.hl7.org/5.0.0/CodeSystem-ISO3166Part1.html">ISO 3166-1 Codes for the representation of names of countries and their subdivisions — Part 1: Country code</a>#AD)</span></p><p><b>Identidad de genero</b>: Masculino <span style="background: LightGoldenRodYellow; margin: 4px; border: 1px solid khaki"> (<a href="CodeSystem-CSIdentidaddeGenero.html">Identidad de Genero</a>#1)</span></p><p><b>ExtBool Afrodescendiente</b>: false</p><p><b>identifier</b>: RUN: 15999999</p><p><b>name</b>: Luis Perez (OFFICIAL), Luisa </p><p><b>telecom</b>: ph: 569854875457(MOBILE)</p><p><b>gender</b>: male</p><p><b>birthDate</b>: 1995-12-12</p></div>
        </text>
        <extension url="http://minsal.cl/listaespera/StructureDefinition/CodigoPaises">
          <valueCodeableConcept>
            <coding>
              <system value="urn:iso:std:iso:3166"/>
              <code value="AD"/>
            </coding>
            <text value="Andorra"/>
          </valueCodeableConcept>
        </extension>
        <extension url="http://minsal.cl/listaespera/StructureDefinition/NacionalidadCodigo">
          <valueCodeableConcept>
            <coding>
              <system value="urn:iso:std:iso:3166"/>
              <code value="AD"/>
            </coding>
            <text value="Andorra"/>
          </valueCodeableConcept>
        </extension>
        <extension url="http://minsal.cl/listaespera/StructureDefinition/IdentidadGenero">
          <valueCodeableConcept>
            <coding>
              <system value="http://minsal.cl/listaespera/CodeSystem/CSIdentidaddeGenero"/>
              <code value="1"/>
            </coding>
          </valueCodeableConcept>
        </extension>
        <extension url="http://minsal.cl/listaespera/StructureDefinition/ExtBoolAfrodescendiente">
          <valueBoolean value="false"/>
        </extension>
        <identifier>
          <extension url="http://minsal.cl/listaespera/StructureDefinition/DigitoVerificador">
            <valueString value="K"/>
          </extension>
          <type>
            <extension url="https://hl7chile.cl/fhir/ig/CoreCL/StructureDefinition/CodigoPaises">
              <valueCodeableConcept>
                <coding>
                  <system value="urn:iso:std:iso:3166"/>
                  <code value="AD"/>
                </coding>
              </valueCodeableConcept>
            </extension>
            <coding>
              <system value="http://minsal.cl/listaespera/CodeSystem/CSTipoIdentificador"/>
              <code value="1"/>
            </coding>
          </type>
          <system value="http://www.acme.com/identifiers/patient"/>
          <value value="15999999"/>
        </identifier>
        <name>
          <use value="official"/>
          <family value="Perez">
            <extension url="http://minsal.cl/listaespera/StructureDefinition/SegundoApellido">
              <valueString value="sierra"/>
            </extension>
          </family>
          <given value="Luis"/>
        </name>
        <name>
          <use value="usual"/>
          <given value="Luisa"/>
        </name>
        <telecom>
          <system value="phone"/>
          <value value="569854875457"/>
          <use value="mobile"/>
          <rank value="1"/>
        </telecom>
        <gender value="male"/>
        <birthDate value="1995-12-12"/>
      </Patient>
    </resource>
  </entry>
  <entry>
    <fullUrl value="http://acme.com/ehr/fhir/CarePlan/EjemploCarePlanLE"/>
    <resource>
      <CarePlan>
        <id value="EjemploCarePlanLE"/>
        <meta>
          <profile value="http://minsal.cl/listaespera/StructureDefinition/CarePlanAtenderLE"/>
        </meta>
        <text>
          <status value="extensions"/><div xmlns="http://www.w3.org/1999/xhtml"><p><b>Generated Narrative: CarePlan</b><a name="EjemploCarePlanLE"> </a></p><div style="display: inline-block; background-color: #d9e0e7; padding: 6px; margin: 4px; border: 1px solid #8da1b4; border-radius: 5px; line-height: 60%"><p style="margin-bottom: 0px">Resource CarePlan &quot;EjemploCarePlanLE&quot; </p><p style="margin-bottom: 0px">Profile: <a href="StructureDefinition-CarePlanAtenderLE.html">CarePlan Atender LE</a></p></div><p><b>ExtBool Solicitud Examenes</b>: true</p><p><b>status</b>: active</p><p><b>intent</b>: plan</p><p><b>description</b>: test</p><p><b>subject</b>: <a href="#Patient_EjemploPatient">See above (http://acme.com/ehr/fhir/Patient/EjemploPatient)</a></p><blockquote><p><b>activity</b></p><h3>Details</h3><table class="grid"><tr><td>-</td><td><b>Kind</b></td><td><b>Code</b></td><td><b>Status</b></td><td><b>Product[x]</b></td></tr><tr><td>*</td><td>MedicationRequest</td><td>farmacos <span style="background: LightGoldenRodYellow; margin: 4px; border: 1px solid khaki"> (<a href="https://browser.ihtsdotools.org/">SNOMED CT</a>#farmacos)</span></td><td>not-started</td><td>123323 <span style="background: LightGoldenRodYellow; margin: 4px; border: 1px solid khaki"> ()</span></td></tr></table></blockquote></div>
        </text>
        <extension url="http://minsal.cl/listaespera/StructureDefinition/ExtBoolSolicitudExamenes">
          <valueBoolean value="true"/>
        </extension>
        <status value="active"/>
        <intent value="plan"/>
        <description value="test"/>
        <subject>
          <reference value="http://acme.com/ehr/fhir/Patient/EjemploPatient"/>
        </subject>
        <activity>
          <detail>
            <kind value="MedicationRequest"/>
            <code>
              <coding>
                <system value="http://snomed.info/sct"/>
                <code value="farmacos"/>
              </coding>
            </code>
            <status value="not-started"/>
            <productCodeableConcept>
              <text value="123323"/>
            </productCodeableConcept>
          </detail>
        </activity>
      </CarePlan>
    </resource>
  </entry>
  <entry>
    <fullUrl value="http://acme.com/ehr/fhir/QuestionnaireResponse/EjemploQuestionnaireResponseAtenderLE"/>
    <resource>
      <QuestionnaireResponse>
        <id value="EjemploQuestionnaireResponseAtenderLE"/>
        <meta>
          <profile value="http://minsal.cl/listaespera/StructureDefinition/QuestionnaireResponseAtenderLE"/>
        </meta>
        <text>
          <status value="generated"/><div xmlns="http://www.w3.org/1999/xhtml"><p><b>Generated Narrative: QuestionnaireResponse</b><a name="EjemploQuestionnaireResponseAtenderLE"> </a></p><div style="display: inline-block; background-color: #d9e0e7; padding: 6px; margin: 4px; border: 1px solid #8da1b4; border-radius: 5px; line-height: 60%"><p style="margin-bottom: 0px">Resource QuestionnaireResponse &quot;EjemploQuestionnaireResponseAtenderLE&quot; </p><p style="margin-bottom: 0px">Profile: <a href="StructureDefinition-QuestionnaireResponseAtenderLE.html">QuestionnaireResponse Atender LE</a></p></div><p><b>status</b>: completed</p><p><b>encounter</b>: <a href="#Encounter_EjemploEncounterAtender">See above (http://acme.com/ehr/fhir/Encounter/EjemploEncounterAtender)</a></p><blockquote><p><b>item</b></p><p><b>linkId</b>: Resumen</p><p><b>text</b>: Resumen</p><h3>Answers</h3><table class="grid"><tr><td>-</td><td><b>Value[x]</b></td></tr><tr><td>*</td><td>Anamnesis</td></tr></table></blockquote></div>
        </text>
        <status value="completed"/>
        <encounter>
          <reference value="http://acme.com/ehr/fhir/Encounter/EjemploEncounterAtender"/>
        </encounter>
        <item>
          <linkId value="Resumen"/>
          <text value="Resumen"/>
          <answer>
            <valueString value="Anamnesis"/>
          </answer>
        </item>
      </QuestionnaireResponse>
    </resource>
  </entry>
  <entry>
    <fullUrl value="http://acme.com/ehr/fhir/Observation/EjemploObservationAtender"/>
    <resource>
      <Observation>
        <id value="EjemploObservationAtender"/>
        <meta>
          <profile value="http://minsal.cl/listaespera/StructureDefinition/ObservationAtenderLE"/>
        </meta>
        <text>
          <status value="generated"/><div xmlns="http://www.w3.org/1999/xhtml"><p><b>Generated Narrative: Observation</b><a name="EjemploObservationAtender"> </a></p><div style="display: inline-block; background-color: #d9e0e7; padding: 6px; margin: 4px; border: 1px solid #8da1b4; border-radius: 5px; line-height: 60%"><p style="margin-bottom: 0px">Resource Observation &quot;EjemploObservationAtender&quot; </p><p style="margin-bottom: 0px">Profile: <a href="StructureDefinition-ObservationAtenderLE.html">Observation Atender LE</a></p></div><p><b>status</b>: registered</p><p><b>code</b>: examenes anteriores <span style="background: LightGoldenRodYellow; margin: 4px; border: 1px solid khaki"> ()</span></p><p><b>value</b>: examenes anteriores</p></div>
        </text>
        <status value="registered"/>
        <code>
          <text value="examenes anteriores"/>
        </code>
        <valueString value="examenes anteriores"/>
      </Observation>
    </resource>
  </entry>
  <entry>
    <fullUrl value="http://acme.com/ehr/fhir/Condition/EjemploCondicionAtenderHipotesisDiagnosticaCodigoLE"/>
    <resource>
      <Condition>
        <id value="EjemploCondicionAtenderHipotesisDiagnosticaCodigoLE"/>
        <meta>
          <profile value="http://minsal.cl/listaespera/StructureDefinition/CondicionAtenderHipotesisDiagnosticaCodigoLE"/>
        </meta>
        <text>
          <status value="generated"/><div xmlns="http://www.w3.org/1999/xhtml"><p><b>Generated Narrative: Condition</b><a name="EjemploCondicionAtenderHipotesisDiagnosticaCodigoLE"> </a></p><div style="display: inline-block; background-color: #d9e0e7; padding: 6px; margin: 4px; border: 1px solid #8da1b4; border-radius: 5px; line-height: 60%"><p style="margin-bottom: 0px">Resource Condition &quot;EjemploCondicionAtenderHipotesisDiagnosticaCodigoLE&quot; </p><p style="margin-bottom: 0px">Profile: <a href="StructureDefinition-CondicionAtenderHipotesisDiagnosticaCodigoLE.html">Condicion Atender Hipotesis Diagnostica Codigo</a></p></div><p><b>verificationStatus</b>: provisional <span style="background: LightGoldenRodYellow; margin: 4px; border: 1px solid khaki"> ([not stated]#provisional)</span></p><p><b>code</b>: 1 <span style="background: LightGoldenRodYellow; margin: 4px; border: 1px solid khaki"> ([not stated]#1)</span></p><p><b>subject</b>: <a href="#Patient_EjemploPatient">See above (http://acme.com/ehr/fhir/Patient/EjemploPatient)</a></p></div>
        </text>
        <verificationStatus>
          <coding>
            <code value="provisional"/>
          </coding>
        </verificationStatus>
        <code>
          <coding>
            <code value="1"/>
          </coding>
        </code>
        <subject>
          <reference value="http://acme.com/ehr/fhir/Patient/EjemploPatient"/>
        </subject>
      </Condition>
    </resource>
  </entry>
  <entry>
    <fullUrl value="http://acme.com/ehr/fhir/Condition/EjemploCondicionAtenderDiagnosticoSospechaLE"/>
    <resource>
      <Condition>
        <id value="EjemploCondicionAtenderDiagnosticoSospechaLE"/>
        <meta>
          <profile value="http://minsal.cl/listaespera/StructureDefinition/CondicionAtenderDiagnosticoSospechaLE"/>
        </meta>
        <text>
          <status value="generated"/><div xmlns="http://www.w3.org/1999/xhtml"><p><b>Generated Narrative: Condition</b><a name="EjemploCondicionAtenderDiagnosticoSospechaLE"> </a></p><div style="display: inline-block; background-color: #d9e0e7; padding: 6px; margin: 4px; border: 1px solid #8da1b4; border-radius: 5px; line-height: 60%"><p style="margin-bottom: 0px">Resource Condition &quot;EjemploCondicionAtenderDiagnosticoSospechaLE&quot; </p><p style="margin-bottom: 0px">Profile: <a href="StructureDefinition-CondicionAtenderDiagnosticoSospechaLE.html">Condicion Atender Diagnostico Sospecha LE</a></p></div><p><b>verificationStatus</b>: unconfirmed <span style="background: LightGoldenRodYellow; margin: 4px; border: 1px solid khaki"> ([not stated]#unconfirmed)</span></p><p><b>code</b>: CIE11 <span style="background: LightGoldenRodYellow; margin: 4px; border: 1px solid khaki"> (<a href="CodeSystem-CSTipoCodDiagnostica.html">Tipo Codificación Diagnostica</a>#1)</span></p><p><b>subject</b>: <a href="#Patient_EjemploPatient">See above (http://acme.com/ehr/fhir/Patient/EjemploPatient)</a></p></div>
        </text>
        <verificationStatus>
          <coding>
            <code value="unconfirmed"/>
          </coding>
        </verificationStatus>
        <code>
          <coding>
            <system value="http://minsal.cl/listaespera/CodeSystem/CSTipoCodDiagnostica"/>
            <code value="1"/>
          </coding>
          <text value="CIE11"/>
        </code>
        <subject>
          <reference value="http://acme.com/ehr/fhir/Patient/EjemploPatient"/>
        </subject>
      </Condition>
    </resource>
  </entry>
  <entry>
    <fullUrl value="http://acme.com/ehr/fhir/Condition/EjemploCondicionAtenderDiagnosticoConfirmacionLE"/>
    <resource>
      <Condition>
        <id value="EjemploCondicionAtenderDiagnosticoConfirmacionLE"/>
        <meta>
          <profile value="http://minsal.cl/listaespera/StructureDefinition/CondicionAtenderDiagnosticoConfirmacionLE"/>
        </meta>
        <text>
          <status value="generated"/><div xmlns="http://www.w3.org/1999/xhtml"><p><b>Generated Narrative: Condition</b><a name="EjemploCondicionAtenderDiagnosticoConfirmacionLE"> </a></p><div style="display: inline-block; background-color: #d9e0e7; padding: 6px; margin: 4px; border: 1px solid #8da1b4; border-radius: 5px; line-height: 60%"><p style="margin-bottom: 0px">Resource Condition &quot;EjemploCondicionAtenderDiagnosticoConfirmacionLE&quot; </p><p style="margin-bottom: 0px">Profile: <a href="StructureDefinition-CondicionAtenderDiagnosticoConfirmacionLE.html">Condicion Atender Diagnostico Confirmacion LE</a></p></div><p><b>verificationStatus</b>: confirmed <span style="background: LightGoldenRodYellow; margin: 4px; border: 1px solid khaki"> ([not stated]#confirmed)</span></p><p><b>code</b>: CIE11 <span style="background: LightGoldenRodYellow; margin: 4px; border: 1px solid khaki"> (<a href="CodeSystem-CSTipoCodDiagnostica.html">Tipo Codificación Diagnostica</a>#1)</span></p><p><b>subject</b>: <a href="#Patient_EjemploPatient">See above (http://acme.com/ehr/fhir/Patient/EjemploPatient)</a></p></div>
        </text>
        <verificationStatus>
          <coding>
            <code value="confirmed"/>
          </coding>
        </verificationStatus>
        <code>
          <coding>
            <system value="http://minsal.cl/listaespera/CodeSystem/CSTipoCodDiagnostica"/>
            <code value="1"/>
          </coding>
          <text value="CIE11"/>
        </code>
        <subject>
          <reference value="http://acme.com/ehr/fhir/Patient/EjemploPatient"/>
        </subject>
      </Condition>
    </resource>
  </entry>
</Bundle>