<?xml version="1.0" encoding="UTF-8"?>

<CodeSystem xmlns="http://hl7.org/fhir">
  <id value="CSTipoCodDiagnostica"/>
  <text>
    <status value="generated"/><div xmlns="http://www.w3.org/1999/xhtml"><p>This code system <code>http://minsal.cl/listaespera/CodeSystem/CSTipoCodDiagnostica</code> defines the following codes:</p><table class="codes"><tr><td style="white-space:nowrap"><b>Code</b></td><td><b>Display</b></td></tr><tr><td style="white-space:nowrap">1<a name="CSTipoCodDiagnostica-1"> </a></td><td>CIE11</td></tr><tr><td style="white-space:nowrap">2<a name="CSTipoCodDiagnostica-2"> </a></td><td>CIE10</td></tr><tr><td style="white-space:nowrap">3<a name="CSTipoCodDiagnostica-3"> </a></td><td>SNOMED CT</td></tr></table></div>
  </text>
  <url value="http://minsal.cl/listaespera/CodeSystem/CSTipoCodDiagnostica"/>
  <version value="0.1.2"/>
  <name value="CSTipoCodDiagnostica"/>
  <title value="Tipo Codificación Diagnostica"/>
  <status value="active"/>
  <experimental value="false"/>
  <date value="2023-01-15"/>
  <publisher value="MINSAL Chile"/>
  <contact>
    <name value="MINSAL Chile"/>
    <telecom>
      <system value="url"/>
      <value value="https://minsal.cl"/>
    </telecom>
  </contact>
  <description value="Tipo Codificación Diagnostica"/>
  <jurisdiction>
    <coding>
      <system value="urn:iso:std:iso:3166"/>
      <code value="CL"/>
      <display value="Chile"/>
    </coding>
  </jurisdiction>
  <caseSensitive value="true"/>
  <content value="complete"/>
  <count value="3"/>
  <concept>
    <code value="1"/>
    <display value="CIE11"/>
  </concept>
  <concept>
    <code value="2"/>
    <display value="CIE10"/>
  </concept>
  <concept>
    <code value="3"/>
    <display value="SNOMED CT"/>
  </concept>
</CodeSystem>