<?xml version="1.0" encoding="UTF-8"?>

<CodeSystem xmlns="http://hl7.org/fhir">
  <id value="CSEstadoInterconsulta"/>
  <text>
    <status value="generated"/><div xmlns="http://www.w3.org/1999/xhtml"><p>This code system <code>http://minsal.cl/listaespera/CodeSystem/CSEstadoInterconsulta</code> defines the following codes:</p><table class="codes"><tr><td style="white-space:nowrap"><b>Code</b></td><td><b>Display</b></td></tr><tr><td style="white-space:nowrap">1<a name="CSEstadoInterconsulta-1"> </a></td><td>En borrador</td></tr><tr><td style="white-space:nowrap">2<a name="CSEstadoInterconsulta-2"> </a></td><td>En análisis de pertinencia nivel secundario</td></tr><tr><td style="white-space:nowrap">3<a name="CSEstadoInterconsulta-3"> </a></td><td>En análisis de gestor atención primaria</td></tr><tr><td style="white-space:nowrap">4<a name="CSEstadoInterconsulta-4"> </a></td><td>En espera de agendamiento</td></tr><tr><td style="white-space:nowrap">5<a name="CSEstadoInterconsulta-5"> </a></td><td>En esperara de la atención</td></tr><tr><td style="white-space:nowrap">6<a name="CSEstadoInterconsulta-6"> </a></td><td>En espera de exámenes y procedimientos</td></tr><tr><td style="white-space:nowrap">7<a name="CSEstadoInterconsulta-7"> </a></td><td>Cerrada</td></tr></table></div>
  </text>
  <url value="http://minsal.cl/listaespera/CodeSystem/CSEstadoInterconsulta"/>
  <version value="0.1.2"/>
  <name value="CSEstadoInterconsulta"/>
  <title value="Estado Interconsulta"/>
  <status value="active"/>
  <experimental value="false"/>
  <date value="2023-01-15"/>
  <publisher value="MINSAL Chile"/>
  <contact>
    <name value="MINSAL Chile"/>
    <telecom>
      <system value="url"/>
      <value value="https://minsal.cl"/>
    </telecom>
  </contact>
  <description value="Estado Interconsulta"/>
  <jurisdiction>
    <coding>
      <system value="urn:iso:std:iso:3166"/>
      <code value="CL"/>
      <display value="Chile"/>
    </coding>
  </jurisdiction>
  <caseSensitive value="true"/>
  <content value="complete"/>
  <count value="7"/>
  <concept>
    <code value="1"/>
    <display value="En borrador"/>
  </concept>
  <concept>
    <code value="2"/>
    <display value="En análisis de pertinencia nivel secundario"/>
  </concept>
  <concept>
    <code value="3"/>
    <display value="En análisis de gestor atención primaria"/>
  </concept>
  <concept>
    <code value="4"/>
    <display value="En espera de agendamiento"/>
  </concept>
  <concept>
    <code value="5"/>
    <display value="En esperara de la atención"/>
  </concept>
  <concept>
    <code value="6"/>
    <display value="En espera de exámenes y procedimientos"/>
  </concept>
  <concept>
    <code value="7"/>
    <display value="Cerrada"/>
  </concept>
</CodeSystem>