<?xml version="1.0" encoding="UTF-8"?>

<Condition xmlns="http://hl7.org/fhir">
  <id value="EjemploCondicionAtenderDiagnosticoSospechaLE"/>
  <meta>
    <profile value="http://minsal.cl/listaespera/StructureDefinition/CondicionAtenderDiagnosticoSospechaLE"/>
  </meta>
  <text>
    <status value="generated"/><div xmlns="http://www.w3.org/1999/xhtml"><p><b>Generated Narrative: Condition</b><a name="EjemploCondicionAtenderDiagnosticoSospechaLE"> </a></p><div style="display: inline-block; background-color: #d9e0e7; padding: 6px; margin: 4px; border: 1px solid #8da1b4; border-radius: 5px; line-height: 60%"><p style="margin-bottom: 0px">Resource Condition &quot;EjemploCondicionAtenderDiagnosticoSospechaLE&quot; </p><p style="margin-bottom: 0px">Profile: <a href="StructureDefinition-CondicionAtenderDiagnosticoSospechaLE.html">Condicion Atender Diagnostico Sospecha LE</a></p></div><p><b>verificationStatus</b>: unconfirmed <span style="background: LightGoldenRodYellow; margin: 4px; border: 1px solid khaki"> ([not stated]#unconfirmed)</span></p><p><b>code</b>: CIE11 <span style="background: LightGoldenRodYellow; margin: 4px; border: 1px solid khaki"> (<a href="CodeSystem-CSTipoCodDiagnostica.html">Tipo Codificación Diagnostica</a>#1)</span></p><p><b>subject</b>: <a href="Bundle-EjemploBundleAtender.html#http-//acme.com/ehr/fhir/Patient/EjemploPatient">http://acme.com/ehr/fhir/Patient/EjemploPatient</a></p></div>
  </text>
  <verificationStatus>
    <coding>
      <code value="unconfirmed"/>
    </coding>
  </verificationStatus>
  <code>
    <coding>
      <system value="http://minsal.cl/listaespera/CodeSystem/CSTipoCodDiagnostica"/>
      <code value="1"/>
    </coding>
    <text value="CIE11"/>
  </code>
  <subject>
    <reference value="http://acme.com/ehr/fhir/Patient/EjemploPatient"/>
  </subject>
</Condition>