<?xml version="1.0" encoding="UTF-8"?>

<Encounter xmlns="http://hl7.org/fhir">
  <id value="EjemploEncounter"/>
  <meta>
    <profile value="http://minsal.cl/listaespera/StructureDefinition/EncounterInicioLE"/>
  </meta>
  <text>
    <status value="generated"/><div xmlns="http://www.w3.org/1999/xhtml"><p><b>Generated Narrative: Encounter</b><a name="EjemploEncounter"> </a></p><div style="display: inline-block; background-color: #d9e0e7; padding: 6px; margin: 4px; border: 1px solid #8da1b4; border-radius: 5px; line-height: 60%"><p style="margin-bottom: 0px">Resource Encounter &quot;EjemploEncounter&quot; </p><p style="margin-bottom: 0px">Profile: <a href="StructureDefinition-EncounterInicioLE.html">Encounter Inicio LE</a></p></div><p><b>identifier</b>: IdConsultaAPS: 1</p><p><b>status</b>: finished</p><p><b>class</b>: ambulatory (Details: http://terminology.hl7.org/CodeSystem/v3-ActCode code AMB = 'ambulatory', stated as 'null')</p><p><b>subject</b>: <a href="Bundle-EjemploBundleInicio.html#http-//acme.com/ehr/fhir/Patient/EjemploPatient">http://acme.com/ehr/fhir/Patient/EjemploPatient</a></p><p><b>appointment</b>: <a href="Bundle-EjemploBundleInicio.html#http-//acme.com/ehr/fhir/Appointment/app1">http://acme.com/ehr/fhir/Appointment/app1</a></p></div>
  </text>
  <identifier>
    <type>
      <coding>
        <system value="http://terminology.cens.cl/CodeSystem/listaespera"/>
        <code value="IdConsultaAPS"/>
      </coding>
    </type>
    <value value="1"/>
  </identifier>
  <status value="finished"/>
  <class>
    <system value="http://terminology.hl7.org/CodeSystem/v3-ActCode"/>
    <code value="AMB"/>
  </class>
  <subject>
    <reference value="http://acme.com/ehr/fhir/Patient/EjemploPatient"/>
  </subject>
  <appointment>
    <reference value="http://acme.com/ehr/fhir/Appointment/app1"/>
  </appointment>
</Encounter>