<?xml version="1.0" encoding="UTF-8"?>

<Practitioner xmlns="http://hl7.org/fhir">
  <id value="EjemploPractitionerAgendarAgendador"/>
  <meta>
    <profile value="http://minsal.cl/listaespera/StructureDefinition/PractitionerLE"/>
  </meta>
  <text>
    <status value="generated"/><div xmlns="http://www.w3.org/1999/xhtml"><p><b>Generated Narrative: Practitioner</b><a name="EjemploPractitionerAgendarAgendador"> </a></p><div style="display: inline-block; background-color: #d9e0e7; padding: 6px; margin: 4px; border: 1px solid #8da1b4; border-radius: 5px; line-height: 60%"><p style="margin-bottom: 0px">Resource Practitioner &quot;EjemploPractitionerAgendarAgendador&quot; </p><p style="margin-bottom: 0px">Profile: <a href="StructureDefinition-PractitionerLE.html">Practitioner LE</a></p></div><p><b>identifier</b>: RUN: 2134 (use: OFFICIAL), id: 2134 (use: SECONDARY)</p><blockquote><p><b>qualification</b></p><p><b>identifier</b>: id: tit</p><p><b>code</b>: MÉDICO CIRUJANO <span style="background: LightGoldenRodYellow; margin: 4px; border: 1px solid khaki"> (<a href="CodeSystem-CSTituloProfesional.html">TituloProfesional</a>#1)</span></p></blockquote><blockquote><p><b>qualification</b></p><p><b>identifier</b>: id: subesp</p><p><b>code</b>: CARDIOLOGÍA <span style="background: LightGoldenRodYellow; margin: 4px; border: 1px solid khaki"> (<a href="CodeSystem-CSEspecialidadMed.html">EspecialidadMed</a>#3)</span></p></blockquote></div>
  </text>
  <identifier>
    <extension url="http://minsal.cl/listaespera/StructureDefinition/DigitoVerificador">
      <valueString value="K"/>
    </extension>
    <use value="official"/>
    <type>
      <coding>
        <system value="http://terminology.cens.cl/CodeSystem/listaespera"/>
        <code value="RUN"/>
      </coding>
    </type>
    <value value="2134"/>
  </identifier>
  <identifier>
    <use value="secondary"/>
    <system value="http://rnpi.superdesalud.gob.cl"/>
    <value value="2134"/>
  </identifier>
  <qualification>
    <identifier>
      <value value="tit"/>
    </identifier>
    <code>
      <coding>
        <system value="http://minsal.cl/listaespera/CodeSystem/CSTituloProfesional"/>
        <code value="1"/>
      </coding>
    </code>
  </qualification>
  <qualification>
    <identifier>
      <value value="subesp"/>
    </identifier>
    <code>
      <coding>
        <system value="http://minsal.cl/listaespera/CodeSystem/CSEspecialidadMed"/>
        <code value="3"/>
      </coding>
    </code>
  </qualification>
</Practitioner>