<?xml version="1.0" encoding="UTF-8"?>

<ServiceRequest xmlns="http://hl7.org/fhir">
  <id value="EjemploServiceRequestAtender"/>
  <meta>
    <profile value="http://minsal.cl/listaespera/StructureDefinition/ServiceRequestLE"/>
  </meta>
  <text>
    <status value="extensions"/><div xmlns="http://www.w3.org/1999/xhtml"><p><b>Generated Narrative: ServiceRequest</b><a name="EjemploServiceRequestAtender"> </a></p><div style="display: inline-block; background-color: #d9e0e7; padding: 6px; margin: 4px; border: 1px solid #8da1b4; border-radius: 5px; line-height: 60%"><p style="margin-bottom: 0px">Resource ServiceRequest &quot;EjemploServiceRequestAtender&quot; </p><p style="margin-bottom: 0px">Profile: <a href="StructureDefinition-ServiceRequestLE.html">ServiceRequest LE</a></p></div><p><b>Destino Atención Codigo</b>: 1 <span style="background: LightGoldenRodYellow; margin: 4px; border: 1px solid khaki"> ([not stated]#1)</span></p><p><b>ExtBool RequiereExamen</b>: true</p><p><b>Pertinencia Interconsulta</b>: 1 <span style="background: LightGoldenRodYellow; margin: 4px; border: 1px solid khaki"> ([not stated]#1)</span></p><p><b>identifier</b>: IdInterconsulta: 323121</p><p><b>status</b>: draft</p><p><b>intent</b>: proposal</p><p><b>category</b>: 1 <span style="background: LightGoldenRodYellow; margin: 4px; border: 1px solid khaki"> ([not stated]#1)</span></p><p><b>priority</b>: routine</p><p><b>doNotPerform</b>: </p><p><b style="color: maroon">Exception generating Narrative: null</b></p></div>
  </text>
  <extension url="http://minsal.cl/listaespera/StructureDefinition/DestinoAtencionCodigo">
    <valueCodeableConcept>
      <coding>
        <code value="1"/>
      </coding>
    </valueCodeableConcept>
  </extension>
  <extension url="http://minsal.cl/listaespera/StructureDefinition/ExtBoolRequiereExamen">
    <valueBoolean value="true"/>
  </extension>
  <extension url="http://minsal.cl/listaespera/StructureDefinition/PertinenciaInterconsulta">
    <valueCodeableConcept>
      <coding>
        <code value="1"/>
      </coding>
    </valueCodeableConcept>
  </extension>
  <identifier>
    <type>
      <coding>
        <system value="IdInterconsulta"/>
        <code value="IdInterconsulta"/>
      </coding>
    </type>
    <value value="323121"/>
  </identifier>
  <status value="draft"/>
  <intent value="proposal"/>
  <category>
    <coding>
      <code value="1"/>
    </coding>
  </category>
  <priority value="routine"/>
  <doNotPerform>
    <extension url="http://minsal.cl/listaespera/StructureDefinition/MotivoNoPertinenciaCodigo">
      <valueCodeableConcept>
        <coding>
          <code value="1"/>
        </coding>
        <text value="Texto libre"/>
      </valueCodeableConcept>
    </extension>
  </doNotPerform>
  <subject>
    <reference value="http://acme.com/ehr/fhir/Patient/pat1"/>
  </subject>
  <authoredOn value="2022-01-20T13:50:20Z"/>
</ServiceRequest>