<?xml version="1.0" encoding="UTF-8"?>

<ValueSet xmlns="http://hl7.org/fhir">
  <id value="VSTipoIdentificador"/>
  <text>
    <status value="generated"/><div xmlns="http://www.w3.org/1999/xhtml"><ul><li>Include all codes defined in <a href="CodeSystem-CSTipoIdentificador.html"><code>http://minsal.cl/listaespera/CodeSystem/CSTipoIdentificador</code></a></li></ul></div>
  </text>
  <url value="http://minsal.cl/listaespera/ValueSet/VSTipoIdentificador"/>
  <version value="0.1.0"/>
  <name value="VSTipoIdentificador"/>
  <title value="Tipo Identificador"/>
  <status value="active"/>
  <experimental value="false"/>
  <date value="2023-01-15"/>
  <publisher value="MINSAL Chile"/>
  <contact>
    <name value="MINSAL Chile"/>
    <telecom>
      <system value="url"/>
      <value value="https://minsal.cl"/>
    </telecom>
  </contact>
  <description value="Tipo Identificador"/>
  <jurisdiction>
    <coding>
      <system value="urn:iso:std:iso:3166"/>
      <code value="CL"/>
      <display value="Chile"/>
    </coding>
  </jurisdiction>
  <compose>
    <include>
      <system value="http://minsal.cl/listaespera/CodeSystem/CSTipoIdentificador"/>
    </include>
  </compose>
</ValueSet>