<?xml version="1.0" encoding="UTF-8"?><CodeSystem xmlns="http://hl7.org/fhir"><id value="CSIndicecomorbilidad"/><text><status value="generated"/><div xmlns="http://www.w3.org/1999/xhtml"><p>This code system <code>http://minsal.cl/listaespera/CodeSystem/CSIndicecomorbilidad</code> defines the following codes:</p><table class="codes"><tr><td style="white-space:nowrap"><b>Code</b></td><td><b>Display</b></td></tr><tr><td style="white-space:nowrap">G0<a name="CSIndicecomorbilidad-G0"> </a></td><td>Sin Riesgo, sin condiciones crónicas o riesgo no identificado </td></tr><tr><td style="white-space:nowrap">G1<a name="CSIndicecomorbilidad-G1"> </a></td><td>Riesgo Leve, 1 condición crónica</td></tr><tr><td style="white-space:nowrap">G2<a name="CSIndicecomorbilidad-G2"> </a></td><td>Riesgo Moderado, 2 a 4 condiciones crónicas</td></tr><tr><td style="white-space:nowrap">G3<a name="CSIndicecomorbilidad-G3"> </a></td><td>Riesgo Alto, 5 o más condiciones crónicas</td></tr></table></div></text><url value="http://minsal.cl/listaespera/CodeSystem/CSIndicecomorbilidad"/><version value="0.1.0"/><name value="CSIndicecomorbilidad"/><title value="Indicecomorbilidad"/><status value="active"/><experimental value="false"/><date value="2023-01-15"/><publisher value="MINSAL Chile"/><contact><name value="MINSAL Chile"/><telecom><system value="url"/><value value="https://minsal.cl"/></telecom></contact><description value="Indicecomorbilidad"/><jurisdiction><coding><system value="urn:iso:std:iso:3166"/><code value="CL"/><display value="Chile"/></coding></jurisdiction><caseSensitive value="true"/><content value="complete"/><count value="4"/><concept><code value="G0"/><display value="Sin Riesgo, sin condiciones crónicas o riesgo no identificado "/></concept><concept><code value="G1"/><display value="Riesgo Leve, 1 condición crónica"/></concept><concept><code value="G2"/><display value="Riesgo Moderado, 2 a 4 condiciones crónicas"/></concept><concept><code value="G3"/><display value="Riesgo Alto, 5 o más condiciones crónicas"/></concept></CodeSystem>