<?xml version="1.0" encoding="UTF-8"?><CodeSystem xmlns="http://hl7.org/fhir"><id value="CSTipoIdentificador"/><text><status value="generated"/><div xmlns="http://www.w3.org/1999/xhtml"><p>This code system <code>http://minsal.cl/listaespera/CodeSystem/CSTipoIdentificador</code> defines the following codes:</p><table class="codes"><tr><td style="white-space:nowrap"><b>Code</b></td><td><b>Display</b></td></tr><tr><td style="white-space:nowrap">1<a name="CSTipoIdentificador-1"> </a></td><td>RUN</td></tr><tr><td style="white-space:nowrap">2<a name="CSTipoIdentificador-2"> </a></td><td>RUN Materno/progenitor(a)</td></tr><tr><td style="white-space:nowrap">3<a name="CSTipoIdentificador-3"> </a></td><td>Folio del Comprobante de Parto</td></tr><tr><td style="white-space:nowrap">4<a name="CSTipoIdentificador-4"> </a></td><td>Número de Pasaporte</td></tr><tr><td style="white-space:nowrap">5<a name="CSTipoIdentificador-5"> </a></td><td>Otro documento identificador</td></tr><tr><td style="white-space:nowrap">6<a name="CSTipoIdentificador-6"> </a></td><td>Identificador FONASA</td></tr></table></div></text><url value="http://minsal.cl/listaespera/CodeSystem/CSTipoIdentificador"/><version value="0.1.1"/><name value="CSTipoIdentificador"/><title value="Tipo Identificador"/><status value="active"/><experimental value="false"/><date value="2023-01-15"/><publisher value="MINSAL Chile"/><contact><name value="MINSAL Chile"/><telecom><system value="url"/><value value="https://minsal.cl"/></telecom></contact><description value="Tipo Identificador"/><jurisdiction><coding><system value="urn:iso:std:iso:3166"/><code value="CL"/><display value="Chile"/></coding></jurisdiction><caseSensitive value="true"/><content value="complete"/><count value="6"/><concept><code value="1"/><display value="RUN"/></concept><concept><code value="2"/><display value="RUN Materno/progenitor(a)"/></concept><concept><code value="3"/><display value="Folio del Comprobante de Parto"/></concept><concept><code value="4"/><display value="Número de Pasaporte"/></concept><concept><code value="5"/><display value="Otro documento identificador"/></concept><concept><code value="6"/><display value="Identificador FONASA"/></concept></CodeSystem>