<?xml version="1.0" encoding="UTF-8"?><CodeSystem xmlns="http://hl7.org/fhir"><id value="CSDocAcreditacionCuidador"/><text><status value="generated"/><div xmlns="http://www.w3.org/1999/xhtml"><p>This code system <code>http://minsal.cl/listaespera/CodeSystem/CSDocAcreditacionCuidador</code> defines the following codes:</p><table class="codes"><tr><td style="white-space:nowrap"><b>Code</b></td><td><b>Display</b></td></tr><tr><td style="white-space:nowrap">1<a name="CSDocAcreditacionCuidador-1"> </a></td><td>Documento que acredita calidad de cuidador/a del Programa Red Local de Apoyos y Cuidados (MIDESOF)</td></tr><tr><td style="white-space:nowrap">2<a name="CSDocAcreditacionCuidador-2"> </a></td><td>Documento que acredita calidad de cuidador/a del Programa de Atención Domicliaria a Personas con Dependencia Severa (MINSAL APS)</td></tr><tr><td style="white-space:nowrap">3<a name="CSDocAcreditacionCuidador-3"> </a></td><td>Documento de que acredita calidad de cuidador/a de las Unidades de Cuidados Paliativos Universales (MINSAL)</td></tr><tr><td style="white-space:nowrap">4<a name="CSDocAcreditacionCuidador-4"> </a></td><td>Documento de que acredita calidad de cuidador/a del Programa de Cuidados Domiciliarios (SENAMA)</td></tr><tr><td style="white-space:nowrap">5<a name="CSDocAcreditacionCuidador-5"> </a></td><td>Documento de que acredita calidad de cuidador/a de Centro de Apoyo Comunitario para Personas con Demencia (MINSAL)</td></tr><tr><td style="white-space:nowrap">6<a name="CSDocAcreditacionCuidador-6"> </a></td><td>Credencial de cuidador/a Registro Social de Hogares (MIDESOF)</td></tr></table></div></text><url value="http://minsal.cl/listaespera/CodeSystem/CSDocAcreditacionCuidador"/><version value="0.1.1"/><name value="CSDocAcreditacionCuidador"/><title value="Documento Acreditacion Cuidador"/><status value="active"/><experimental value="false"/><date value="2023-01-15"/><publisher value="MINSAL Chile"/><contact><name value="MINSAL Chile"/><telecom><system value="url"/><value value="https://minsal.cl"/></telecom></contact><description value="Documento Acreditacion Cuidador"/><jurisdiction><coding><system value="urn:iso:std:iso:3166"/><code value="CL"/><display value="Chile"/></coding></jurisdiction><caseSensitive value="true"/><content value="complete"/><count value="6"/><concept><code value="1"/><display value="Documento que acredita calidad de cuidador/a del Programa Red Local de Apoyos y Cuidados (MIDESOF)"/></concept><concept><code value="2"/><display value="Documento que acredita calidad de cuidador/a del Programa de Atención Domicliaria a Personas con Dependencia Severa (MINSAL APS)"/></concept><concept><code value="3"/><display value="Documento de que acredita calidad de cuidador/a de las Unidades de Cuidados Paliativos Universales (MINSAL)"/></concept><concept><code value="4"/><display value="Documento de que acredita calidad de cuidador/a del Programa de Cuidados Domiciliarios (SENAMA)"/></concept><concept><code value="5"/><display value="Documento de que acredita calidad de cuidador/a de Centro de Apoyo Comunitario para Personas con Demencia (MINSAL)"/></concept><concept><code value="6"/><display value="Credencial de cuidador/a Registro Social de Hogares (MIDESOF)"/></concept></CodeSystem>