<?xml version="1.0" encoding="UTF-8"?><ImplementationGuide xmlns="http://hl7.org/fhir"><id value="fhir.hl7chile.ListaDeEspera"/><text><status value="extensions"/><div xmlns="http://www.w3.org/1999/xhtml"><h2>ListaEsperaChile</h2><p>The official URL for this implementation guide is: </p><pre>http://minsal.cl/listaespera/ImplementationGuide/fhir.hl7chile.ListaDeEspera</pre><div><p>Proyecto Listas de Espera MINSAL CHILE</p>
</div></div></text><url value="http://minsal.cl/listaespera/ImplementationGuide/fhir.hl7chile.ListaDeEspera"/><version value="0.1.0"/><name value="ListaEsperaChile"/><title value="Proyecto Listas de Espera MINSAL CHILE"/><status value="draft"/><date value="2023-01-25T12:03:32-03:00"/><publisher value="MINSAL Chile"/><contact><name value="MINSAL Chile"/><telecom><system value="url"/><value value="https://minsal.cl"/></telecom></contact><description value="Proyecto Listas de Espera MINSAL CHILE"/><packageId value="fhir.hl7chile.ListaDeEspera"/><license value="CC0-1.0"/><fhirVersion value="4.0.1"/><dependsOn id="hl7tx"><extension url="http://hl7.org/fhir/tools/StructureDefinition/implementationguide-dependency-comment"><valueMarkdown value="Automatically added as a dependency - all IGs depend on HL7 Terminology"/></extension><uri value="http://terminology.hl7.org/ImplementationGuide/hl7.terminology"/><packageId value="hl7.terminology.r4"/><version value="5.0.0"/></dependsOn><dependsOn id="hl7_fhir_cl_corecl"><uri value="https://hl7chile.cl/fhir/ig/CoreCL/ImplementationGuide/hl7.fhir.cl.corecl"/><packageId value="hl7.fhir.cl.corecl"/><version value="1.7.0"/></dependsOn><definition><extension url="http://hl7.org/fhir/tools/StructureDefinition/ig-parameter"><extension url="code"><valueString value="copyrightyear"/></extension><extension url="value"><valueString value="2023+"/></extension></extension><extension url="http://hl7.org/fhir/tools/StructureDefinition/ig-parameter"><extension url="code"><valueString value="releaselabel"/></extension><extension url="value"><valueString value="ci-build"/></extension></extension><extension url="http://hl7.org/fhir/tools/StructureDefinition/ig-parameter"><extension url="code"><valueString value="autoload-resources"/></extension><extension url="value"><valueString value="true"/></extension></extension><extension url="http://hl7.org/fhir/tools/StructureDefinition/ig-parameter"><extension url="code"><valueString value="path-liquid"/></extension><extension url="value"><valueString value="template/liquid"/></extension></extension><extension url="http://hl7.org/fhir/tools/StructureDefinition/ig-parameter"><extension url="code"><valueString value="path-liquid"/></extension><extension url="value"><valueString value="input/liquid"/></extension></extension><extension url="http://hl7.org/fhir/tools/StructureDefinition/ig-parameter"><extension url="code"><valueString value="path-qa"/></extension><extension url="value"><valueString value="temp/qa"/></extension></extension><extension url="http://hl7.org/fhir/tools/StructureDefinition/ig-parameter"><extension url="code"><valueString value="path-temp"/></extension><extension url="value"><valueString value="temp/pages"/></extension></extension><extension url="http://hl7.org/fhir/tools/StructureDefinition/ig-parameter"><extension url="code"><valueString value="path-output"/></extension><extension url="value"><valueString value="output"/></extension></extension><extension url="http://hl7.org/fhir/tools/StructureDefinition/ig-parameter"><extension url="code"><valueString value="path-suppressed-warnings"/></extension><extension url="value"><valueString value="input/ignoreWarnings.txt"/></extension></extension><extension url="http://hl7.org/fhir/tools/StructureDefinition/ig-parameter"><extension url="code"><valueString value="path-history"/></extension><extension url="value"><valueString value="http://minsal.cl/listaespera/history.html"/></extension></extension><extension url="http://hl7.org/fhir/tools/StructureDefinition/ig-parameter"><extension url="code"><valueString value="template-html"/></extension><extension url="value"><valueString value="template-page.html"/></extension></extension><extension url="http://hl7.org/fhir/tools/StructureDefinition/ig-parameter"><extension url="code"><valueString value="template-md"/></extension><extension url="value"><valueString value="template-page-md.html"/></extension></extension><extension url="http://hl7.org/fhir/tools/StructureDefinition/ig-parameter"><extension url="code"><valueString value="apply-contact"/></extension><extension url="value"><valueString value="true"/></extension></extension><extension url="http://hl7.org/fhir/tools/StructureDefinition/ig-parameter"><extension url="code"><valueString value="apply-context"/></extension><extension url="value"><valueString value="true"/></extension></extension><extension url="http://hl7.org/fhir/tools/StructureDefinition/ig-parameter"><extension url="code"><valueString value="apply-copyright"/></extension><extension url="value"><valueString value="true"/></extension></extension><extension url="http://hl7.org/fhir/tools/StructureDefinition/ig-parameter"><extension url="code"><valueString value="apply-jurisdiction"/></extension><extension url="value"><valueString value="true"/></extension></extension><extension url="http://hl7.org/fhir/tools/StructureDefinition/ig-parameter"><extension url="code"><valueString value="apply-license"/></extension><extension url="value"><valueString value="true"/></extension></extension><extension url="http://hl7.org/fhir/tools/StructureDefinition/ig-parameter"><extension url="code"><valueString value="apply-publisher"/></extension><extension url="value"><valueString value="true"/></extension></extension><extension url="http://hl7.org/fhir/tools/StructureDefinition/ig-parameter"><extension url="code"><valueString value="apply-version"/></extension><extension url="value"><valueString value="true"/></extension></extension><extension url="http://hl7.org/fhir/tools/StructureDefinition/ig-parameter"><extension url="code"><valueString value="active-tables"/></extension><extension url="value"><valueString value="true"/></extension></extension><extension url="http://hl7.org/fhir/tools/StructureDefinition/ig-parameter"><extension url="code"><valueString value="fmm-definition"/></extension><extension url="value"><valueString value="http://hl7.org/fhir/versions.html#maturity"/></extension></extension><extension url="http://hl7.org/fhir/tools/StructureDefinition/ig-parameter"><extension url="code"><valueString value="propagate-status"/></extension><extension url="value"><valueString value="true"/></extension></extension><extension url="http://hl7.org/fhir/tools/StructureDefinition/ig-parameter"><extension url="code"><valueString value="excludelogbinaryformat"/></extension><extension url="value"><valueString value="true"/></extension></extension><extension url="http://hl7.org/fhir/tools/StructureDefinition/ig-parameter"><extension url="code"><valueString value="tabbed-snapshots"/></extension><extension url="value"><valueString value="true"/></extension></extension><extension url="http://hl7.org/fhir/tools/StructureDefinition/ig-parameter"><extension url="code"><valueString value="copyrightyear"/></extension><extension url="value"><valueString value="2023+"/></extension></extension><extension url="http://hl7.org/fhir/tools/StructureDefinition/ig-parameter"><extension url="code"><valueString value="releaselabel"/></extension><extension url="value"><valueString value="ci-build"/></extension></extension><extension url="http://hl7.org/fhir/tools/StructureDefinition/ig-parameter"><extension url="code"><valueString value="autoload-resources"/></extension><extension url="value"><valueString value="true"/></extension></extension><extension url="http://hl7.org/fhir/tools/StructureDefinition/ig-parameter"><extension url="code"><valueString value="path-liquid"/></extension><extension url="value"><valueString value="template/liquid"/></extension></extension><extension url="http://hl7.org/fhir/tools/StructureDefinition/ig-parameter"><extension url="code"><valueString value="path-liquid"/></extension><extension url="value"><valueString value="input/liquid"/></extension></extension><extension url="http://hl7.org/fhir/tools/StructureDefinition/ig-parameter"><extension url="code"><valueString value="path-qa"/></extension><extension url="value"><valueString value="temp/qa"/></extension></extension><extension url="http://hl7.org/fhir/tools/StructureDefinition/ig-parameter"><extension url="code"><valueString value="path-temp"/></extension><extension url="value"><valueString value="temp/pages"/></extension></extension><extension url="http://hl7.org/fhir/tools/StructureDefinition/ig-parameter"><extension url="code"><valueString value="path-output"/></extension><extension url="value"><valueString value="output"/></extension></extension><extension url="http://hl7.org/fhir/tools/StructureDefinition/ig-parameter"><extension url="code"><valueString value="path-suppressed-warnings"/></extension><extension url="value"><valueString value="input/ignoreWarnings.txt"/></extension></extension><extension url="http://hl7.org/fhir/tools/StructureDefinition/ig-parameter"><extension url="code"><valueString value="path-history"/></extension><extension url="value"><valueString value="http://minsal.cl/listaespera/history.html"/></extension></extension><extension url="http://hl7.org/fhir/tools/StructureDefinition/ig-parameter"><extension url="code"><valueString value="template-html"/></extension><extension url="value"><valueString value="template-page.html"/></extension></extension><extension url="http://hl7.org/fhir/tools/StructureDefinition/ig-parameter"><extension url="code"><valueString value="template-md"/></extension><extension url="value"><valueString value="template-page-md.html"/></extension></extension><extension url="http://hl7.org/fhir/tools/StructureDefinition/ig-parameter"><extension url="code"><valueString value="apply-contact"/></extension><extension url="value"><valueString value="true"/></extension></extension><extension url="http://hl7.org/fhir/tools/StructureDefinition/ig-parameter"><extension url="code"><valueString value="apply-context"/></extension><extension url="value"><valueString value="true"/></extension></extension><extension url="http://hl7.org/fhir/tools/StructureDefinition/ig-parameter"><extension url="code"><valueString value="apply-copyright"/></extension><extension url="value"><valueString value="true"/></extension></extension><extension url="http://hl7.org/fhir/tools/StructureDefinition/ig-parameter"><extension url="code"><valueString value="apply-jurisdiction"/></extension><extension url="value"><valueString value="true"/></extension></extension><extension url="http://hl7.org/fhir/tools/StructureDefinition/ig-parameter"><extension url="code"><valueString value="apply-license"/></extension><extension url="value"><valueString value="true"/></extension></extension><extension url="http://hl7.org/fhir/tools/StructureDefinition/ig-parameter"><extension url="code"><valueString value="apply-publisher"/></extension><extension url="value"><valueString value="true"/></extension></extension><extension url="http://hl7.org/fhir/tools/StructureDefinition/ig-parameter"><extension url="code"><valueString value="apply-version"/></extension><extension url="value"><valueString value="true"/></extension></extension><extension url="http://hl7.org/fhir/tools/StructureDefinition/ig-parameter"><extension url="code"><valueString value="active-tables"/></extension><extension url="value"><valueString value="true"/></extension></extension><extension url="http://hl7.org/fhir/tools/StructureDefinition/ig-parameter"><extension url="code"><valueString value="fmm-definition"/></extension><extension url="value"><valueString value="http://hl7.org/fhir/versions.html#maturity"/></extension></extension><extension url="http://hl7.org/fhir/tools/StructureDefinition/ig-parameter"><extension url="code"><valueString value="propagate-status"/></extension><extension url="value"><valueString value="true"/></extension></extension><extension url="http://hl7.org/fhir/tools/StructureDefinition/ig-parameter"><extension url="code"><valueString value="excludelogbinaryformat"/></extension><extension url="value"><valueString value="true"/></extension></extension><extension url="http://hl7.org/fhir/tools/StructureDefinition/ig-parameter"><extension url="code"><valueString value="tabbed-snapshots"/></extension><extension url="value"><valueString value="true"/></extension></extension><extension url="http://hl7.org/fhir/tools/StructureDefinition/ig-parameter"><extension url="code"><valueString value="copyrightyear"/></extension><extension url="value"><valueString value="2023+"/></extension></extension><extension url="http://hl7.org/fhir/tools/StructureDefinition/ig-parameter"><extension url="code"><valueString value="releaselabel"/></extension><extension url="value"><valueString value="ci-build"/></extension></extension><extension url="http://hl7.org/fhir/tools/StructureDefinition/ig-parameter"><extension url="code"><valueString value="autoload-resources"/></extension><extension url="value"><valueString value="true"/></extension></extension><extension url="http://hl7.org/fhir/tools/StructureDefinition/ig-parameter"><extension url="code"><valueString value="path-liquid"/></extension><extension url="value"><valueString value="template/liquid"/></extension></extension><extension url="http://hl7.org/fhir/tools/StructureDefinition/ig-parameter"><extension url="code"><valueString value="path-liquid"/></extension><extension url="value"><valueString value="input/liquid"/></extension></extension><extension url="http://hl7.org/fhir/tools/StructureDefinition/ig-parameter"><extension url="code"><valueString value="path-qa"/></extension><extension url="value"><valueString value="temp/qa"/></extension></extension><extension url="http://hl7.org/fhir/tools/StructureDefinition/ig-parameter"><extension url="code"><valueString value="path-temp"/></extension><extension url="value"><valueString value="temp/pages"/></extension></extension><extension url="http://hl7.org/fhir/tools/StructureDefinition/ig-parameter"><extension url="code"><valueString value="path-output"/></extension><extension url="value"><valueString value="output"/></extension></extension><extension url="http://hl7.org/fhir/tools/StructureDefinition/ig-parameter"><extension url="code"><valueString value="path-suppressed-warnings"/></extension><extension url="value"><valueString value="input/ignoreWarnings.txt"/></extension></extension><extension url="http://hl7.org/fhir/tools/StructureDefinition/ig-parameter"><extension url="code"><valueString value="path-history"/></extension><extension url="value"><valueString value="http://minsal.cl/listaespera/history.html"/></extension></extension><extension url="http://hl7.org/fhir/tools/StructureDefinition/ig-parameter"><extension url="code"><valueString value="template-html"/></extension><extension url="value"><valueString value="template-page.html"/></extension></extension><extension url="http://hl7.org/fhir/tools/StructureDefinition/ig-parameter"><extension url="code"><valueString value="template-md"/></extension><extension url="value"><valueString value="template-page-md.html"/></extension></extension><extension url="http://hl7.org/fhir/tools/StructureDefinition/ig-parameter"><extension url="code"><valueString value="apply-contact"/></extension><extension url="value"><valueString value="true"/></extension></extension><extension url="http://hl7.org/fhir/tools/StructureDefinition/ig-parameter"><extension url="code"><valueString value="apply-context"/></extension><extension url="value"><valueString value="true"/></extension></extension><extension url="http://hl7.org/fhir/tools/StructureDefinition/ig-parameter"><extension url="code"><valueString value="apply-copyright"/></extension><extension url="value"><valueString value="true"/></extension></extension><extension url="http://hl7.org/fhir/tools/StructureDefinition/ig-parameter"><extension url="code"><valueString value="apply-jurisdiction"/></extension><extension url="value"><valueString value="true"/></extension></extension><extension url="http://hl7.org/fhir/tools/StructureDefinition/ig-parameter"><extension url="code"><valueString value="apply-license"/></extension><extension url="value"><valueString value="true"/></extension></extension><extension url="http://hl7.org/fhir/tools/StructureDefinition/ig-parameter"><extension url="code"><valueString value="apply-publisher"/></extension><extension url="value"><valueString value="true"/></extension></extension><extension url="http://hl7.org/fhir/tools/StructureDefinition/ig-parameter"><extension url="code"><valueString value="apply-version"/></extension><extension url="value"><valueString value="true"/></extension></extension><extension url="http://hl7.org/fhir/tools/StructureDefinition/ig-parameter"><extension url="code"><valueString value="active-tables"/></extension><extension url="value"><valueString value="true"/></extension></extension><extension url="http://hl7.org/fhir/tools/StructureDefinition/ig-parameter"><extension url="code"><valueString value="fmm-definition"/></extension><extension url="value"><valueString value="http://hl7.org/fhir/versions.html#maturity"/></extension></extension><extension url="http://hl7.org/fhir/tools/StructureDefinition/ig-parameter"><extension url="code"><valueString value="propagate-status"/></extension><extension url="value"><valueString value="true"/></extension></extension><extension url="http://hl7.org/fhir/tools/StructureDefinition/ig-parameter"><extension url="code"><valueString value="excludelogbinaryformat"/></extension><extension url="value"><valueString value="true"/></extension></extension><extension url="http://hl7.org/fhir/tools/StructureDefinition/ig-parameter"><extension url="code"><valueString value="tabbed-snapshots"/></extension><extension url="value"><valueString value="true"/></extension></extension><grouping id="-str-profile"><name value="Structures: Resource Profiles"/><description value="These define constraints on FHIR resources for systems conforming to this implementation guide."/></grouping><grouping id="-str-extension"><name value="Structures: Extension Definitions"/><description value="These define constraints on FHIR data types for systems conforming to this implementation guide."/></grouping><grouping id="-term-valueset"><name value="Terminology: Value Sets"/><description value="These define sets of codes used by systems conforming to this implementation guide."/></grouping><grouping id="-term-codesystem"><name value="Terminology: Code Systems"/><description value="These define new code systems used by systems conforming to this implementation guide."/></grouping><resource><extension url="http://hl7.org/fhir/StructureDefinition/implementationguide-page"><valueUri value="StructureDefinition-AllergyIntoleranceInicioLE.html"/></extension><reference><reference value="StructureDefinition/AllergyIntoleranceInicioLE"/></reference><name value="AllergyIntolerance Inicio LE"/><description value="AllergyIntolerance Inicio LE"/><exampleBoolean value="false"/><groupingId value="-str-profile"/></resource><resource><extension url="http://hl7.org/fhir/StructureDefinition/implementationguide-page"><valueUri value="StructureDefinition-AppointmentAtenderLE.html"/></extension><reference><reference value="StructureDefinition/AppointmentAtenderLE"/></reference><name value="Appointment Atender LE"/><description value="Appointment Atender LE"/><exampleBoolean value="false"/><groupingId value="-str-profile"/></resource><resource><extension url="http://hl7.org/fhir/StructureDefinition/implementationguide-page"><valueUri value="StructureDefinition-AppointmentInicioLE.html"/></extension><reference><reference value="StructureDefinition/AppointmentInicioLE"/></reference><name value="Appointment Inicio LE"/><description value="Appointment Inicio LE"/><exampleBoolean value="false"/><groupingId value="-str-profile"/></resource><resource><extension url="http://hl7.org/fhir/StructureDefinition/implementationguide-page"><valueUri value="StructureDefinition-CarePlanAtenderLE.html"/></extension><reference><reference value="StructureDefinition/CarePlanAtenderLE"/></reference><name value="CarePlan Atender LE"/><description value="CarePlan Atender LE"/><exampleBoolean value="false"/><groupingId value="-str-profile"/></resource><resource><extension url="http://hl7.org/fhir/StructureDefinition/implementationguide-page"><valueUri value="StructureDefinition-CondicionAtender1LE.html"/></extension><reference><reference value="StructureDefinition/CondicionAtender1LE"/></reference><name value="Condicion Atender 1 LE"/><description value="Condicion Atender 1 LE"/><exampleBoolean value="false"/><groupingId value="-str-profile"/></resource><resource><extension url="http://hl7.org/fhir/StructureDefinition/implementationguide-page"><valueUri value="StructureDefinition-CondicionAtender2LE.html"/></extension><reference><reference value="StructureDefinition/CondicionAtender2LE"/></reference><name value="Condicion Atender 2 LE"/><description value="Condicion Atender 2 LE"/><exampleBoolean value="false"/><groupingId value="-str-profile"/></resource><resource><extension url="http://hl7.org/fhir/StructureDefinition/implementationguide-page"><valueUri value="StructureDefinition-CondicionAtender3LE.html"/></extension><reference><reference value="StructureDefinition/CondicionAtender3LE"/></reference><name value="Condicion Atender 3 LE"/><description value="Condicion Atender 3 LE"/><exampleBoolean value="false"/><groupingId value="-str-profile"/></resource><resource><extension url="http://hl7.org/fhir/StructureDefinition/implementationguide-page"><valueUri value="StructureDefinition-CondicionInicio1LE.html"/></extension><reference><reference value="StructureDefinition/CondicionInicio1LE"/></reference><name value="Condicion Inicio 1 LE"/><description value="Condicion Inicio 1 LE"/><exampleBoolean value="false"/><groupingId value="-str-profile"/></resource><resource><extension url="http://hl7.org/fhir/StructureDefinition/implementationguide-page"><valueUri value="StructureDefinition-CondicionInicio2LE.html"/></extension><reference><reference value="StructureDefinition/CondicionInicio2LE"/></reference><name value="Condicion Inicio 2 LE"/><description value="Condicion Inicio 2 LE"/><exampleBoolean value="false"/><groupingId value="-str-profile"/></resource><resource><extension url="http://hl7.org/fhir/StructureDefinition/implementationguide-page"><valueUri value="StructureDefinition-CondicionInicio3LE.html"/></extension><reference><reference value="StructureDefinition/CondicionInicio3LE"/></reference><name value="Condicion Inicio 3 LE"/><description value="Condicion Inicio 3 LE"/><exampleBoolean value="false"/><groupingId value="-str-profile"/></resource><resource><extension url="http://hl7.org/fhir/StructureDefinition/implementationguide-page"><valueUri value="StructureDefinition-DocumentReferenceLE.html"/></extension><reference><reference value="StructureDefinition/DocumentReferenceLE"/></reference><name value="DocumentReference LE"/><description value="DocumentReference LE"/><exampleBoolean value="false"/><groupingId value="-str-profile"/></resource><resource><extension url="http://hl7.org/fhir/StructureDefinition/implementationguide-page"><valueUri value="StructureDefinition-EncounterAtenderLE.html"/></extension><reference><reference value="StructureDefinition/EncounterAtenderLE"/></reference><name value="Encounter Atender LE"/><description value="Encounter Atender LE"/><exampleBoolean value="false"/><groupingId value="-str-profile"/></resource><resource><extension url="http://hl7.org/fhir/StructureDefinition/implementationguide-page"><valueUri value="StructureDefinition-EncounterInicioLE.html"/></extension><reference><reference value="StructureDefinition/EncounterInicioLE"/></reference><name value="Encounter Inicio LE"/><description value="Encounter Inicio LE"/><exampleBoolean value="false"/><groupingId value="-str-profile"/></resource><resource><extension url="http://hl7.org/fhir/StructureDefinition/implementationguide-page"><valueUri value="StructureDefinition-LocationLE.html"/></extension><reference><reference value="StructureDefinition/LocationLE"/></reference><name value="Location LE"/><description value="Location LE"/><exampleBoolean value="false"/><groupingId value="-str-profile"/></resource><resource><extension url="http://hl7.org/fhir/StructureDefinition/implementationguide-page"><valueUri value="StructureDefinition-MessageHeaderLE.html"/></extension><reference><reference value="StructureDefinition/MessageHeaderLE"/></reference><name value="MessageHeaderLE"/><description value="MessageHeaderLE"/><exampleBoolean value="false"/><groupingId value="-str-profile"/></resource><resource><extension url="http://hl7.org/fhir/StructureDefinition/implementationguide-page"><valueUri value="StructureDefinition-ObservationAtenderLE.html"/></extension><reference><reference value="StructureDefinition/ObservationAtenderLE"/></reference><name value="ObservationAtender LE"/><description value="ObservationAtender LE"/><exampleBoolean value="false"/><groupingId value="-str-profile"/></resource><resource><extension url="http://hl7.org/fhir/StructureDefinition/implementationguide-page"><valueUri value="StructureDefinition-ObservationLE.html"/></extension><reference><reference value="StructureDefinition/ObservationLE"/></reference><name value="Observation LE"/><description value="Observation LE"/><exampleBoolean value="false"/><groupingId value="-str-profile"/></resource><resource><extension url="http://hl7.org/fhir/StructureDefinition/implementationguide-page"><valueUri value="StructureDefinition-OrganizacionLE.html"/></extension><reference><reference value="StructureDefinition/OrganizacionLE"/></reference><name value="Organizacion LE"/><description value="Organizacion LE"/><exampleBoolean value="false"/><groupingId value="-str-profile"/></resource><resource><extension url="http://hl7.org/fhir/StructureDefinition/implementationguide-page"><valueUri value="StructureDefinition-PacienteLE.html"/></extension><reference><reference value="StructureDefinition/PacienteLE"/></reference><name value="Paciente LE"/><description value="Paciente LE"/><exampleBoolean value="false"/><groupingId value="-str-profile"/></resource><resource><extension url="http://hl7.org/fhir/StructureDefinition/implementationguide-page"><valueUri value="StructureDefinition-PractitioneRolerLE.html"/></extension><reference><reference value="StructureDefinition/PractitioneRolerLE"/></reference><name value="PractitionerRole LE"/><description value="PractitionerRole LE"/><exampleBoolean value="false"/><groupingId value="-str-profile"/></resource><resource><extension url="http://hl7.org/fhir/StructureDefinition/implementationguide-page"><valueUri value="StructureDefinition-PractitionerLE.html"/></extension><reference><reference value="StructureDefinition/PractitionerLE"/></reference><name value="Practitioner LE"/><description value="Practitioner LE"/><exampleBoolean value="false"/><groupingId value="-str-profile"/></resource><resource><extension url="http://hl7.org/fhir/StructureDefinition/implementationguide-page"><valueUri value="StructureDefinition-QuestionnaireResponseInicioLE.html"/></extension><reference><reference value="StructureDefinition/QuestionnaireResponseInicioLE"/></reference><name value="QuestionnaireResponse Inicio LE"/><description value="QuestionnaireResponse Inicio LE"/><exampleBoolean value="false"/><groupingId value="-str-profile"/></resource><resource><extension url="http://hl7.org/fhir/StructureDefinition/implementationguide-page"><valueUri value="StructureDefinition-ServiceRequestLE.html"/></extension><reference><reference value="StructureDefinition/ServiceRequestLE"/></reference><name value="ServiceRequest LE"/><description value="ServiceRequest LE"/><exampleBoolean value="false"/><groupingId value="-str-profile"/></resource><resource><extension url="http://hl7.org/fhir/StructureDefinition/implementationguide-page"><valueUri value="StructureDefinition-Contactado.html"/></extension><reference><reference value="StructureDefinition/Contactado"/></reference><name value="Contactado"/><description value="Contactado"/><exampleBoolean value="false"/><groupingId value="-str-extension"/></resource><resource><extension url="http://hl7.org/fhir/StructureDefinition/implementationguide-page"><valueUri value="StructureDefinition-DestinoAtencionCodigo.html"/></extension><reference><reference value="StructureDefinition/DestinoAtencionCodigo"/></reference><name value="Destino Atención Codigo"/><description value="Destino Atención Codigo"/><exampleBoolean value="false"/><groupingId value="-str-extension"/></resource><resource><extension url="http://hl7.org/fhir/StructureDefinition/implementationguide-page"><valueUri value="StructureDefinition-DigitoVerificador.html"/></extension><reference><reference value="StructureDefinition/DigitoVerificador"/></reference><name value="DigitoVerificador"/><description value="DigitoVerificador"/><exampleBoolean value="false"/><groupingId value="-str-extension"/></resource><resource><extension url="http://hl7.org/fhir/StructureDefinition/implementationguide-page"><valueUri value="StructureDefinition-DocAcreditacionCuidadorCodigoLE.html"/></extension><reference><reference value="StructureDefinition/DocAcreditacionCuidadorCodigoLE"/></reference><name value="Doc Acreditacion Cuidador"/><description value="Doc Acreditacion Cuidador"/><exampleBoolean value="false"/><groupingId value="-str-extension"/></resource><resource><extension url="http://hl7.org/fhir/StructureDefinition/implementationguide-page"><valueUri value="StructureDefinition-EstadoInterconsultaCodigoLE.html"/></extension><reference><reference value="StructureDefinition/EstadoInterconsultaCodigoLE"/></reference><name value="Estado Interconsulta Codigo"/><description value="Estado Interconsulta Codigo"/><exampleBoolean value="false"/><groupingId value="-str-extension"/></resource><resource><extension url="http://hl7.org/fhir/StructureDefinition/implementationguide-page"><valueUri value="StructureDefinition-ExtBool.html"/></extension><reference><reference value="StructureDefinition/ExtBool"/></reference><name value="ExtBool"/><description value="ExtBool"/><exampleBoolean value="false"/><groupingId value="-str-extension"/></resource><resource><extension url="http://hl7.org/fhir/StructureDefinition/implementationguide-page"><valueUri value="StructureDefinition-ExtBoolAfrodescendiente.html"/></extension><reference><reference value="StructureDefinition/ExtBoolAfrodescendiente"/></reference><name value="ExtBool Afrodescendiente"/><description value="ExtBool Afrodescendiente"/><exampleBoolean value="false"/><groupingId value="-str-extension"/></resource><resource><extension url="http://hl7.org/fhir/StructureDefinition/implementationguide-page"><valueUri value="StructureDefinition-ExtBoolAlergia.html"/></extension><reference><reference value="StructureDefinition/ExtBoolAlergia"/></reference><name value="ExtBool Alergia"/><description value="ExtBool Alergia"/><exampleBoolean value="false"/><groupingId value="-str-extension"/></resource><resource><extension url="http://hl7.org/fhir/StructureDefinition/implementationguide-page"><valueUri value="StructureDefinition-ExtBoolCuidador.html"/></extension><reference><reference value="StructureDefinition/ExtBoolCuidador"/></reference><name value="ExtBool Cuidador"/><description value="ExtBool Cuidador"/><exampleBoolean value="false"/><groupingId value="-str-extension"/></resource><resource><extension url="http://hl7.org/fhir/StructureDefinition/implementationguide-page"><valueUri value="StructureDefinition-ExtBoolPersonaMayor.html"/></extension><reference><reference value="StructureDefinition/ExtBoolPersonaMayor"/></reference><name value="ExtBool PersonaMayor"/><description value="ExtBool PersonaMayor"/><exampleBoolean value="false"/><groupingId value="-str-extension"/></resource><resource><extension url="http://hl7.org/fhir/StructureDefinition/implementationguide-page"><valueUri value="StructureDefinition-ExtBoolPertinenciaAtencionBox.html"/></extension><reference><reference value="StructureDefinition/ExtBoolPertinenciaAtencionBox"/></reference><name value="ExtBool Pertinencia Atencion Box"/><description value="ExtBool Pertinencia Atencion Box"/><exampleBoolean value="false"/><groupingId value="-str-extension"/></resource><resource><extension url="http://hl7.org/fhir/StructureDefinition/implementationguide-page"><valueUri value="StructureDefinition-ExtBoolPresentaDiscapacidad.html"/></extension><reference><reference value="StructureDefinition/ExtBoolPresentaDiscapacidad"/></reference><name value="ExtBool PresentaDiscapacidad"/><description value="ExtBool PresentaDiscapacidad"/><exampleBoolean value="false"/><groupingId value="-str-extension"/></resource><resource><extension url="http://hl7.org/fhir/StructureDefinition/implementationguide-page"><valueUri value="StructureDefinition-ExtBoolRequiereExamen.html"/></extension><reference><reference value="StructureDefinition/ExtBoolRequiereExamen"/></reference><name value="ExtBool RequiereExamen"/><description value="ExtBool RequiereExamen"/><exampleBoolean value="false"/><groupingId value="-str-extension"/></resource><resource><extension url="http://hl7.org/fhir/StructureDefinition/implementationguide-page"><valueUri value="StructureDefinition-ExtBoolResolutividadAPS.html"/></extension><reference><reference value="StructureDefinition/ExtBoolResolutividadAPS"/></reference><name value="ExtBool ResolutividadAPS"/><description value="ExtBool ResolutividadAPS"/><exampleBoolean value="false"/><groupingId value="-str-extension"/></resource><resource><extension url="http://hl7.org/fhir/StructureDefinition/implementationguide-page"><valueUri value="StructureDefinition-ExtBoolSolicitudExamenes.html"/></extension><reference><reference value="StructureDefinition/ExtBoolSolicitudExamenes"/></reference><name value="ExtBool Solicitud Examenes"/><description value="ExtBool Solicitud Examenes"/><exampleBoolean value="false"/><groupingId value="-str-extension"/></resource><resource><extension url="http://hl7.org/fhir/StructureDefinition/implementationguide-page"><valueUri value="StructureDefinition-ExtInteger.html"/></extension><reference><reference value="StructureDefinition/ExtInteger"/></reference><name value="ExtInteger"/><description value="ExtInteger"/><exampleBoolean value="false"/><groupingId value="-str-extension"/></resource><resource><extension url="http://hl7.org/fhir/StructureDefinition/implementationguide-page"><valueUri value="StructureDefinition-ExtStringFundamentoPriorizacion.html"/></extension><reference><reference value="StructureDefinition/ExtStringFundamentoPriorizacion"/></reference><name value="ExtStringFundamentoPriorizacion"/><exampleBoolean value="false"/><groupingId value="-str-extension"/></resource><resource><extension url="http://hl7.org/fhir/StructureDefinition/implementationguide-page"><valueUri value="StructureDefinition-ExtStringMotivoNoPertinencia.html"/></extension><reference><reference value="StructureDefinition/ExtStringMotivoNoPertinencia"/></reference><name value="ExtString MotivoNoPertinencia"/><description value="ExtString MotivoNoPertinencia"/><exampleBoolean value="false"/><groupingId value="-str-extension"/></resource><resource><extension url="http://hl7.org/fhir/StructureDefinition/implementationguide-page"><valueUri value="StructureDefinition-IdentidadGenero.html"/></extension><reference><reference value="StructureDefinition/IdentidadGenero"/></reference><name value="Identidad de genero"/><description value="Identidad de genero"/><exampleBoolean value="false"/><groupingId value="-str-extension"/></resource><resource><extension url="http://hl7.org/fhir/StructureDefinition/implementationguide-page"><valueUri value="StructureDefinition-MedioNotificacion.html"/></extension><reference><reference value="StructureDefinition/MedioNotificacion"/></reference><name value="MedioNotificacion"/><description value="MedioNotificacion"/><exampleBoolean value="false"/><groupingId value="-str-extension"/></resource><resource><extension url="http://hl7.org/fhir/StructureDefinition/implementationguide-page"><valueUri value="StructureDefinition-MotivoCierreInterconsulta.html"/></extension><reference><reference value="StructureDefinition/MotivoCierreInterconsulta"/></reference><name value="Motivo Cierre Interconsulta"/><description value="Motivo Cierre Interconsulta"/><exampleBoolean value="false"/><groupingId value="-str-extension"/></resource><resource><extension url="http://hl7.org/fhir/StructureDefinition/implementationguide-page"><valueUri value="StructureDefinition-OrigenInterconsulta.html"/></extension><reference><reference value="StructureDefinition/OrigenInterconsulta"/></reference><name value="Origen Interconsulta"/><description value="Origen Interconsulta"/><exampleBoolean value="false"/><groupingId value="-str-extension"/></resource><resource><extension url="http://hl7.org/fhir/StructureDefinition/implementationguide-page"><valueUri value="StructureDefinition-CodigoPaises.html"/></extension><reference><reference value="StructureDefinition/CodigoPaises"/></reference><name value="Codigo de Identificación de países"/><description value="Esta extensión incluye códigos de paises de origen"/><exampleBoolean value="false"/><groupingId value="-str-extension"/></resource><resource><extension url="http://hl7.org/fhir/StructureDefinition/implementationguide-page"><valueUri value="StructureDefinition-PertinenciaInterconsulta.html"/></extension><reference><reference value="StructureDefinition/PertinenciaInterconsulta"/></reference><name value="Pertinencia Interconsulta"/><description value="Pertinencia Interconsulta"/><exampleBoolean value="false"/><groupingId value="-str-extension"/></resource><resource><extension url="http://hl7.org/fhir/StructureDefinition/implementationguide-page"><valueUri value="StructureDefinition-PuebloIndigena.html"/></extension><reference><reference value="StructureDefinition/PuebloIndigena"/></reference><name value="Etnia a la cual pertenece"/><description value="Etnia a la cual pertenece"/><exampleBoolean value="false"/><groupingId value="-str-extension"/></resource><resource><extension url="http://hl7.org/fhir/StructureDefinition/implementationguide-page"><valueUri value="StructureDefinition-SegundoApellido.html"/></extension><reference><reference value="StructureDefinition/SegundoApellido"/></reference><name value="Segundo Apellido"/><description value="Segundo Apellido"/><exampleBoolean value="false"/><groupingId value="-str-extension"/></resource><resource><extension url="http://hl7.org/fhir/StructureDefinition/implementationguide-page"><valueUri value="StructureDefinition-SospechaPatologiaGes.html"/></extension><reference><reference value="StructureDefinition/SospechaPatologiaGes"/></reference><name value="SospechaPatologiaGes"/><description value="SospechaPatologiaGes"/><exampleBoolean value="false"/><groupingId value="-str-extension"/></resource><resource><extension url="http://hl7.org/fhir/StructureDefinition/implementationguide-page"><valueUri value="StructureDefinition-TipoOtroTelefono.html"/></extension><reference><reference value="StructureDefinition/TipoOtroTelefono"/></reference><name value="TipoOtroTelefono"/><description value="TipoOtroTelefono"/><exampleBoolean value="false"/><groupingId value="-str-extension"/></resource><resource><extension url="http://hl7.org/fhir/StructureDefinition/implementationguide-page"><valueUri value="ValueSet-CodPais.html"/></extension><reference><reference value="ValueSet/CodPais"/></reference><name value="Códigos de Países"/><description value="Codigos definidos para la identificación de países segun norma ISO3166-N"/><exampleBoolean value="false"/><groupingId value="-term-valueset"/></resource><resource><extension url="http://hl7.org/fhir/StructureDefinition/implementationguide-page"><valueUri value="ValueSet-VSDerivadoParaCodigo.html"/></extension><reference><reference value="ValueSet/VSDerivadoParaCodigo"/></reference><name value="Derivado Para"/><description value="Derivado Para"/><exampleBoolean value="false"/><groupingId value="-term-valueset"/></resource><resource><extension url="http://hl7.org/fhir/StructureDefinition/implementationguide-page"><valueUri value="ValueSet-VSDestinoAtencionCodigo.html"/></extension><reference><reference value="ValueSet/VSDestinoAtencionCodigo"/></reference><name value="Destino Atención Codigo"/><description value="Destino Atención Codigo"/><exampleBoolean value="false"/><groupingId value="-term-valueset"/></resource><resource><extension url="http://hl7.org/fhir/StructureDefinition/implementationguide-page"><valueUri value="ValueSet-VSDestinoReferenciaCodigo.html"/></extension><reference><reference value="ValueSet/VSDestinoReferenciaCodigo"/></reference><name value="Destino Referencia Codigo"/><description value="Destino Referencia Codigo"/><exampleBoolean value="false"/><groupingId value="-term-valueset"/></resource><resource><extension url="http://hl7.org/fhir/StructureDefinition/implementationguide-page"><valueUri value="ValueSet-VSDocAcreditacionCuidador.html"/></extension><reference><reference value="ValueSet/VSDocAcreditacionCuidador"/></reference><name value="Documento Acreditacion Cuidador"/><description value="Documento Acreditacion Cuidador"/><exampleBoolean value="false"/><groupingId value="-term-valueset"/></resource><resource><extension url="http://hl7.org/fhir/StructureDefinition/implementationguide-page"><valueUri value="ValueSet-VSEstablecimientoDestinoCodigo.html"/></extension><reference><reference value="ValueSet/VSEstablecimientoDestinoCodigo"/></reference><name value="Establecimiento Destino Codigo"/><description value="Establecimiento Destino Codigo"/><exampleBoolean value="false"/><groupingId value="-term-valueset"/></resource><resource><extension url="http://hl7.org/fhir/StructureDefinition/implementationguide-page"><valueUri value="ValueSet-VSEstadoInterconsulta.html"/></extension><reference><reference value="ValueSet/VSEstadoInterconsulta"/></reference><name value="Estado Interconsulta"/><description value="Estado Interconsulta"/><exampleBoolean value="false"/><groupingId value="-term-valueset"/></resource><resource><extension url="http://hl7.org/fhir/StructureDefinition/implementationguide-page"><valueUri value="ValueSet-VSIdentidaddeGenero.html"/></extension><reference><reference value="ValueSet/VSIdentidaddeGenero"/></reference><name value="Identidad de Genero"/><description value="Identidad de Genero"/><exampleBoolean value="false"/><groupingId value="-term-valueset"/></resource><resource><extension url="http://hl7.org/fhir/StructureDefinition/implementationguide-page"><valueUri value="ValueSet-VSIndicecomorbilidad.html"/></extension><reference><reference value="ValueSet/VSIndicecomorbilidad"/></reference><name value="Indice Comorbilidad"/><description value="Indice Comorbilidad"/><exampleBoolean value="false"/><groupingId value="-term-valueset"/></resource><resource><extension url="http://hl7.org/fhir/StructureDefinition/implementationguide-page"><valueUri value="ValueSet-VSMedioNotificacion.html"/></extension><reference><reference value="ValueSet/VSMedioNotificacion"/></reference><name value="Medio Notificación"/><description value="Medio Notificación"/><exampleBoolean value="false"/><groupingId value="-term-valueset"/></resource><resource><extension url="http://hl7.org/fhir/StructureDefinition/implementationguide-page"><valueUri value="ValueSet-VSModalidadAtencionCodigo.html"/></extension><reference><reference value="ValueSet/VSModalidadAtencionCodigo"/></reference><name value="Modalidad Atencion Codigo"/><description value="Modalidad Atencion Codigo"/><exampleBoolean value="false"/><groupingId value="-term-valueset"/></resource><resource><extension url="http://hl7.org/fhir/StructureDefinition/implementationguide-page"><valueUri value="ValueSet-VSMotivoCierreInterconsulta.html"/></extension><reference><reference value="ValueSet/VSMotivoCierreInterconsulta"/></reference><name value="Motivo Cierre Interconsulta"/><description value="Motivo Cierre Interconsulta"/><exampleBoolean value="false"/><groupingId value="-term-valueset"/></resource><resource><extension url="http://hl7.org/fhir/StructureDefinition/implementationguide-page"><valueUri value="ValueSet-VSMotivoNoContactabilidad.html"/></extension><reference><reference value="ValueSet/VSMotivoNoContactabilidad"/></reference><name value="Motivo No Contactabilidad"/><description value="Motivo No Contactabilidad"/><exampleBoolean value="false"/><groupingId value="-term-valueset"/></resource><resource><extension url="http://hl7.org/fhir/StructureDefinition/implementationguide-page"><valueUri value="ValueSet-VSPertinenciaInterconsulta.html"/></extension><reference><reference value="ValueSet/VSPertinenciaInterconsulta"/></reference><name value="Pertinencia Interconsulta"/><description value="Pertinencia Interconsulta"/><exampleBoolean value="false"/><groupingId value="-term-valueset"/></resource><resource><extension url="http://hl7.org/fhir/StructureDefinition/implementationguide-page"><valueUri value="ValueSet-VSPuebloIndigena.html"/></extension><reference><reference value="ValueSet/VSPuebloIndigena"/></reference><name value="Pueblo Indigena"/><description value="Pueblo Indigena"/><exampleBoolean value="false"/><groupingId value="-term-valueset"/></resource><resource><extension url="http://hl7.org/fhir/StructureDefinition/implementationguide-page"><valueUri value="ValueSet-VSSospechaPatologia.html"/></extension><reference><reference value="ValueSet/VSSospechaPatologia"/></reference><name value="Sospecha Patologia"/><description value="Sospecha Patologia"/><exampleBoolean value="false"/><groupingId value="-term-valueset"/></resource><resource><extension url="http://hl7.org/fhir/StructureDefinition/implementationguide-page"><valueUri value="ValueSet-VSSospechaPatologiaGes.html"/></extension><reference><reference value="ValueSet/VSSospechaPatologiaGes"/></reference><name value="Sospecha Patologia Ges"/><description value="Sospecha Patologia Ges"/><exampleBoolean value="false"/><groupingId value="-term-valueset"/></resource><resource><extension url="http://hl7.org/fhir/StructureDefinition/implementationguide-page"><valueUri value="ValueSet-VSTipoCodDiagnostica.html"/></extension><reference><reference value="ValueSet/VSTipoCodDiagnostica"/></reference><name value="Tipo Codificación Diagnostica"/><description value="Tipo Codificación Diagnostica"/><exampleBoolean value="false"/><groupingId value="-term-valueset"/></resource><resource><extension url="http://hl7.org/fhir/StructureDefinition/implementationguide-page"><valueUri value="ValueSet-VSTipoConsulta.html"/></extension><reference><reference value="ValueSet/VSTipoConsulta"/></reference><name value="Tipo Consulta"/><description value="Tipo Consulta"/><exampleBoolean value="false"/><groupingId value="-term-valueset"/></resource><resource><extension url="http://hl7.org/fhir/StructureDefinition/implementationguide-page"><valueUri value="ValueSet-VSTipoIdentificador.html"/></extension><reference><reference value="ValueSet/VSTipoIdentificador"/></reference><name value="Tipo Identificador"/><description value="Tipo Identificador"/><exampleBoolean value="false"/><groupingId value="-term-valueset"/></resource><resource><extension url="http://hl7.org/fhir/StructureDefinition/implementationguide-page"><valueUri value="ValueSet-VSTipoOtroTelefono.html"/></extension><reference><reference value="ValueSet/VSTipoOtroTelefono"/></reference><name value="Tipo Otro Telefono"/><description value="Tipo Otro Telefono"/><exampleBoolean value="false"/><groupingId value="-term-valueset"/></resource><resource><extension url="http://hl7.org/fhir/StructureDefinition/implementationguide-page"><valueUri value="ValueSet-VSinterconsulta.html"/></extension><reference><reference value="ValueSet/VSinterconsulta"/></reference><name value="Interconsulta"/><description value="Interconsulta"/><exampleBoolean value="false"/><groupingId value="-term-valueset"/></resource><resource><extension url="http://hl7.org/fhir/StructureDefinition/implementationguide-page"><valueUri value="CodeSystem-CSDerivadoParaCodigo.html"/></extension><reference><reference value="CodeSystem/CSDerivadoParaCodigo"/></reference><name value="Derivado Para"/><description value="Derivado Para"/><exampleBoolean value="false"/><groupingId value="-term-codesystem"/></resource><resource><extension url="http://hl7.org/fhir/StructureDefinition/implementationguide-page"><valueUri value="CodeSystem-CSDestinoAtencionCodigo.html"/></extension><reference><reference value="CodeSystem/CSDestinoAtencionCodigo"/></reference><name value="Destino Atención Codigo"/><description value="Destino Atención Codigo"/><exampleBoolean value="false"/><groupingId value="-term-codesystem"/></resource><resource><extension url="http://hl7.org/fhir/StructureDefinition/implementationguide-page"><valueUri value="CodeSystem-CSDestinoReferenciaCodigo.html"/></extension><reference><reference value="CodeSystem/CSDestinoReferenciaCodigo"/></reference><name value="Destino Referencia Codigo"/><description value="Destino Referencia Codigo"/><exampleBoolean value="false"/><groupingId value="-term-codesystem"/></resource><resource><extension url="http://hl7.org/fhir/StructureDefinition/implementationguide-page"><valueUri value="CodeSystem-CSDocAcreditacionCuidador.html"/></extension><reference><reference value="CodeSystem/CSDocAcreditacionCuidador"/></reference><name value="Documento Acreditacion Cuidador"/><description value="Documento Acreditacion Cuidador"/><exampleBoolean value="false"/><groupingId value="-term-codesystem"/></resource><resource><extension url="http://hl7.org/fhir/StructureDefinition/implementationguide-page"><valueUri value="CodeSystem-CSEstablecimientoDestinoCodigo.html"/></extension><reference><reference value="CodeSystem/CSEstablecimientoDestinoCodigo"/></reference><name value="Establecimiento Destino Codigo"/><description value="Establecimiento Destino Codigo"/><exampleBoolean value="false"/><groupingId value="-term-codesystem"/></resource><resource><extension url="http://hl7.org/fhir/StructureDefinition/implementationguide-page"><valueUri value="CodeSystem-CSEstadoInterconsulta.html"/></extension><reference><reference value="CodeSystem/CSEstadoInterconsulta"/></reference><name value="Estado Interconsulta"/><description value="Estado Interconsulta"/><exampleBoolean value="false"/><groupingId value="-term-codesystem"/></resource><resource><extension url="http://hl7.org/fhir/StructureDefinition/implementationguide-page"><valueUri value="CodeSystem-CSIdentidaddeGenero.html"/></extension><reference><reference value="CodeSystem/CSIdentidaddeGenero"/></reference><name value="Identidad de Genero"/><description value="Identidad de Genero"/><exampleBoolean value="false"/><groupingId value="-term-codesystem"/></resource><resource><extension url="http://hl7.org/fhir/StructureDefinition/implementationguide-page"><valueUri value="CodeSystem-CSIndicecomorbilidad.html"/></extension><reference><reference value="CodeSystem/CSIndicecomorbilidad"/></reference><name value="Indice Comorbilidad"/><description value="Indice Comorbilidad"/><exampleBoolean value="false"/><groupingId value="-term-codesystem"/></resource><resource><extension url="http://hl7.org/fhir/StructureDefinition/implementationguide-page"><valueUri value="CodeSystem-CSMedioNotificacion.html"/></extension><reference><reference value="CodeSystem/CSMedioNotificacion"/></reference><name value="Medio Notificación"/><description value="Medio Notificación"/><exampleBoolean value="false"/><groupingId value="-term-codesystem"/></resource><resource><extension url="http://hl7.org/fhir/StructureDefinition/implementationguide-page"><valueUri value="CodeSystem-CSModalidadAtencionCodigo.html"/></extension><reference><reference value="CodeSystem/CSModalidadAtencionCodigo"/></reference><name value="Modalidad Atencion Codigo"/><description value="Modalidad Atencion Codigo"/><exampleBoolean value="false"/><groupingId value="-term-codesystem"/></resource><resource><extension url="http://hl7.org/fhir/StructureDefinition/implementationguide-page"><valueUri value="CodeSystem-CSMotivoCierreInterconsulta.html"/></extension><reference><reference value="CodeSystem/CSMotivoCierreInterconsulta"/></reference><name value="Motivo Cierre Interconsulta"/><description value="Motivo Cierre Interconsulta"/><exampleBoolean value="false"/><groupingId value="-term-codesystem"/></resource><resource><extension url="http://hl7.org/fhir/StructureDefinition/implementationguide-page"><valueUri value="CodeSystem-CSMotivoNoContactabilidad.html"/></extension><reference><reference value="CodeSystem/CSMotivoNoContactabilidad"/></reference><name value="Motivo No Contactabilidad"/><description value="Motivo No Contactabilidad"/><exampleBoolean value="false"/><groupingId value="-term-codesystem"/></resource><resource><extension url="http://hl7.org/fhir/StructureDefinition/implementationguide-page"><valueUri value="CodeSystem-CSPertinenciaInterconsulta.html"/></extension><reference><reference value="CodeSystem/CSPertinenciaInterconsulta"/></reference><name value="Pertinencia Interconsulta"/><description value="Pertinencia Interconsulta"/><exampleBoolean value="false"/><groupingId value="-term-codesystem"/></resource><resource><extension url="http://hl7.org/fhir/StructureDefinition/implementationguide-page"><valueUri value="CodeSystem-CSPuebloIndigena.html"/></extension><reference><reference value="CodeSystem/CSPuebloIndigena"/></reference><name value="Pueblo Indigena"/><description value="Pueblo Indigena"/><exampleBoolean value="false"/><groupingId value="-term-codesystem"/></resource><resource><extension url="http://hl7.org/fhir/StructureDefinition/implementationguide-page"><valueUri value="CodeSystem-CSSospechaPatologia.html"/></extension><reference><reference value="CodeSystem/CSSospechaPatologia"/></reference><name value="Sospecha Patologia"/><description value="Sospecha Patologia"/><exampleBoolean value="false"/><groupingId value="-term-codesystem"/></resource><resource><extension url="http://hl7.org/fhir/StructureDefinition/implementationguide-page"><valueUri value="CodeSystem-CSSospechaPatologiaGes.html"/></extension><reference><reference value="CodeSystem/CSSospechaPatologiaGes"/></reference><name value="Sospecha Patologia Ges"/><description value="Sospecha Patologia Ges"/><exampleBoolean value="false"/><groupingId value="-term-codesystem"/></resource><resource><extension url="http://hl7.org/fhir/StructureDefinition/implementationguide-page"><valueUri value="CodeSystem-CSTipoCodDiagnostica.html"/></extension><reference><reference value="CodeSystem/CSTipoCodDiagnostica"/></reference><name value="Tipo Codificación Diagnostica"/><description value="Tipo Codificación Diagnostica"/><exampleBoolean value="false"/><groupingId value="-term-codesystem"/></resource><resource><extension url="http://hl7.org/fhir/StructureDefinition/implementationguide-page"><valueUri value="CodeSystem-CSTipoConsulta.html"/></extension><reference><reference value="CodeSystem/CSTipoConsulta"/></reference><name value="Tipo Consulta"/><description value="Tipo Consulta"/><exampleBoolean value="false"/><groupingId value="-term-codesystem"/></resource><resource><extension url="http://hl7.org/fhir/StructureDefinition/implementationguide-page"><valueUri value="CodeSystem-CSTipoIdentificador.html"/></extension><reference><reference value="CodeSystem/CSTipoIdentificador"/></reference><name value="Tipo Identificador"/><description value="Tipo Identificador"/><exampleBoolean value="false"/><groupingId value="-term-codesystem"/></resource><resource><extension url="http://hl7.org/fhir/StructureDefinition/implementationguide-page"><valueUri value="CodeSystem-CSTipoOtroTelefono.html"/></extension><reference><reference value="CodeSystem/CSTipoOtroTelefono"/></reference><name value="Tipo Otro Telefono"/><description value="Tipo Otro Telefono"/><exampleBoolean value="false"/><groupingId value="-term-codesystem"/></resource><resource><extension url="http://hl7.org/fhir/StructureDefinition/implementationguide-page"><valueUri value="CodeSystem-CSinterconsulta.html"/></extension><reference><reference value="CodeSystem/CSinterconsulta"/></reference><name value="Interconsulta"/><description value="Interconsulta"/><exampleBoolean value="false"/><groupingId value="-term-codesystem"/></resource><page><extension url="http://hl7.org/fhir/tools/StructureDefinition/ig-page-name"><valueUrl value="toc.html"/></extension><nameUrl value="toc.html"/><title value="Table of Contents"/><generation value="html"/><page><extension url="http://hl7.org/fhir/tools/StructureDefinition/ig-page-name"><valueUrl value="index.html"/></extension><nameUrl value="index.html"/><title value="Home"/><generation value="markdown"/></page><page><extension url="http://hl7.org/fhir/tools/StructureDefinition/ig-page-name"><valueUrl value="Actores.html"/></extension><nameUrl value="Actores.html"/><title value="Actores"/><generation value="markdown"/></page><page><extension url="http://hl7.org/fhir/tools/StructureDefinition/ig-page-name"><valueUrl value="artifacts-Intro.html"/></extension><nameUrl value="artifacts-Intro.html"/><title value="Artifacts Intro"/><generation value="markdown"/></page><page><extension url="http://hl7.org/fhir/tools/StructureDefinition/ig-page-name"><valueUrl value="Casosdeuso.html"/></extension><nameUrl value="Casosdeuso.html"/><title value="Casosdeuso"/><generation value="markdown"/></page><page><extension url="http://hl7.org/fhir/tools/StructureDefinition/ig-page-name"><valueUrl value="EspecificacionesTecnicas.html"/></extension><nameUrl value="EspecificacionesTecnicas.html"/><title value="Especificaciones Tecnicas"/><generation value="markdown"/></page><page><extension url="http://hl7.org/fhir/tools/StructureDefinition/ig-page-name"><valueUrl value="EventoInicio.html"/></extension><nameUrl value="EventoInicio.html"/><title value="Evento Inicio"/><generation value="markdown"/></page><page><extension url="http://hl7.org/fhir/tools/StructureDefinition/ig-page-name"><valueUrl value="Objetivos.html"/></extension><nameUrl value="Objetivos.html"/><title value="Objetivos"/><generation value="markdown"/></page><page><extension url="http://hl7.org/fhir/tools/StructureDefinition/ig-page-name"><valueUrl value="Operaciones.html"/></extension><nameUrl value="Operaciones.html"/><title value="Operaciones"/><generation value="markdown"/></page><page><extension url="http://hl7.org/fhir/tools/StructureDefinition/ig-page-name"><valueUrl value="StructureDefinition-PractitionerLE-Intro.html"/></extension><nameUrl value="StructureDefinition-PractitionerLE-Intro.html"/><title value="Structure Definition Practitioner LE Intro"/><generation value="markdown"/></page><page><extension url="http://hl7.org/fhir/tools/StructureDefinition/ig-page-name"><valueUrl value="Terminologias.html"/></extension><nameUrl value="Terminologias.html"/><title value="Terminologias"/><generation value="markdown"/></page><page><extension url="http://hl7.org/fhir/tools/StructureDefinition/ig-page-name"><valueUrl value="artifacts.html"/></extension><nameUrl value="artifacts.html"/><title value="Artifacts Summary"/><generation value="html"/><page><extension url="http://hl7.org/fhir/tools/StructureDefinition/ig-page-name"><valueUrl value="StructureDefinition-AllergyIntoleranceInicioLE.html"/></extension><nameUrl value="StructureDefinition-AllergyIntoleranceInicioLE.html"/><title value="AllergyIntolerance Inicio LE"/><generation value="generated"/></page><page><extension url="http://hl7.org/fhir/tools/StructureDefinition/ig-page-name"><valueUrl value="StructureDefinition-AppointmentAtenderLE.html"/></extension><nameUrl value="StructureDefinition-AppointmentAtenderLE.html"/><title value="Appointment Atender LE"/><generation value="generated"/></page><page><extension url="http://hl7.org/fhir/tools/StructureDefinition/ig-page-name"><valueUrl value="StructureDefinition-AppointmentInicioLE.html"/></extension><nameUrl value="StructureDefinition-AppointmentInicioLE.html"/><title value="Appointment Inicio LE"/><generation value="generated"/></page><page><extension url="http://hl7.org/fhir/tools/StructureDefinition/ig-page-name"><valueUrl value="StructureDefinition-CarePlanAtenderLE.html"/></extension><nameUrl value="StructureDefinition-CarePlanAtenderLE.html"/><title value="CarePlan Atender LE"/><generation value="generated"/></page><page><extension url="http://hl7.org/fhir/tools/StructureDefinition/ig-page-name"><valueUrl value="StructureDefinition-CondicionAtender1LE.html"/></extension><nameUrl value="StructureDefinition-CondicionAtender1LE.html"/><title value="Condicion Atender 1 LE"/><generation value="generated"/></page><page><extension url="http://hl7.org/fhir/tools/StructureDefinition/ig-page-name"><valueUrl value="StructureDefinition-CondicionAtender2LE.html"/></extension><nameUrl value="StructureDefinition-CondicionAtender2LE.html"/><title value="Condicion Atender 2 LE"/><generation value="generated"/></page><page><extension url="http://hl7.org/fhir/tools/StructureDefinition/ig-page-name"><valueUrl value="StructureDefinition-CondicionAtender3LE.html"/></extension><nameUrl value="StructureDefinition-CondicionAtender3LE.html"/><title value="Condicion Atender 3 LE"/><generation value="generated"/></page><page><extension url="http://hl7.org/fhir/tools/StructureDefinition/ig-page-name"><valueUrl value="StructureDefinition-CondicionInicio1LE.html"/></extension><nameUrl value="StructureDefinition-CondicionInicio1LE.html"/><title value="Condicion Inicio 1 LE"/><generation value="generated"/></page><page><extension url="http://hl7.org/fhir/tools/StructureDefinition/ig-page-name"><valueUrl value="StructureDefinition-CondicionInicio2LE.html"/></extension><nameUrl value="StructureDefinition-CondicionInicio2LE.html"/><title value="Condicion Inicio 2 LE"/><generation value="generated"/></page><page><extension url="http://hl7.org/fhir/tools/StructureDefinition/ig-page-name"><valueUrl value="StructureDefinition-CondicionInicio3LE.html"/></extension><nameUrl value="StructureDefinition-CondicionInicio3LE.html"/><title value="Condicion Inicio 3 LE"/><generation value="generated"/></page><page><extension url="http://hl7.org/fhir/tools/StructureDefinition/ig-page-name"><valueUrl value="StructureDefinition-DocumentReferenceLE.html"/></extension><nameUrl value="StructureDefinition-DocumentReferenceLE.html"/><title value="DocumentReference LE"/><generation value="generated"/></page><page><extension url="http://hl7.org/fhir/tools/StructureDefinition/ig-page-name"><valueUrl value="StructureDefinition-EncounterAtenderLE.html"/></extension><nameUrl value="StructureDefinition-EncounterAtenderLE.html"/><title value="Encounter Atender LE"/><generation value="generated"/></page><page><extension url="http://hl7.org/fhir/tools/StructureDefinition/ig-page-name"><valueUrl value="StructureDefinition-EncounterInicioLE.html"/></extension><nameUrl value="StructureDefinition-EncounterInicioLE.html"/><title value="Encounter Inicio LE"/><generation value="generated"/></page><page><extension url="http://hl7.org/fhir/tools/StructureDefinition/ig-page-name"><valueUrl value="StructureDefinition-LocationLE.html"/></extension><nameUrl value="StructureDefinition-LocationLE.html"/><title value="Location LE"/><generation value="generated"/></page><page><extension url="http://hl7.org/fhir/tools/StructureDefinition/ig-page-name"><valueUrl value="StructureDefinition-MessageHeaderLE.html"/></extension><nameUrl value="StructureDefinition-MessageHeaderLE.html"/><title value="MessageHeaderLE"/><generation value="generated"/></page><page><extension url="http://hl7.org/fhir/tools/StructureDefinition/ig-page-name"><valueUrl value="StructureDefinition-ObservationAtenderLE.html"/></extension><nameUrl value="StructureDefinition-ObservationAtenderLE.html"/><title value="ObservationAtender LE"/><generation value="generated"/></page><page><extension url="http://hl7.org/fhir/tools/StructureDefinition/ig-page-name"><valueUrl value="StructureDefinition-ObservationLE.html"/></extension><nameUrl value="StructureDefinition-ObservationLE.html"/><title value="Observation LE"/><generation value="generated"/></page><page><extension url="http://hl7.org/fhir/tools/StructureDefinition/ig-page-name"><valueUrl value="StructureDefinition-OrganizacionLE.html"/></extension><nameUrl value="StructureDefinition-OrganizacionLE.html"/><title value="Organizacion LE"/><generation value="generated"/></page><page><extension url="http://hl7.org/fhir/tools/StructureDefinition/ig-page-name"><valueUrl value="StructureDefinition-PacienteLE.html"/></extension><nameUrl value="StructureDefinition-PacienteLE.html"/><title value="Paciente LE"/><generation value="generated"/></page><page><extension url="http://hl7.org/fhir/tools/StructureDefinition/ig-page-name"><valueUrl value="StructureDefinition-PractitioneRolerLE.html"/></extension><nameUrl value="StructureDefinition-PractitioneRolerLE.html"/><title value="PractitionerRole LE"/><generation value="generated"/></page><page><extension url="http://hl7.org/fhir/tools/StructureDefinition/ig-page-name"><valueUrl value="StructureDefinition-PractitionerLE.html"/></extension><nameUrl value="StructureDefinition-PractitionerLE.html"/><title value="Practitioner LE"/><generation value="generated"/></page><page><extension url="http://hl7.org/fhir/tools/StructureDefinition/ig-page-name"><valueUrl value="StructureDefinition-QuestionnaireResponseInicioLE.html"/></extension><nameUrl value="StructureDefinition-QuestionnaireResponseInicioLE.html"/><title value="QuestionnaireResponse Inicio LE"/><generation value="generated"/></page><page><extension url="http://hl7.org/fhir/tools/StructureDefinition/ig-page-name"><valueUrl value="StructureDefinition-ServiceRequestLE.html"/></extension><nameUrl value="StructureDefinition-ServiceRequestLE.html"/><title value="ServiceRequest LE"/><generation value="generated"/></page><page><extension url="http://hl7.org/fhir/tools/StructureDefinition/ig-page-name"><valueUrl value="StructureDefinition-Contactado.html"/></extension><nameUrl value="StructureDefinition-Contactado.html"/><title value="Contactado"/><generation value="generated"/></page><page><extension url="http://hl7.org/fhir/tools/StructureDefinition/ig-page-name"><valueUrl value="StructureDefinition-DestinoAtencionCodigo.html"/></extension><nameUrl value="StructureDefinition-DestinoAtencionCodigo.html"/><title value="Destino Atención Codigo"/><generation value="generated"/></page><page><extension url="http://hl7.org/fhir/tools/StructureDefinition/ig-page-name"><valueUrl value="StructureDefinition-DigitoVerificador.html"/></extension><nameUrl value="StructureDefinition-DigitoVerificador.html"/><title value="DigitoVerificador"/><generation value="generated"/></page><page><extension url="http://hl7.org/fhir/tools/StructureDefinition/ig-page-name"><valueUrl value="StructureDefinition-DocAcreditacionCuidadorCodigoLE.html"/></extension><nameUrl value="StructureDefinition-DocAcreditacionCuidadorCodigoLE.html"/><title value="Doc Acreditacion Cuidador"/><generation value="generated"/></page><page><extension url="http://hl7.org/fhir/tools/StructureDefinition/ig-page-name"><valueUrl value="StructureDefinition-EstadoInterconsultaCodigoLE.html"/></extension><nameUrl value="StructureDefinition-EstadoInterconsultaCodigoLE.html"/><title value="Estado Interconsulta Codigo"/><generation value="generated"/></page><page><extension url="http://hl7.org/fhir/tools/StructureDefinition/ig-page-name"><valueUrl value="StructureDefinition-ExtBool.html"/></extension><nameUrl value="StructureDefinition-ExtBool.html"/><title value="ExtBool"/><generation value="generated"/></page><page><extension url="http://hl7.org/fhir/tools/StructureDefinition/ig-page-name"><valueUrl value="StructureDefinition-ExtBoolAfrodescendiente.html"/></extension><nameUrl value="StructureDefinition-ExtBoolAfrodescendiente.html"/><title value="ExtBool Afrodescendiente"/><generation value="generated"/></page><page><extension url="http://hl7.org/fhir/tools/StructureDefinition/ig-page-name"><valueUrl value="StructureDefinition-ExtBoolAlergia.html"/></extension><nameUrl value="StructureDefinition-ExtBoolAlergia.html"/><title value="ExtBool Alergia"/><generation value="generated"/></page><page><extension url="http://hl7.org/fhir/tools/StructureDefinition/ig-page-name"><valueUrl value="StructureDefinition-ExtBoolCuidador.html"/></extension><nameUrl value="StructureDefinition-ExtBoolCuidador.html"/><title value="ExtBool Cuidador"/><generation value="generated"/></page><page><extension url="http://hl7.org/fhir/tools/StructureDefinition/ig-page-name"><valueUrl value="StructureDefinition-ExtBoolPersonaMayor.html"/></extension><nameUrl value="StructureDefinition-ExtBoolPersonaMayor.html"/><title value="ExtBool PersonaMayor"/><generation value="generated"/></page><page><extension url="http://hl7.org/fhir/tools/StructureDefinition/ig-page-name"><valueUrl value="StructureDefinition-ExtBoolPertinenciaAtencionBox.html"/></extension><nameUrl value="StructureDefinition-ExtBoolPertinenciaAtencionBox.html"/><title value="ExtBool Pertinencia Atencion Box"/><generation value="generated"/></page><page><extension url="http://hl7.org/fhir/tools/StructureDefinition/ig-page-name"><valueUrl value="StructureDefinition-ExtBoolPresentaDiscapacidad.html"/></extension><nameUrl value="StructureDefinition-ExtBoolPresentaDiscapacidad.html"/><title value="ExtBool PresentaDiscapacidad"/><generation value="generated"/></page><page><extension url="http://hl7.org/fhir/tools/StructureDefinition/ig-page-name"><valueUrl value="StructureDefinition-ExtBoolRequiereExamen.html"/></extension><nameUrl value="StructureDefinition-ExtBoolRequiereExamen.html"/><title value="ExtBool RequiereExamen"/><generation value="generated"/></page><page><extension url="http://hl7.org/fhir/tools/StructureDefinition/ig-page-name"><valueUrl value="StructureDefinition-ExtBoolResolutividadAPS.html"/></extension><nameUrl value="StructureDefinition-ExtBoolResolutividadAPS.html"/><title value="ExtBool ResolutividadAPS"/><generation value="generated"/></page><page><extension url="http://hl7.org/fhir/tools/StructureDefinition/ig-page-name"><valueUrl value="StructureDefinition-ExtBoolSolicitudExamenes.html"/></extension><nameUrl value="StructureDefinition-ExtBoolSolicitudExamenes.html"/><title value="ExtBool Solicitud Examenes"/><generation value="generated"/></page><page><extension url="http://hl7.org/fhir/tools/StructureDefinition/ig-page-name"><valueUrl value="StructureDefinition-ExtInteger.html"/></extension><nameUrl value="StructureDefinition-ExtInteger.html"/><title value="ExtInteger"/><generation value="generated"/></page><page><extension url="http://hl7.org/fhir/tools/StructureDefinition/ig-page-name"><valueUrl value="StructureDefinition-ExtStringFundamentoPriorizacion.html"/></extension><nameUrl value="StructureDefinition-ExtStringFundamentoPriorizacion.html"/><title value="ExtStringFundamentoPriorizacion"/><generation value="generated"/></page><page><extension url="http://hl7.org/fhir/tools/StructureDefinition/ig-page-name"><valueUrl value="StructureDefinition-ExtStringMotivoNoPertinencia.html"/></extension><nameUrl value="StructureDefinition-ExtStringMotivoNoPertinencia.html"/><title value="ExtString MotivoNoPertinencia"/><generation value="generated"/></page><page><extension url="http://hl7.org/fhir/tools/StructureDefinition/ig-page-name"><valueUrl value="StructureDefinition-IdentidadGenero.html"/></extension><nameUrl value="StructureDefinition-IdentidadGenero.html"/><title value="Identidad de genero"/><generation value="generated"/></page><page><extension url="http://hl7.org/fhir/tools/StructureDefinition/ig-page-name"><valueUrl value="StructureDefinition-MedioNotificacion.html"/></extension><nameUrl value="StructureDefinition-MedioNotificacion.html"/><title value="MedioNotificacion"/><generation value="generated"/></page><page><extension url="http://hl7.org/fhir/tools/StructureDefinition/ig-page-name"><valueUrl value="StructureDefinition-MotivoCierreInterconsulta.html"/></extension><nameUrl value="StructureDefinition-MotivoCierreInterconsulta.html"/><title value="Motivo Cierre Interconsulta"/><generation value="generated"/></page><page><extension url="http://hl7.org/fhir/tools/StructureDefinition/ig-page-name"><valueUrl value="StructureDefinition-OrigenInterconsulta.html"/></extension><nameUrl value="StructureDefinition-OrigenInterconsulta.html"/><title value="Origen Interconsulta"/><generation value="generated"/></page><page><extension url="http://hl7.org/fhir/tools/StructureDefinition/ig-page-name"><valueUrl value="StructureDefinition-CodigoPaises.html"/></extension><nameUrl value="StructureDefinition-CodigoPaises.html"/><title value="Codigo de Identificación de países"/><generation value="generated"/></page><page><extension url="http://hl7.org/fhir/tools/StructureDefinition/ig-page-name"><valueUrl value="StructureDefinition-PertinenciaInterconsulta.html"/></extension><nameUrl value="StructureDefinition-PertinenciaInterconsulta.html"/><title value="Pertinencia Interconsulta"/><generation value="generated"/></page><page><extension url="http://hl7.org/fhir/tools/StructureDefinition/ig-page-name"><valueUrl value="StructureDefinition-PuebloIndigena.html"/></extension><nameUrl value="StructureDefinition-PuebloIndigena.html"/><title value="Etnia a la cual pertenece"/><generation value="generated"/></page><page><extension url="http://hl7.org/fhir/tools/StructureDefinition/ig-page-name"><valueUrl value="StructureDefinition-SegundoApellido.html"/></extension><nameUrl value="StructureDefinition-SegundoApellido.html"/><title value="Segundo Apellido"/><generation value="generated"/></page><page><extension url="http://hl7.org/fhir/tools/StructureDefinition/ig-page-name"><valueUrl value="StructureDefinition-SospechaPatologiaGes.html"/></extension><nameUrl value="StructureDefinition-SospechaPatologiaGes.html"/><title value="SospechaPatologiaGes"/><generation value="generated"/></page><page><extension url="http://hl7.org/fhir/tools/StructureDefinition/ig-page-name"><valueUrl value="StructureDefinition-TipoOtroTelefono.html"/></extension><nameUrl value="StructureDefinition-TipoOtroTelefono.html"/><title value="TipoOtroTelefono"/><generation value="generated"/></page><page><extension url="http://hl7.org/fhir/tools/StructureDefinition/ig-page-name"><valueUrl value="ValueSet-CodPais.html"/></extension><nameUrl value="ValueSet-CodPais.html"/><title value="Códigos de Países"/><generation value="generated"/></page><page><extension url="http://hl7.org/fhir/tools/StructureDefinition/ig-page-name"><valueUrl value="ValueSet-VSDerivadoParaCodigo.html"/></extension><nameUrl value="ValueSet-VSDerivadoParaCodigo.html"/><title value="Derivado Para"/><generation value="generated"/></page><page><extension url="http://hl7.org/fhir/tools/StructureDefinition/ig-page-name"><valueUrl value="ValueSet-VSDestinoAtencionCodigo.html"/></extension><nameUrl value="ValueSet-VSDestinoAtencionCodigo.html"/><title value="Destino Atención Codigo"/><generation value="generated"/></page><page><extension url="http://hl7.org/fhir/tools/StructureDefinition/ig-page-name"><valueUrl value="ValueSet-VSDestinoReferenciaCodigo.html"/></extension><nameUrl value="ValueSet-VSDestinoReferenciaCodigo.html"/><title value="Destino Referencia Codigo"/><generation value="generated"/></page><page><extension url="http://hl7.org/fhir/tools/StructureDefinition/ig-page-name"><valueUrl value="ValueSet-VSDocAcreditacionCuidador.html"/></extension><nameUrl value="ValueSet-VSDocAcreditacionCuidador.html"/><title value="Documento Acreditacion Cuidador"/><generation value="generated"/></page><page><extension url="http://hl7.org/fhir/tools/StructureDefinition/ig-page-name"><valueUrl value="ValueSet-VSEstablecimientoDestinoCodigo.html"/></extension><nameUrl value="ValueSet-VSEstablecimientoDestinoCodigo.html"/><title value="Establecimiento Destino Codigo"/><generation value="generated"/></page><page><extension url="http://hl7.org/fhir/tools/StructureDefinition/ig-page-name"><valueUrl value="ValueSet-VSEstadoInterconsulta.html"/></extension><nameUrl value="ValueSet-VSEstadoInterconsulta.html"/><title value="Estado Interconsulta"/><generation value="generated"/></page><page><extension url="http://hl7.org/fhir/tools/StructureDefinition/ig-page-name"><valueUrl value="ValueSet-VSIdentidaddeGenero.html"/></extension><nameUrl value="ValueSet-VSIdentidaddeGenero.html"/><title value="Identidad de Genero"/><generation value="generated"/></page><page><extension url="http://hl7.org/fhir/tools/StructureDefinition/ig-page-name"><valueUrl value="ValueSet-VSIndicecomorbilidad.html"/></extension><nameUrl value="ValueSet-VSIndicecomorbilidad.html"/><title value="Indice Comorbilidad"/><generation value="generated"/></page><page><extension url="http://hl7.org/fhir/tools/StructureDefinition/ig-page-name"><valueUrl value="ValueSet-VSMedioNotificacion.html"/></extension><nameUrl value="ValueSet-VSMedioNotificacion.html"/><title value="Medio Notificación"/><generation value="generated"/></page><page><extension url="http://hl7.org/fhir/tools/StructureDefinition/ig-page-name"><valueUrl value="ValueSet-VSModalidadAtencionCodigo.html"/></extension><nameUrl value="ValueSet-VSModalidadAtencionCodigo.html"/><title value="Modalidad Atencion Codigo"/><generation value="generated"/></page><page><extension url="http://hl7.org/fhir/tools/StructureDefinition/ig-page-name"><valueUrl value="ValueSet-VSMotivoCierreInterconsulta.html"/></extension><nameUrl value="ValueSet-VSMotivoCierreInterconsulta.html"/><title value="Motivo Cierre Interconsulta"/><generation value="generated"/></page><page><extension url="http://hl7.org/fhir/tools/StructureDefinition/ig-page-name"><valueUrl value="ValueSet-VSMotivoNoContactabilidad.html"/></extension><nameUrl value="ValueSet-VSMotivoNoContactabilidad.html"/><title value="Motivo No Contactabilidad"/><generation value="generated"/></page><page><extension url="http://hl7.org/fhir/tools/StructureDefinition/ig-page-name"><valueUrl value="ValueSet-VSPertinenciaInterconsulta.html"/></extension><nameUrl value="ValueSet-VSPertinenciaInterconsulta.html"/><title value="Pertinencia Interconsulta"/><generation value="generated"/></page><page><extension url="http://hl7.org/fhir/tools/StructureDefinition/ig-page-name"><valueUrl value="ValueSet-VSPuebloIndigena.html"/></extension><nameUrl value="ValueSet-VSPuebloIndigena.html"/><title value="Pueblo Indigena"/><generation value="generated"/></page><page><extension url="http://hl7.org/fhir/tools/StructureDefinition/ig-page-name"><valueUrl value="ValueSet-VSSospechaPatologia.html"/></extension><nameUrl value="ValueSet-VSSospechaPatologia.html"/><title value="Sospecha Patologia"/><generation value="generated"/></page><page><extension url="http://hl7.org/fhir/tools/StructureDefinition/ig-page-name"><valueUrl value="ValueSet-VSSospechaPatologiaGes.html"/></extension><nameUrl value="ValueSet-VSSospechaPatologiaGes.html"/><title value="Sospecha Patologia Ges"/><generation value="generated"/></page><page><extension url="http://hl7.org/fhir/tools/StructureDefinition/ig-page-name"><valueUrl value="ValueSet-VSTipoCodDiagnostica.html"/></extension><nameUrl value="ValueSet-VSTipoCodDiagnostica.html"/><title value="Tipo Codificación Diagnostica"/><generation value="generated"/></page><page><extension url="http://hl7.org/fhir/tools/StructureDefinition/ig-page-name"><valueUrl value="ValueSet-VSTipoConsulta.html"/></extension><nameUrl value="ValueSet-VSTipoConsulta.html"/><title value="Tipo Consulta"/><generation value="generated"/></page><page><extension url="http://hl7.org/fhir/tools/StructureDefinition/ig-page-name"><valueUrl value="ValueSet-VSTipoIdentificador.html"/></extension><nameUrl value="ValueSet-VSTipoIdentificador.html"/><title value="Tipo Identificador"/><generation value="generated"/></page><page><extension url="http://hl7.org/fhir/tools/StructureDefinition/ig-page-name"><valueUrl value="ValueSet-VSTipoOtroTelefono.html"/></extension><nameUrl value="ValueSet-VSTipoOtroTelefono.html"/><title value="Tipo Otro Telefono"/><generation value="generated"/></page><page><extension url="http://hl7.org/fhir/tools/StructureDefinition/ig-page-name"><valueUrl value="ValueSet-VSinterconsulta.html"/></extension><nameUrl value="ValueSet-VSinterconsulta.html"/><title value="Interconsulta"/><generation value="generated"/></page><page><extension url="http://hl7.org/fhir/tools/StructureDefinition/ig-page-name"><valueUrl value="CodeSystem-CSDerivadoParaCodigo.html"/></extension><nameUrl value="CodeSystem-CSDerivadoParaCodigo.html"/><title value="Derivado Para"/><generation value="generated"/></page><page><extension url="http://hl7.org/fhir/tools/StructureDefinition/ig-page-name"><valueUrl value="CodeSystem-CSDestinoAtencionCodigo.html"/></extension><nameUrl value="CodeSystem-CSDestinoAtencionCodigo.html"/><title value="Destino Atención Codigo"/><generation value="generated"/></page><page><extension url="http://hl7.org/fhir/tools/StructureDefinition/ig-page-name"><valueUrl value="CodeSystem-CSDestinoReferenciaCodigo.html"/></extension><nameUrl value="CodeSystem-CSDestinoReferenciaCodigo.html"/><title value="Destino Referencia Codigo"/><generation value="generated"/></page><page><extension url="http://hl7.org/fhir/tools/StructureDefinition/ig-page-name"><valueUrl value="CodeSystem-CSDocAcreditacionCuidador.html"/></extension><nameUrl value="CodeSystem-CSDocAcreditacionCuidador.html"/><title value="Documento Acreditacion Cuidador"/><generation value="generated"/></page><page><extension url="http://hl7.org/fhir/tools/StructureDefinition/ig-page-name"><valueUrl value="CodeSystem-CSEstablecimientoDestinoCodigo.html"/></extension><nameUrl value="CodeSystem-CSEstablecimientoDestinoCodigo.html"/><title value="Establecimiento Destino Codigo"/><generation value="generated"/></page><page><extension url="http://hl7.org/fhir/tools/StructureDefinition/ig-page-name"><valueUrl value="CodeSystem-CSEstadoInterconsulta.html"/></extension><nameUrl value="CodeSystem-CSEstadoInterconsulta.html"/><title value="Estado Interconsulta"/><generation value="generated"/></page><page><extension url="http://hl7.org/fhir/tools/StructureDefinition/ig-page-name"><valueUrl value="CodeSystem-CSIdentidaddeGenero.html"/></extension><nameUrl value="CodeSystem-CSIdentidaddeGenero.html"/><title value="Identidad de Genero"/><generation value="generated"/></page><page><extension url="http://hl7.org/fhir/tools/StructureDefinition/ig-page-name"><valueUrl value="CodeSystem-CSIndicecomorbilidad.html"/></extension><nameUrl value="CodeSystem-CSIndicecomorbilidad.html"/><title value="Indice Comorbilidad"/><generation value="generated"/></page><page><extension url="http://hl7.org/fhir/tools/StructureDefinition/ig-page-name"><valueUrl value="CodeSystem-CSMedioNotificacion.html"/></extension><nameUrl value="CodeSystem-CSMedioNotificacion.html"/><title value="Medio Notificación"/><generation value="generated"/></page><page><extension url="http://hl7.org/fhir/tools/StructureDefinition/ig-page-name"><valueUrl value="CodeSystem-CSModalidadAtencionCodigo.html"/></extension><nameUrl value="CodeSystem-CSModalidadAtencionCodigo.html"/><title value="Modalidad Atencion Codigo"/><generation value="generated"/></page><page><extension url="http://hl7.org/fhir/tools/StructureDefinition/ig-page-name"><valueUrl value="CodeSystem-CSMotivoCierreInterconsulta.html"/></extension><nameUrl value="CodeSystem-CSMotivoCierreInterconsulta.html"/><title value="Motivo Cierre Interconsulta"/><generation value="generated"/></page><page><extension url="http://hl7.org/fhir/tools/StructureDefinition/ig-page-name"><valueUrl value="CodeSystem-CSMotivoNoContactabilidad.html"/></extension><nameUrl value="CodeSystem-CSMotivoNoContactabilidad.html"/><title value="Motivo No Contactabilidad"/><generation value="generated"/></page><page><extension url="http://hl7.org/fhir/tools/StructureDefinition/ig-page-name"><valueUrl value="CodeSystem-CSPertinenciaInterconsulta.html"/></extension><nameUrl value="CodeSystem-CSPertinenciaInterconsulta.html"/><title value="Pertinencia Interconsulta"/><generation value="generated"/></page><page><extension url="http://hl7.org/fhir/tools/StructureDefinition/ig-page-name"><valueUrl value="CodeSystem-CSPuebloIndigena.html"/></extension><nameUrl value="CodeSystem-CSPuebloIndigena.html"/><title value="Pueblo Indigena"/><generation value="generated"/></page><page><extension url="http://hl7.org/fhir/tools/StructureDefinition/ig-page-name"><valueUrl value="CodeSystem-CSSospechaPatologia.html"/></extension><nameUrl value="CodeSystem-CSSospechaPatologia.html"/><title value="Sospecha Patologia"/><generation value="generated"/></page><page><extension url="http://hl7.org/fhir/tools/StructureDefinition/ig-page-name"><valueUrl value="CodeSystem-CSSospechaPatologiaGes.html"/></extension><nameUrl value="CodeSystem-CSSospechaPatologiaGes.html"/><title value="Sospecha Patologia Ges"/><generation value="generated"/></page><page><extension url="http://hl7.org/fhir/tools/StructureDefinition/ig-page-name"><valueUrl value="CodeSystem-CSTipoCodDiagnostica.html"/></extension><nameUrl value="CodeSystem-CSTipoCodDiagnostica.html"/><title value="Tipo Codificación Diagnostica"/><generation value="generated"/></page><page><extension url="http://hl7.org/fhir/tools/StructureDefinition/ig-page-name"><valueUrl value="CodeSystem-CSTipoConsulta.html"/></extension><nameUrl value="CodeSystem-CSTipoConsulta.html"/><title value="Tipo Consulta"/><generation value="generated"/></page><page><extension url="http://hl7.org/fhir/tools/StructureDefinition/ig-page-name"><valueUrl value="CodeSystem-CSTipoIdentificador.html"/></extension><nameUrl value="CodeSystem-CSTipoIdentificador.html"/><title value="Tipo Identificador"/><generation value="generated"/></page><page><extension url="http://hl7.org/fhir/tools/StructureDefinition/ig-page-name"><valueUrl value="CodeSystem-CSTipoOtroTelefono.html"/></extension><nameUrl value="CodeSystem-CSTipoOtroTelefono.html"/><title value="Tipo Otro Telefono"/><generation value="generated"/></page><page><extension url="http://hl7.org/fhir/tools/StructureDefinition/ig-page-name"><valueUrl value="CodeSystem-CSinterconsulta.html"/></extension><nameUrl value="CodeSystem-CSinterconsulta.html"/><title value="Interconsulta"/><generation value="generated"/></page></page></page><parameter><code value="path-resource"/><value value="input/capabilities"/></parameter><parameter><code value="path-resource"/><value value="input/examples"/></parameter><parameter><code value="path-resource"/><value value="input/extensions"/></parameter><parameter><code value="path-resource"/><value value="input/models"/></parameter><parameter><code value="path-resource"/><value value="input/operations"/></parameter><parameter><code value="path-resource"/><value value="input/profiles"/></parameter><parameter><code value="path-resource"/><value value="input/resources"/></parameter><parameter><code value="path-resource"/><value value="input/vocabulary"/></parameter><parameter><code value="path-resource"/><value value="input/maps"/></parameter><parameter><code value="path-resource"/><value value="input/testing"/></parameter><parameter><code value="path-resource"/><value value="input/history"/></parameter><parameter><code value="path-resource"/><value value="fsh-generated/resources"/></parameter><parameter><code value="path-pages"/><value value="template/config"/></parameter><parameter><code value="path-pages"/><value value="input/images"/></parameter><parameter><code value="path-tx-cache"/><value value="input-cache/txcache"/></parameter></definition></ImplementationGuide>