<?xml version="1.0" encoding="UTF-8"?><ValueSet xmlns="http://hl7.org/fhir"><id value="VSMotivoDerivacion"/><text><status value="generated"/><div xmlns="http://www.w3.org/1999/xhtml"><ul><li>Include all codes defined in <a href="CodeSystem-CSMotivoDerivacion.html"><code>http://minsal.cl/listaespera/CodeSystem/CSMotivoDerivacion</code></a></li></ul></div></text><url value="http://minsal.cl/listaespera/ValueSet/VSMotivoDerivacion"/><version value="0.1.0"/><name value="VSMotivoDerivacion"/><title value="MotivoDerivacion"/><status value="active"/><experimental value="false"/><date value="2023-01-15"/><publisher value="MINSAL Chile"/><contact><name value="MINSAL Chile"/><telecom><system value="url"/><value value="https://minsal.cl"/></telecom></contact><description value="MotivoDerivacion"/><jurisdiction><coding><system value="urn:iso:std:iso:3166"/><code value="CL"/><display value="Chile"/></coding></jurisdiction><compose><include><system value="http://minsal.cl/listaespera/CodeSystem/CSMotivoDerivacion"/></include></compose></ValueSet>