<?xml version="1.0" encoding="UTF-8"?><ValueSet xmlns="http://hl7.org/fhir"><id value="VSMotivoCierreInterconsulta"/><text><status value="generated"/><div xmlns="http://www.w3.org/1999/xhtml"><ul><li>Include all codes defined in <a href="CodeSystem-CSMotivoCierreInterconsulta.html"><code>http://minsal.cl/listaespera/CodeSystem/CSMotivoCierreInterconsulta</code></a></li></ul></div></text><url value="http://minsal.cl/listaespera/ValueSet/VSMotivoCierreInterconsulta"/><version value="0.1.2"/><name value="VSMotivoCierreInterconsulta"/><title value="Motivo Cierre Interconsulta"/><status value="active"/><experimental value="false"/><date value="2023-01-15"/><publisher value="MINSAL Chile"/><contact><name value="MINSAL Chile"/><telecom><system value="url"/><value value="https://minsal.cl"/></telecom></contact><description value="Motivo Cierre Interconsulta"/><jurisdiction><coding><system value="urn:iso:std:iso:3166"/><code value="CL"/><display value="Chile"/></coding></jurisdiction><compose><include><system value="http://minsal.cl/listaespera/CodeSystem/CSMotivoCierreInterconsulta"/></include></compose></ValueSet>