<?xml version="1.0" encoding="UTF-8"?><ValueSet xmlns="http://hl7.org/fhir"><id value="VSDocAcreditacionCuidador"/><text><status value="generated"/><div xmlns="http://www.w3.org/1999/xhtml"><ul><li>Include all codes defined in <a href="CodeSystem-CSDocAcreditacionCuidador.html"><code>http://minsal.cl/listaespera/CodeSystem/CSDocAcreditacionCuidador</code></a></li></ul></div></text><url value="http://minsal.cl/listaespera/ValueSet/VSDocAcreditacionCuidador"/><version value="0.1.2"/><name value="VSDocAcreditacionCuidador"/><title value="Documento Acreditacion Cuidador"/><status value="active"/><experimental value="false"/><date value="2023-01-15"/><publisher value="MINSAL Chile"/><contact><name value="MINSAL Chile"/><telecom><system value="url"/><value value="https://minsal.cl"/></telecom></contact><description value="Documento Acreditacion Cuidador"/><jurisdiction><coding><system value="urn:iso:std:iso:3166"/><code value="CL"/><display value="Chile"/></coding></jurisdiction><compose><include><system value="http://minsal.cl/listaespera/CodeSystem/CSDocAcreditacionCuidador"/></include></compose></ValueSet>