<?xml version="1.0" encoding="UTF-8"?>

<CodeSystem xmlns="http://hl7.org/fhir">
  <id value="CSEstablecimientoDestinoCodigo"/>
  <text>
    <status value="generated"/><div xmlns="http://www.w3.org/1999/xhtml"><p>This case-sensitive code system <code>https://interoperabilidad.minsal.cl/fhir/ig/tei/CodeSystem/CSEstablecimientoDestinoCodigo</code> defines the following codes:</p><table class="codes"><tr><td style="white-space:nowrap"><b>Code</b></td><td><b>Display</b></td></tr><tr><td style="white-space:nowrap">101012<a name="CSEstablecimientoDestinoCodigo-101012"> </a></td><td>Clínica Dental Móvil Simple. Pat. PW4076 (Arica) Servicio de Salud Arica</td></tr><tr><td style="white-space:nowrap">101090<a name="CSEstablecimientoDestinoCodigo-101090"> </a></td><td>Oficina Sanitaria Chacalluta Servicio de Salud Arica</td></tr><tr><td style="white-space:nowrap">101100<a name="CSEstablecimientoDestinoCodigo-101100"> </a></td><td>Hospital Dr. Juan Noé Crevanni (Arica) Servicio de Salud Arica</td></tr><tr><td style="white-space:nowrap">101203<a name="CSEstablecimientoDestinoCodigo-101203"> </a></td><td>Clínica Hebe SEREMI De Arica y Parinacota</td></tr><tr><td style="white-space:nowrap">101212<a name="CSEstablecimientoDestinoCodigo-101212"> </a></td><td>Clínica San Agustín SEREMI De Arica y Parinacota</td></tr><tr><td style="white-space:nowrap">101213<a name="CSEstablecimientoDestinoCodigo-101213"> </a></td><td>Clínica San José SEREMI De Arica y Parinacota</td></tr><tr><td style="white-space:nowrap">101214<a name="CSEstablecimientoDestinoCodigo-101214"> </a></td><td>Clínica Arica SEREMI De Arica y Parinacota</td></tr><tr><td style="white-space:nowrap">101300<a name="CSEstablecimientoDestinoCodigo-101300"> </a></td><td>Centro de Salud Familiar Víctor Bertín Soto Servicio de Salud Arica</td></tr><tr><td style="white-space:nowrap">101302<a name="CSEstablecimientoDestinoCodigo-101302"> </a></td><td>Centro de Salud Familiar Dr. Amador Neghme de Arica Servicio de Salud Arica</td></tr><tr><td style="white-space:nowrap">101303<a name="CSEstablecimientoDestinoCodigo-101303"> </a></td><td>Centro de Salud Familiar E. U. Iris Véliz Hume (Ex Oriente) Servicio de Salud Arica</td></tr><tr><td style="white-space:nowrap">101304<a name="CSEstablecimientoDestinoCodigo-101304"> </a></td><td>Centro de Salud Familiar Putre Servicio de Salud Arica</td></tr></table></div>
  </text>
  <url value="https://interoperabilidad.minsal.cl/fhir/ig/tei/CodeSystem/CSEstablecimientoDestinoCodigo"/>
  <version value="0.1.6"/>
  <name value="CSEstablecimientoDestinoCodigo"/>
  <title value="Establecimiento Destino Codigo ejemplos hechos en base a este documento con los [Códigos DEIS del establecimientos](https://datos.gob.cl/dataset/establecimientos-de-salud-vigentes)"/>
  <status value="active"/>
  <experimental value="false"/>
  <date value="2023-01-15"/>
  <publisher value="Unidad de Interoperabilidad - MINSAL"/>
  <contact>
    <name value="Unidad de Interoperabilidad - MINSAL"/>
    <telecom>
      <system value="url"/>
      <value value="https://interoperabilidad.minsal.cl"/>
    </telecom>
  </contact>
  <description value="Establecimiento Destino Codigo ejemplos hechos en base a este documento con los [Códigos DEIS del establecimientos](https://datos.gob.cl/dataset/establecimientos-de-salud-vigentes)"/>
  <jurisdiction>
    <coding>
      <system value="urn:iso:std:iso:3166"/>
      <code value="CL"/>
      <display value="Chile"/>
    </coding>
  </jurisdiction>
  <caseSensitive value="true"/>
  <content value="complete"/>
  <count value="11"/>
  <concept>
    <code value="101012"/>
    <display value="Clínica Dental Móvil Simple. Pat. PW4076 (Arica) Servicio de Salud Arica"/>
  </concept>
  <concept>
    <code value="101090"/>
    <display value="Oficina Sanitaria Chacalluta Servicio de Salud Arica"/>
  </concept>
  <concept>
    <code value="101100"/>
    <display value="Hospital Dr. Juan Noé Crevanni (Arica) Servicio de Salud Arica"/>
  </concept>
  <concept>
    <code value="101203"/>
    <display value="Clínica Hebe SEREMI De Arica y Parinacota"/>
  </concept>
  <concept>
    <code value="101212"/>
    <display value="Clínica San Agustín SEREMI De Arica y Parinacota"/>
  </concept>
  <concept>
    <code value="101213"/>
    <display value="Clínica San José SEREMI De Arica y Parinacota"/>
  </concept>
  <concept>
    <code value="101214"/>
    <display value="Clínica Arica SEREMI De Arica y Parinacota"/>
  </concept>
  <concept>
    <code value="101300"/>
    <display value="Centro de Salud Familiar Víctor Bertín Soto Servicio de Salud Arica"/>
  </concept>
  <concept>
    <code value="101302"/>
    <display value="Centro de Salud Familiar Dr. Amador Neghme de Arica Servicio de Salud Arica"/>
  </concept>
  <concept>
    <code value="101303"/>
    <display value="Centro de Salud Familiar E. U. Iris Véliz Hume (Ex Oriente) Servicio de Salud Arica"/>
  </concept>
  <concept>
    <code value="101304"/>
    <display value="Centro de Salud Familiar Putre Servicio de Salud Arica"/>
  </concept>
</CodeSystem>