<?xml version="1.0" encoding="UTF-8"?>

<CodeSystem xmlns="http://hl7.org/fhir">
  <id value="CSEspecialidadOdont"/>
  <text>
    <status value="generated"/><div xmlns="http://www.w3.org/1999/xhtml">Placeholder</div>
  </text>
  <url value="https://interoperabilidad.minsal.cl/fhir/ig/tei/CodeSystem/CSEspecialidadOdont"/>
  <version value="0.1.6"/>
  <name value="CSEspecialidadOdont"/>
  <title value="Especialidades Odontológicas"/>
  <status value="active"/>
  <experimental value="false"/>
  <date value="2023-01-15"/>
  <publisher value="Unidad de Interoperabilidad - MINSAL"/>
  <contact>
    <name value="Unidad de Interoperabilidad - MINSAL"/>
    <telecom>
      <system value="url"/>
      <value value="https://interoperabilidad.minsal.cl"/>
    </telecom>
  </contact>
  <description value="Especialidades Odontológicas"/>
  <jurisdiction>
    <coding>
      <system value="urn:iso:std:iso:3166"/>
      <code value="CL"/>
      <display value="Chile"/>
    </coding>
  </jurisdiction>
  <caseSensitive value="true"/>
  <content value="complete"/>
  <count value="14"/>
  <concept>
    <code value="1"/>
    <display value="Cirugía y Traumatología Buco Maxilofacial"/>
  </concept>
  <concept>
    <code value="2"/>
    <display value="Cirugía Bucal"/>
  </concept>
  <concept>
    <code value="3"/>
    <display value="Endodoncia"/>
  </concept>
  <concept>
    <code value="4"/>
    <display value="Imagenología Oral y Maxilofacial"/>
  </concept>
  <concept>
    <code value="5"/>
    <display value="Implantología Buco Maxilofacial"/>
  </concept>
  <concept>
    <code value="6"/>
    <display value="Odontología legal"/>
  </concept>
  <concept>
    <code value="7"/>
    <display value="Odontopediatría"/>
  </concept>
  <concept>
    <code value="8"/>
    <display value="Ortodoncia y Ortopedia Dento Máxilo Facial"/>
  </concept>
  <concept>
    <code value="9"/>
    <display value="Patología Oral"/>
  </concept>
  <concept>
    <code value="10"/>
    <display value="Periodoncia"/>
  </concept>
  <concept>
    <code value="11"/>
    <display value="Rehabilitación Oral"/>
  </concept>
  <concept>
    <code value="12"/>
    <display value="Salud Pública"/>
  </concept>
  <concept>
    <code value="13"/>
    <display value="Somato-Prótesis"/>
  </concept>
  <concept>
    <code value="14"/>
    <display value="Trastornos Temporomandibulares Y Dolor Orofacial"/>
  </concept>
</CodeSystem>