<?xml version="1.0" encoding="UTF-8"?>

<ValueSet xmlns="http://hl7.org/fhir">
  <id value="PueblosOriginariosVS"/>
  <text>
    <status value="generated"/><div xmlns="http://www.w3.org/1999/xhtml">Placeholder</div>
  </text>
  <url value="https://interoperabilidad.minsal.cl/fhir/ig/tei/ValueSet/PueblosOriginariosVS"/>
  <version value="0.1.6"/>
  <name value="PueblosOriginariosVS"/>
  <title value="Pueblos Originarios de Chile"/>
  <status value="draft"/>
  <experimental value="true"/>
  <date value="2023-12-21T20:18:51+00:00"/>
  <publisher value="Unidad de Interoperabilidad - MINSAL"/>
  <contact>
    <name value="Unidad de Interoperabilidad - MINSAL"/>
    <telecom>
      <system value="url"/>
      <value value="https://interoperabilidad.minsal.cl"/>
    </telecom>
  </contact>
  <description value="Pueblos Originarios de Chile"/>
  <jurisdiction>
    <coding>
      <system value="urn:iso:std:iso:3166"/>
      <code value="CL"/>
      <display value="Chile"/>
    </coding>
  </jurisdiction>
  <compose>
    <include>
      <system value="https://interoperabilidad.minsal.cl/fhir/ig/tei/CodeSystem/PueblosOriginariosCS"/>
    </include>
  </compose>
</ValueSet>