{
  "resourceType" : "Bundle",
  "id" : "EjemploBundleReferencia",
  "meta" : {
    "lastUpdated" : "2023-01-20T14:12:10Z",
    "profile" : ["https://interoperabilidad.minsal.cl/fhir/ig/tei/StructureDefinition/BundleReferenciarLE"]
  },
  "type" : "message",
  "timestamp" : "2023-02-09T17:15:22Z",
  "entry" : [{
    "fullUrl" : "http://acme.com/ehr/fhir/MessageHeader/EjemploMessageHeaderReferencia",
    "resource" : {
      "resourceType" : "MessageHeader",
      "id" : "EjemploMessageHeaderReferencia",
      "meta" : {
        "lastUpdated" : "2023-02-13T14:12:10Z",
        "profile" : ["https://interoperabilidad.minsal.cl/fhir/ig/tei/StructureDefinition/MessageHeaderLE"]
      },
      "text" : {
        "status" : "generated",
        "div" : "<div xmlns=\"http://www.w3.org/1999/xhtml\"><p><b>Generated Narrative: MessageHeader</b><a name=\"EjemploMessageHeaderReferencia\"> </a></p><div style=\"display: inline-block; background-color: #d9e0e7; padding: 6px; margin: 4px; border: 1px solid #8da1b4; border-radius: 5px; line-height: 60%\"><p style=\"margin-bottom: 0px\">Resource MessageHeader &quot;EjemploMessageHeaderReferencia&quot; Updated &quot;2023-02-13 14:12:10+0000&quot; </p><p style=\"margin-bottom: 0px\">Profile: <a href=\"StructureDefinition-MessageHeaderLE.html\">MessageHeader LE</a></p></div><p><b>event</b>: Referenciar (Details: https://interoperabilidad.minsal.cl/fhir/ig/tei/CodeSystem/CSTipoEventoLE code referenciar = 'Referenciar', stated as 'null')</p><p><b>author</b>: <a href=\"#PractitionerRole_EjemploPractitionerRoleReferenciadorMHREFERENCIADA\">See above (PractitionerRole/EjemploPractitionerRoleReferenciadorMHREFERENCIADA)</a></p><h3>Sources</h3><table class=\"grid\"><tr><td style=\"display: none\">-</td><td><b>Software</b></td><td><b>Endpoint</b></td></tr><tr><td style=\"display: none\">*</td><td>Software San Juan Dios (SSJD)</td><td><a href=\"http://link-to-sending.cl\">http://link-to-sending.cl</a></td></tr></table><p><b>focus</b>: <a href=\"#ServiceRequest_EjemploServiceRequestReferenciada\">See above (ServiceRequest/EjemploServiceRequestReferenciada)</a></p></div>"
      },
      "eventCoding" : {
        "system" : "https://interoperabilidad.minsal.cl/fhir/ig/tei/CodeSystem/CSTipoEventoLE",
        "code" : "referenciar"
      },
      "author" : {
        "reference" : "PractitionerRole/EjemploPractitionerRoleReferenciadorMHREFERENCIADA"
      },
      "source" : {
        "software" : "Software San Juan Dios (SSJD)",
        "endpoint" : "http://link-to-sending.cl"
      },
      "focus" : [{
        "reference" : "ServiceRequest/EjemploServiceRequestReferenciada"
      }]
    }
  },
  {
    "fullUrl" : "http://acme.com/ehr/fhir/ServiceRequest/EjemploServiceRequestReferenciada",
    "resource" : {
      "resourceType" : "ServiceRequest",
      "id" : "EjemploServiceRequestReferenciada",
      "meta" : {
        "profile" : ["https://interoperabilidad.minsal.cl/fhir/ig/tei/StructureDefinition/ServiceRequestLE"]
      },
      "text" : {
        "status" : "extensions",
        "div" : "<div xmlns=\"http://www.w3.org/1999/xhtml\"><p><b>Generated Narrative: ServiceRequest</b><a name=\"EjemploServiceRequestReferenciada\"> </a></p><div style=\"display: inline-block; background-color: #d9e0e7; padding: 6px; margin: 4px; border: 1px solid #8da1b4; border-radius: 5px; line-height: 60%\"><p style=\"margin-bottom: 0px\">Resource ServiceRequest &quot;EjemploServiceRequestReferenciada&quot; </p><p style=\"margin-bottom: 0px\">Profile: <a href=\"StructureDefinition-ServiceRequestLE.html\">ServiceRequest LE</a></p></div><p><b>Estado Interconsulta Codigo</b>: A la espera de revisión <span style=\"background: LightGoldenRodYellow; margin: 4px; border: 1px solid khaki\"> (<a href=\"CodeSystem-CSEstadoInterconsulta.html\">Estado Interconsulta</a>#2)</span></p><p><b>Especialidad Médica Destino Código</b>: CARDIOLOGÍA <span style=\"background: LightGoldenRodYellow; margin: 4px; border: 1px solid khaki\"> (<a href=\"CodeSystem-CSEspecialidadMed.html\">EspecialidadMed</a>#3)</span></p><p><b>SubEspecialidad Médica Destino Código</b>: CIRUGÍA GENERAL <span style=\"background: LightGoldenRodYellow; margin: 4px; border: 1px solid khaki\"> (<a href=\"CodeSystem-CSEspecialidadMed.html\">EspecialidadMed</a>#4)</span></p><p><b>identifier</b>: IdInterconsulta/323121</p><p><b>status</b>: draft</p><p><b>intent</b>: order</p><p><b>code</b>: Referral to cardiology service <span style=\"background: LightGoldenRodYellow; margin: 4px; border: 1px solid khaki\"> (<a href=\"https://browser.ihtsdotools.org/\">SNOMED CT</a>#183519002)</span></p><p><b>subject</b>: <a href=\"Patient-EjemploPatient.html\">Patient/EjemploPatient: Anibal Diaz Cortés</a> &quot; DIAZ&quot;</p><p><b>performer</b>: <a href=\"#PractitionerRole_EjemploPractitionerRoleReferenciadorMHREFERENCIADA\">See above (PractitionerRole/EjemploPractitionerRoleReferenciadorMHREFERENCIADA)</a></p><p><b>locationCode</b>: Motivo derivación <span style=\"background: LightGoldenRodYellow; margin: 4px; border: 1px solid khaki\"> (<a href=\"CodeSystem-CSDestinoReferenciaCodigo.html\">Destino Referencia Codigo</a>#1)</span></p><p><b>supportingInfo</b>: <a href=\"Observation-EjemploObservationDiscapacidad.html\">Observation/EjemploObservationDiscapacidad: Referencia a la observación de si el paciente presenta discapacidad</a></p></div>"
      },
      "extension" : [{
        "url" : "https://interoperabilidad.minsal.cl/fhir/ig/tei/StructureDefinition/EstadoInterconsultaCodigoLE",
        "valueCodeableConcept" : {
          "coding" : [{
            "system" : "https://interoperabilidad.minsal.cl/fhir/ig/tei/CodeSystem/CSEstadoInterconsulta",
            "code" : "2"
          }]
        }
      },
      {
        "url" : "https://interoperabilidad.minsal.cl/fhir/ig/tei/StructureDefinition/EspecialidadMedicaDestinoCodigo",
        "valueCodeableConcept" : {
          "coding" : [{
            "system" : "https://interoperabilidad.minsal.cl/fhir/ig/tei/CodeSystem/CSEspecialidadMed",
            "code" : "3"
          }]
        }
      },
      {
        "url" : "https://interoperabilidad.minsal.cl/fhir/ig/tei/StructureDefinition/SubEspecialidadMedicaDestinoCodigo",
        "valueCodeableConcept" : {
          "coding" : [{
            "system" : "https://interoperabilidad.minsal.cl/fhir/ig/tei/CodeSystem/CSEspecialidadMed",
            "code" : "4"
          }]
        }
      }],
      "identifier" : [{
        "type" : {
          "coding" : [{
            "system" : "http://terminology.cens.cl/CodeSystem/listaespera",
            "code" : "IdInterconsulta"
          }]
        },
        "value" : "323121"
      }],
      "status" : "draft",
      "intent" : "order",
      "code" : {
        "coding" : [{
          "system" : "http://snomed.info/sct",
          "code" : "183519002"
        }]
      },
      "subject" : {
        "reference" : "Patient/EjemploPatient",
        "display" : "Anibal Diaz Cortés"
      },
      "performer" : [{
        "reference" : "PractitionerRole/EjemploPractitionerRoleReferenciadorMHREFERENCIADA"
      }],
      "locationCode" : [{
        "coding" : [{
          "system" : "https://interoperabilidad.minsal.cl/fhir/ig/tei/CodeSystem/CSDestinoReferenciaCodigo",
          "code" : "1"
        }],
        "text" : "Motivo derivación"
      }],
      "supportingInfo" : [{
        "reference" : "Observation/EjemploObservationDiscapacidad",
        "display" : "Referencia a la observación de si el paciente presenta discapacidad"
      }]
    }
  },
  {
    "fullUrl" : "http://acme.com/ehr/fhir/PractitionerRole/EjemploPractitionerRoleReferenciadorMHREFERENCIADA",
    "resource" : {
      "resourceType" : "PractitionerRole",
      "id" : "EjemploPractitionerRoleReferenciadorMHREFERENCIADA",
      "meta" : {
        "profile" : ["https://interoperabilidad.minsal.cl/fhir/ig/tei/StructureDefinition/PractitionerRoleLE"]
      },
      "text" : {
        "status" : "generated",
        "div" : "<div xmlns=\"http://www.w3.org/1999/xhtml\"><p><b>Generated Narrative: PractitionerRole</b><a name=\"EjemploPractitionerRoleReferenciadorMHREFERENCIADA\"> </a></p><div style=\"display: inline-block; background-color: #d9e0e7; padding: 6px; margin: 4px; border: 1px solid #8da1b4; border-radius: 5px; line-height: 60%\"><p style=\"margin-bottom: 0px\">Resource PractitionerRole &quot;EjemploPractitionerRoleReferenciadorMHREFERENCIADA&quot; </p><p style=\"margin-bottom: 0px\">Profile: <a href=\"StructureDefinition-PractitionerRoleLE.html\">PractitionerRole LE</a></p></div><p><b>practitioner</b>: <a href=\"#Practitioner_EjemploPractitionerReferenciadorMHREFERENCIADA\">See above (Practitioner/EjemploPractitionerReferenciadorMHREFERENCIADA)</a></p><p><b>organization</b>: <a href=\"Organization-EjemploOrganizationReferencia.html\">Organization/EjemploOrganizationReferencia</a></p><p><b>code</b>: Referenciador <span style=\"background: LightGoldenRodYellow; margin: 4px; border: 1px solid khaki\"> (<a href=\"CodeSystem-CSPractitionerTipoRolLE.html\">Rol de médicos</a>#referenciador)</span></p></div>"
      },
      "practitioner" : {
        "reference" : "Practitioner/EjemploPractitionerReferenciadorMHREFERENCIADA"
      },
      "organization" : {
        "reference" : "Organization/EjemploOrganizationReferencia"
      },
      "code" : [{
        "coding" : [{
          "system" : "https://interoperabilidad.minsal.cl/fhir/ig/tei/CodeSystem/CSPractitionerTipoRolLE",
          "code" : "referenciador"
        }]
      }]
    }
  },
  {
    "fullUrl" : "http://acme.com/ehr/fhir/PractitionerRole/EjemploPractitionerRoleAtendedorSRREFERENCIADA",
    "resource" : {
      "resourceType" : "PractitionerRole",
      "id" : "EjemploPractitionerRoleAtendedorSRREFERENCIADA",
      "meta" : {
        "profile" : ["https://interoperabilidad.minsal.cl/fhir/ig/tei/StructureDefinition/PractitionerRoleLE"]
      },
      "text" : {
        "status" : "generated",
        "div" : "<div xmlns=\"http://www.w3.org/1999/xhtml\"><p><b>Generated Narrative: PractitionerRole</b><a name=\"EjemploPractitionerRoleAtendedorSRREFERENCIADA\"> </a></p><div style=\"display: inline-block; background-color: #d9e0e7; padding: 6px; margin: 4px; border: 1px solid #8da1b4; border-radius: 5px; line-height: 60%\"><p style=\"margin-bottom: 0px\">Resource PractitionerRole &quot;EjemploPractitionerRoleAtendedorSRREFERENCIADA&quot; </p><p style=\"margin-bottom: 0px\">Profile: <a href=\"StructureDefinition-PractitionerRoleLE.html\">PractitionerRole LE</a></p></div><p><b>organization</b>: <a href=\"Organization-EjemploOrganizationReferencia.html\">Organization/EjemploOrganizationReferencia</a></p><p><b>code</b>: Atendedor <span style=\"background: LightGoldenRodYellow; margin: 4px; border: 1px solid khaki\"> (<a href=\"CodeSystem-CSPractitionerTipoRolLE.html\">Rol de médicos</a>#atendedor)</span></p></div>"
      },
      "organization" : {
        "reference" : "Organization/EjemploOrganizationReferencia"
      },
      "code" : [{
        "coding" : [{
          "system" : "https://interoperabilidad.minsal.cl/fhir/ig/tei/CodeSystem/CSPractitionerTipoRolLE",
          "code" : "atendedor"
        }]
      }]
    }
  },
  {
    "fullUrl" : "http://acme.com/ehr/fhir/Practitioner/EjemploPractitionerReferenciadorMHREFERENCIADA",
    "resource" : {
      "resourceType" : "Practitioner",
      "id" : "EjemploPractitionerReferenciadorMHREFERENCIADA",
      "meta" : {
        "profile" : ["https://interoperabilidad.minsal.cl/fhir/ig/tei/StructureDefinition/PrestadorProfesionalLE"]
      },
      "text" : {
        "status" : "extensions",
        "div" : "<div xmlns=\"http://www.w3.org/1999/xhtml\"><p><b>Generated Narrative: Practitioner</b><a name=\"EjemploPractitionerReferenciadorMHREFERENCIADA\"> </a></p><div style=\"display: inline-block; background-color: #d9e0e7; padding: 6px; margin: 4px; border: 1px solid #8da1b4; border-radius: 5px; line-height: 60%\"><p style=\"margin-bottom: 0px\">Resource Practitioner &quot;EjemploPractitionerReferenciadorMHREFERENCIADA&quot; </p><p style=\"margin-bottom: 0px\">Profile: <a href=\"StructureDefinition-PrestadorProfesionalLE.html\">Prestador Profesional LE</a></p></div><p><b>Codigo de Identificación de países</b>: Chile <span style=\"background: LightGoldenRodYellow; margin: 4px; border: 1px solid khaki\"> (<a href=\"https://hl7chile.cl/fhir/ig/clcore/1.8.5/CodeSystem-CodPais.html\">Códigos de Países</a>#152)</span></p><p><b>identifier</b>: 1/32.333.333-3\u00a0(use:\u00a0OFFICIAL), 2/123884\u00a0(use:\u00a0OFFICIAL), 4/123884\u00a0(use:\u00a0SECONDARY)</p><p><b>active</b>: true</p><p><b>name</b>: Ernesto Sepulveda (OFFICIAL)</p><p><b>telecom</b>: <a href=\"tel:+56982460152\">+56982460152</a></p><p><b>gender</b>: female</p><p><b>birthDate</b>: 1982-08-24</p><blockquote><p><b>qualification</b></p><p><b>identifier</b>: esp</p><p><b>code</b>: Cirujano Cardiovascular <span style=\"background: LightGoldenRodYellow; margin: 4px; border: 1px solid khaki\"> (<a href=\"CodeSystem-CSTituloProfesional.html\">TituloProfesional</a>#1 &quot;MÉDICO CIRUJANO&quot;)</span></p><p><b>period</b>: 2023-01-01 --&gt; 2100-01-31</p></blockquote><blockquote><p><b>qualification</b></p><p><b>identifier</b>: subesp</p><p><b>code</b>: CardiologíaCardiotorácico <span style=\"background: LightGoldenRodYellow; margin: 4px; border: 1px solid khaki\"> (<a href=\"CodeSystem-CSTituloProfesional.html\">TituloProfesional</a>#1 &quot;MÉDICO CIRUJANO&quot;)</span></p><p><b>period</b>: 2024-01-01 --&gt; 2100-01-31</p></blockquote></div>"
      },
      "extension" : [{
        "url" : "https://hl7chile.cl/fhir/ig/clcore/StructureDefinition/CodigoPaises",
        "valueCodeableConcept" : {
          "coding" : [{
            "system" : "https://hl7chile.cl/fhir/ig/clcore/CodeSystem/CodPais",
            "code" : "152",
            "display" : "Chile"
          }]
        }
      }],
      "identifier" : [{
        "use" : "official",
        "type" : {
          "coding" : [{
            "system" : "https://interoperabilidad.minsal.cl/fhir/ig/hpd/CodeSystem/VSTipoIdentificadorDEIS",
            "code" : "1"
          }]
        },
        "system" : "https://api.cl/system/run",
        "value" : "32.333.333-3"
      },
      {
        "use" : "official",
        "type" : {
          "coding" : [{
            "system" : "https://interoperabilidad.minsal.cl/fhir/ig/hpd/CodeSystem/VSTipoIdentificadorDEIS",
            "code" : "2"
          }]
        },
        "value" : "123884"
      },
      {
        "use" : "secondary",
        "type" : {
          "coding" : [{
            "system" : "https://interoperabilidad.minsal.cl/fhir/ig/hpd/CodeSystem/VSTipoIdentificadorDEIS",
            "code" : "4"
          }]
        },
        "value" : "123884"
      }],
      "active" : true,
      "name" : [{
        "use" : "official",
        "family" : "Sepulveda",
        "_family" : {
          "extension" : [{
            "url" : "https://hl7chile.cl/fhir/ig/clcore/StructureDefinition/SegundoApellido",
            "valueString" : "Sierra"
          }]
        },
        "given" : ["Ernesto"]
      }],
      "telecom" : [{
        "system" : "phone",
        "value" : "+56982460152",
        "use" : "home",
        "rank" : 1
      }],
      "gender" : "female",
      "birthDate" : "1982-08-24",
      "qualification" : [{
        "identifier" : [{
          "value" : "esp"
        }],
        "code" : {
          "coding" : [{
            "system" : "https://interoperabilidad.minsal.cl/fhir/ig/tei/CodeSystem/CSTituloProfesional",
            "code" : "1",
            "display" : "MÉDICO CIRUJANO"
          }],
          "text" : "Cirujano Cardiovascular"
        },
        "period" : {
          "start" : "2023-01-01",
          "end" : "2100-01-31"
        }
      },
      {
        "identifier" : [{
          "value" : "subesp"
        }],
        "code" : {
          "coding" : [{
            "system" : "https://interoperabilidad.minsal.cl/fhir/ig/tei/CodeSystem/CSTituloProfesional",
            "code" : "1",
            "display" : "MÉDICO CIRUJANO"
          }],
          "text" : "CardiologíaCardiotorácico"
        },
        "period" : {
          "start" : "2024-01-01",
          "end" : "2100-01-31"
        }
      }]
    }
  },
  {
    "fullUrl" : "http://acme.com/ehr/fhir/Organization/EjemploOrganizationReferenciadorMHREFERENCIADA",
    "resource" : {
      "resourceType" : "Organization",
      "id" : "EjemploOrganizationReferenciadorMHREFERENCIADA",
      "meta" : {
        "profile" : ["https://interoperabilidad.minsal.cl/fhir/ig/tei/StructureDefinition/OrganizationLE"]
      },
      "text" : {
        "status" : "generated",
        "div" : "<div xmlns=\"http://www.w3.org/1999/xhtml\"><p><b>Generated Narrative: Organization</b><a name=\"EjemploOrganizationReferenciadorMHREFERENCIADA\"> </a></p><div style=\"display: inline-block; background-color: #d9e0e7; padding: 6px; margin: 4px; border: 1px solid #8da1b4; border-radius: 5px; line-height: 60%\"><p style=\"margin-bottom: 0px\">Resource Organization &quot;EjemploOrganizationReferenciadorMHREFERENCIADA&quot; </p><p style=\"margin-bottom: 0px\">Profile: <a href=\"StructureDefinition-OrganizationLE.html\">Organization LE</a></p></div><p><b>identifier</b>: 116309/Centro de Salud Familiar San Juan Dios</p></div>"
      },
      "identifier" : [{
        "type" : {
          "coding" : [{
            "system" : "http://minsal.cl/deis/establecimientos",
            "code" : "116309"
          }]
        },
        "value" : "Centro de Salud Familiar San Juan Dios"
      }]
    }
  },
  {
    "fullUrl" : "http://acme.com/ehr/fhir/Organization/EjemploOrganizationAtender",
    "resource" : {
      "resourceType" : "Organization",
      "id" : "EjemploOrganizationAtender",
      "meta" : {
        "profile" : ["https://interoperabilidad.minsal.cl/fhir/ig/tei/StructureDefinition/OrganizationLE"]
      },
      "text" : {
        "status" : "generated",
        "div" : "<div xmlns=\"http://www.w3.org/1999/xhtml\"><p><b>Generated Narrative: Organization</b><a name=\"EjemploOrganizationAtender\"> </a></p><div style=\"display: inline-block; background-color: #d9e0e7; padding: 6px; margin: 4px; border: 1px solid #8da1b4; border-radius: 5px; line-height: 60%\"><p style=\"margin-bottom: 0px\">Resource Organization &quot;EjemploOrganizationAtender&quot; </p><p style=\"margin-bottom: 0px\">Profile: <a href=\"StructureDefinition-OrganizationLE.html\">Organization LE</a></p></div><p><b>identifier</b>: 124232/Hospital Linares</p></div>"
      },
      "identifier" : [{
        "type" : {
          "coding" : [{
            "system" : "http://minsal.cl/deis/establecimientos",
            "code" : "124232"
          }]
        },
        "value" : "Hospital Linares"
      }]
    }
  }]
}