{
  "resourceType" : "Bundle",
  "id" : "EjemploBundleAgendar",
  "meta" : {
    "lastUpdated" : "2023-01-20T14:12:10Z",
    "profile" : ["https://interoperabilidad.minsal.cl/fhir/ig/tei/StructureDefinition/BundleAgendarLE"]
  },
  "type" : "message",
  "timestamp" : "2023-02-09T17:15:22Z",
  "entry" : [{
    "fullUrl" : "http://acme.com/ehr/fhir/MessageHeader/agendar",
    "resource" : {
      "resourceType" : "MessageHeader",
      "id" : "EjemploMessageHeaderAgendar",
      "meta" : {
        "lastUpdated" : "2023-02-14T14:12:10Z",
        "profile" : ["https://interoperabilidad.minsal.cl/fhir/ig/tei/StructureDefinition/MessageHeaderLE"]
      },
      "text" : {
        "status" : "generated",
        "div" : "<div xmlns=\"http://www.w3.org/1999/xhtml\"><p><b>Generated Narrative: MessageHeader</b><a name=\"EjemploMessageHeaderAgendar\"> </a></p><div style=\"display: inline-block; background-color: #d9e0e7; padding: 6px; margin: 4px; border: 1px solid #8da1b4; border-radius: 5px; line-height: 60%\"><p style=\"margin-bottom: 0px\">Resource MessageHeader &quot;EjemploMessageHeaderAgendar&quot; Updated &quot;2023-02-14 14:12:10+0000&quot; </p><p style=\"margin-bottom: 0px\">Profile: <a href=\"StructureDefinition-MessageHeaderLE.html\">MessageHeader LE</a></p></div><p><b>event</b>: Agendar (Details: https://interoperabilidad.minsal.cl/fhir/ig/tei/CodeSystem/CSTipoEventoLE code agendar = 'Agendar', stated as 'null')</p><p><b>author</b>: <a href=\"#PractitionerRole_EjemploPractitionerRoleAgendarMH\">See above (http://acme.com/ehr/fhir/PractitionerRole/agendarAgendador)</a></p><h3>Sources</h3><table class=\"grid\"><tr><td style=\"display: none\">-</td><td><b>Software</b></td><td><b>Endpoint</b></td></tr><tr><td style=\"display: none\">*</td><td>SolucionInformatica</td><td><a href=\"http://link-to-sending.cl\">http://link-to-sending.cl</a></td></tr></table><p><b>focus</b>: <a href=\"#Appointment_EjemploAppointmentAgendar\">See above (http://acme.com/ehr/fhir/Appointment/agendar)</a></p></div>"
      },
      "eventCoding" : {
        "system" : "https://interoperabilidad.minsal.cl/fhir/ig/tei/CodeSystem/CSTipoEventoLE",
        "code" : "agendar"
      },
      "author" : {
        "reference" : "http://acme.com/ehr/fhir/PractitionerRole/agendarAgendador"
      },
      "source" : {
        "software" : "SolucionInformatica",
        "endpoint" : "http://link-to-sending.cl"
      },
      "focus" : [{
        "reference" : "http://acme.com/ehr/fhir/Appointment/agendar"
      }]
    }
  },
  {
    "fullUrl" : "http://acme.com/ehr/fhir/Appointment/agendar",
    "resource" : {
      "resourceType" : "Appointment",
      "id" : "EjemploAppointmentAgendar",
      "meta" : {
        "profile" : ["https://interoperabilidad.minsal.cl/fhir/ig/tei/StructureDefinition/AppointmentAgendarLE"]
      },
      "text" : {
        "status" : "extensions",
        "div" : "<div xmlns=\"http://www.w3.org/1999/xhtml\"><p><b>Generated Narrative: Appointment</b><a name=\"EjemploAppointmentAgendar\"> </a></p><div style=\"display: inline-block; background-color: #d9e0e7; padding: 6px; margin: 4px; border: 1px solid #8da1b4; border-radius: 5px; line-height: 60%\"><p style=\"margin-bottom: 0px\">Resource Appointment &quot;EjemploAppointmentAgendar&quot; </p><p style=\"margin-bottom: 0px\">Profile: <a href=\"StructureDefinition-AppointmentAgendarLE.html\">AppointmentAgendarLE</a></p></div><blockquote><p><b>Contactado</b></p><blockquote><p><b>url</b></p><code>MotivoNoContactabilidad</code></blockquote><p><b>value</b>: Otro <span style=\"background: LightGoldenRodYellow; margin: 4px; border: 1px solid khaki\"> (<a href=\"CodeSystem-CSMotivoNoContactabilidad.html\">Motivo No Contactabilidad</a>#1)</span></p><blockquote><p><b>url</b></p><a href=\"StructureDefinition-Contactado.html\">Contactado</a></blockquote><p><b>value</b>: true</p></blockquote><p><b>identifier</b>: id:\u00a021</p><p><b>status</b>: booked</p><p><b>start</b>: Jan 22, 2023, 9:00:00\u202fAM</p><p><b>end</b>: Jan 22, 2023, 9:30:00\u202fAM</p><p><b>basedOn</b>: <a href=\"#ServiceRequest_EjemploServiceRequestAgendar\">See above (http://acme.com/ehr/fhir/ServiceRequest/agendar)</a></p><blockquote><p><b>participant</b></p><p><b>actor</b>: <a href=\"Bundle-EjemploBundleAtender.html#http-//acme.com/ehr/fhir/Patient/EjemploPatient\">http://acme.com/ehr/fhir/Patient/EjemploPatient</a></p><p><b>status</b>: accepted</p></blockquote><blockquote><p><b>participant</b></p><p><b>actor</b>: <a href=\"http://acme.com/ehr/fhir/PractitionerRoleLE/agendarAtendedor\">http://acme.com/ehr/fhir/PractitionerRoleLE/agendarAtendedor</a></p><p><b>status</b>: accepted</p></blockquote></div>"
      },
      "extension" : [{
        "extension" : [{
          "url" : "MotivoNoContactabilidad",
          "valueCodeableConcept" : {
            "coding" : [{
              "system" : "https://interoperabilidad.minsal.cl/fhir/ig/tei/CodeSystem/CSMotivoNoContactabilidad",
              "code" : "1"
            }],
            "text" : "Otro"
          }
        },
        {
          "url" : "Contactado",
          "valueBoolean" : true
        }],
        "url" : "https://interoperabilidad.minsal.cl/fhir/ig/tei/StructureDefinition/Contactado"
      }],
      "identifier" : [{
        "value" : "21"
      }],
      "status" : "booked",
      "start" : "2023-01-22T09:00:00Z",
      "end" : "2023-01-22T09:30:00Z",
      "basedOn" : [{
        "reference" : "http://acme.com/ehr/fhir/ServiceRequest/agendar"
      }],
      "participant" : [{
        "actor" : {
          "reference" : "http://acme.com/ehr/fhir/Patient/EjemploPatient",
          "type" : "Patient"
        },
        "status" : "accepted"
      },
      {
        "actor" : {
          "reference" : "http://acme.com/ehr/fhir/PractitionerRoleLE/agendarAtendedor",
          "type" : "PractitionerRole"
        },
        "status" : "accepted"
      }]
    }
  },
  {
    "fullUrl" : "http://acme.com/ehr/fhir/ServiceRequest/agendar",
    "resource" : {
      "resourceType" : "ServiceRequest",
      "id" : "EjemploServiceRequestAgendar",
      "meta" : {
        "profile" : ["https://interoperabilidad.minsal.cl/fhir/ig/tei/StructureDefinition/ServiceRequestLE"]
      },
      "text" : {
        "status" : "extensions",
        "div" : "<div xmlns=\"http://www.w3.org/1999/xhtml\"><p><b>Generated Narrative: ServiceRequest</b><a name=\"EjemploServiceRequestAgendar\"> </a></p><div style=\"display: inline-block; background-color: #d9e0e7; padding: 6px; margin: 4px; border: 1px solid #8da1b4; border-radius: 5px; line-height: 60%\"><p style=\"margin-bottom: 0px\">Resource ServiceRequest &quot;EjemploServiceRequestAgendar&quot; </p><p style=\"margin-bottom: 0px\">Profile: <a href=\"StructureDefinition-ServiceRequestLE.html\">ServiceRequest LE</a></p></div><p><b>Estado Interconsulta Codigo</b>: En espera de la atención <span style=\"background: LightGoldenRodYellow; margin: 4px; border: 1px solid khaki\"> (<a href=\"CodeSystem-CSEstadoInterconsulta.html\">Estado Interconsulta</a>#5)</span></p><p><b>identifier</b>: IdInterconsulta: 1</p><p><b>status</b>: draft</p><p><b>intent</b>: proposal</p><p><b>subject</b>: <a href=\"Bundle-EjemploBundleAtender.html#http-//acme.com/ehr/fhir/Patient/EjemploPatient\">http://acme.com/ehr/fhir/Patient/EjemploPatient</a></p><p><b>authoredOn</b>: 2022-01-20 13:50:20+0000</p></div>"
      },
      "extension" : [{
        "url" : "https://interoperabilidad.minsal.cl/fhir/ig/tei/StructureDefinition/EstadoInterconsultaCodigoLE",
        "valueCodeableConcept" : {
          "coding" : [{
            "system" : "https://interoperabilidad.minsal.cl/fhir/ig/tei/CodeSystem/CSEstadoInterconsulta",
            "code" : "5"
          }]
        }
      }],
      "identifier" : [{
        "type" : {
          "coding" : [{
            "system" : "http://terminology.cens.cl/CodeSystem/listaespera",
            "code" : "IdInterconsulta"
          }]
        },
        "value" : "1"
      }],
      "status" : "draft",
      "intent" : "proposal",
      "subject" : {
        "reference" : "http://acme.com/ehr/fhir/Patient/EjemploPatient"
      },
      "authoredOn" : "2022-01-20T13:50:20Z"
    }
  },
  {
    "fullUrl" : "http://acme.com/ehr/fhir/PractitionerRole/agendarAgendador",
    "resource" : {
      "resourceType" : "PractitionerRole",
      "id" : "EjemploPractitionerRoleAgendarMH",
      "meta" : {
        "profile" : ["https://interoperabilidad.minsal.cl/fhir/ig/tei/StructureDefinition/PractitionerRoleLE"]
      },
      "text" : {
        "status" : "generated",
        "div" : "<div xmlns=\"http://www.w3.org/1999/xhtml\"><p><b>Generated Narrative: PractitionerRole</b><a name=\"EjemploPractitionerRoleAgendarMH\"> </a></p><div style=\"display: inline-block; background-color: #d9e0e7; padding: 6px; margin: 4px; border: 1px solid #8da1b4; border-radius: 5px; line-height: 60%\"><p style=\"margin-bottom: 0px\">Resource PractitionerRole &quot;EjemploPractitionerRoleAgendarMH&quot; </p><p style=\"margin-bottom: 0px\">Profile: <a href=\"StructureDefinition-PractitionerRoleLE.html\">PractitionerRole LE</a></p></div><p><b>practitioner</b>: <a href=\"http://acme.com/ehr/fhir/Practitioner/PractitionerAgendarAgendador\">http://acme.com/ehr/fhir/Practitioner/PractitionerAgendarAgendador</a></p><p><b>organization</b>: <a href=\"http://acme.com/ehr/fhir/Organization/agendarAgendador\">http://acme.com/ehr/fhir/Organization/agendarAgendador</a></p><p><b>code</b>: Agendador <span style=\"background: LightGoldenRodYellow; margin: 4px; border: 1px solid khaki\"> (<a href=\"CodeSystem-CSPractitionerTipoRolLE.html\">Rol de médicos</a>#agendador)</span></p></div>"
      },
      "practitioner" : {
        "reference" : "http://acme.com/ehr/fhir/Practitioner/PractitionerAgendarAgendador"
      },
      "organization" : {
        "reference" : "http://acme.com/ehr/fhir/Organization/agendarAgendador"
      },
      "code" : [{
        "coding" : [{
          "system" : "https://interoperabilidad.minsal.cl/fhir/ig/tei/CodeSystem/CSPractitionerTipoRolLE",
          "code" : "agendador"
        }]
      }]
    }
  },
  {
    "fullUrl" : "http://acme.com/ehr/fhir/PractitionerRole/agendarAtendedor",
    "resource" : {
      "resourceType" : "PractitionerRole",
      "id" : "EjemploPractitionerRoleAgendarAPPO",
      "meta" : {
        "profile" : ["https://interoperabilidad.minsal.cl/fhir/ig/tei/StructureDefinition/PractitionerRoleLE"]
      },
      "text" : {
        "status" : "generated",
        "div" : "<div xmlns=\"http://www.w3.org/1999/xhtml\"><p><b>Generated Narrative: PractitionerRole</b><a name=\"EjemploPractitionerRoleAgendarAPPO\"> </a></p><div style=\"display: inline-block; background-color: #d9e0e7; padding: 6px; margin: 4px; border: 1px solid #8da1b4; border-radius: 5px; line-height: 60%\"><p style=\"margin-bottom: 0px\">Resource PractitionerRole &quot;EjemploPractitionerRoleAgendarAPPO&quot; </p><p style=\"margin-bottom: 0px\">Profile: <a href=\"StructureDefinition-PractitionerRoleLE.html\">PractitionerRole LE</a></p></div><p><b>practitioner</b>: <a href=\"#Practitioner_EjemploPractitionerAgendarAtendedor\">See above (http://acme.com/ehr/fhir/Practitioner/agendarAtendedor)</a></p><p><b>code</b>: Atendedor <span style=\"background: LightGoldenRodYellow; margin: 4px; border: 1px solid khaki\"> (<a href=\"CodeSystem-CSPractitionerTipoRolLE.html\">Rol de médicos</a>#atendedor)</span></p></div>"
      },
      "practitioner" : {
        "reference" : "http://acme.com/ehr/fhir/Practitioner/agendarAtendedor"
      },
      "code" : [{
        "coding" : [{
          "system" : "https://interoperabilidad.minsal.cl/fhir/ig/tei/CodeSystem/CSPractitionerTipoRolLE",
          "code" : "atendedor"
        }]
      }]
    }
  },
  {
    "fullUrl" : "http://acme.com/ehr/fhir/Practitioner/agendarAtendedor",
    "resource" : {
      "resourceType" : "Practitioner",
      "id" : "EjemploPractitionerAgendarAtendedor",
      "meta" : {
        "profile" : ["https://interoperabilidad.minsal.cl/fhir/ig/tei/StructureDefinition/MINSALPrestadorProfesional"]
      },
      "text" : {
        "status" : "extensions",
        "div" : "<div xmlns=\"http://www.w3.org/1999/xhtml\"><p><b>Generated Narrative: Practitioner</b><a name=\"EjemploPractitionerAgendarAtendedor\"> </a></p><div style=\"display: inline-block; background-color: #d9e0e7; padding: 6px; margin: 4px; border: 1px solid #8da1b4; border-radius: 5px; line-height: 60%\"><p style=\"margin-bottom: 0px\">Resource Practitioner &quot;EjemploPractitionerAgendarAtendedor&quot; </p><p style=\"margin-bottom: 0px\">Profile: <a href=\"StructureDefinition-MINSALPrestadorProfesional.html\">MINSAL Prestador Profesional</a></p></div><p><b>Codigo de Identificación de países</b>: Chile <span style=\"background: LightGoldenRodYellow; margin: 4px; border: 1px solid khaki\"> (<a href=\"https://hl7chile.cl/fhir/ig/clcore/1.8.5/CodeSystem-CodPais.html\">Códigos de Países</a>#152)</span></p><p><b>identifier</b>: 1: 32.333.333-3\u00a0(use:\u00a0OFFICIAL), 2: 123884\u00a0(use:\u00a0OFFICIAL)</p><p><b>active</b>: true</p><p><b>name</b>: Juan Perez </p><p><b>telecom</b>: <a href=\"tel:+56982460152\">+56982460152</a></p><p><b>address</b>: null null null </p><p><b>gender</b>: male</p><p><b>birthDate</b>: 1982-08-24</p><blockquote><p><b>qualification</b></p><p><b>identifier</b>: id:\u00a0esp</p><p><b>code</b>: Cirujano Plastico <span style=\"background: LightGoldenRodYellow; margin: 4px; border: 1px solid khaki\"> (CSTituloProf#1 &quot;Médico(a) Cirujano(a)&quot;)</span></p><p><b>period</b>: 2023-01-01 --&gt; 2100-01-31</p></blockquote><blockquote><p><b>qualification</b></p><p><b>identifier</b>: id:\u00a0subesp</p><p><b>code</b>: Cirujano Plastico en Oreja Derecha <span style=\"background: LightGoldenRodYellow; margin: 4px; border: 1px solid khaki\"> (CSTituloProf#1 &quot;Médico(a) Cirujano(a)&quot;)</span></p><p><b>period</b>: 2024-01-01 --&gt; 2100-01-31</p></blockquote></div>"
      },
      "extension" : [{
        "url" : "https://hl7chile.cl/fhir/ig/clcore/StructureDefinition/CodigoPaises",
        "valueCodeableConcept" : {
          "coding" : [{
            "system" : "https://hl7chile.cl/fhir/ig/clcore/CodeSystem/CodPais",
            "code" : "152",
            "display" : "Chile"
          }]
        }
      }],
      "identifier" : [{
        "use" : "official",
        "type" : {
          "coding" : [{
            "system" : "https://interoperabilidad.minsal.cl/fhir/ig/hpd/CodeSystem/VSTipoIdentificadorDEIS",
            "code" : "1"
          }]
        },
        "system" : "https://api.cl/system/run",
        "value" : "32.333.333-3"
      },
      {
        "use" : "official",
        "type" : {
          "coding" : [{
            "system" : "https://interoperabilidad.minsal.cl/fhir/ig/hpd/CodeSystem/VSTipoIdentificadorDEIS",
            "code" : "2"
          }]
        },
        "value" : "123884"
      }],
      "active" : true,
      "name" : [{
        "family" : "Perez",
        "given" : ["Juan"]
      }],
      "telecom" : [{
        "system" : "phone",
        "value" : "+56982460152",
        "use" : "home",
        "rank" : 1
      }],
      "address" : [{
        "_city" : {
          "extension" : [{
            "url" : "https://hl7chile.cl/fhir/ig/clcore/StructureDefinition/ComunasCl",
            "valueCodeableConcept" : {
              "coding" : [{
                "system" : "https://hl7chile.cl/fhir/ig/clcore/CodeSystem/CSCodComunasCL",
                "code" : "05602",
                "display" : "Algarrobo"
              }]
            }
          }]
        },
        "_district" : {
          "extension" : [{
            "url" : "https://hl7chile.cl/fhir/ig/clcore/StructureDefinition/ProvinciasCl",
            "valueCodeableConcept" : {
              "coding" : [{
                "system" : "https://hl7chile.cl/fhir/ig/clcore/CodeSystem/CSCodProvinciasCL",
                "code" : "056",
                "display" : "San Antonio"
              }]
            }
          }]
        },
        "_state" : {
          "extension" : [{
            "url" : "https://hl7chile.cl/fhir/ig/clcore/StructureDefinition/RegionesCl",
            "valueCodeableConcept" : {
              "coding" : [{
                "system" : "https://hl7chile.cl/fhir/ig/clcore/CodeSystem/CSCodRegionCL",
                "code" : "05",
                "display" : "Valparaíso"
              }]
            }
          }]
        },
        "_country" : {
          "extension" : [{
            "url" : "https://hl7chile.cl/fhir/ig/clcore/StructureDefinition/CodigoPaises",
            "valueCodeableConcept" : {
              "coding" : [{
                "system" : "https://hl7chile.cl/fhir/ig/clcore/CodeSystem/CodPais",
                "code" : "152",
                "display" : "Chile"
              }]
            }
          }]
        }
      }],
      "gender" : "male",
      "birthDate" : "1982-08-24",
      "qualification" : [{
        "identifier" : [{
          "value" : "esp"
        }],
        "code" : {
          "coding" : [{
            "system" : "http://minsal.cl/fhir/core/CodeSystem/CSTituloProf",
            "code" : "1",
            "display" : "Médico(a) Cirujano(a)"
          }],
          "text" : "Cirujano Plastico"
        },
        "period" : {
          "start" : "2023-01-01",
          "end" : "2100-01-31"
        }
      },
      {
        "identifier" : [{
          "value" : "subesp"
        }],
        "code" : {
          "coding" : [{
            "system" : "http://minsal.cl/fhir/core/CodeSystem/CSTituloProf",
            "code" : "1",
            "display" : "Médico(a) Cirujano(a)"
          }],
          "text" : "Cirujano Plastico en Oreja Derecha"
        },
        "period" : {
          "start" : "2024-01-01",
          "end" : "2100-01-31"
        }
      }]
    }
  },
  {
    "fullUrl" : "http://acme.com/ehr/fhir/Practitioner/agendarAgendador",
    "resource" : {
      "resourceType" : "Practitioner",
      "id" : "EjemploPractitionerAgendarAgendador",
      "meta" : {
        "profile" : ["https://interoperabilidad.minsal.cl/fhir/ig/tei/StructureDefinition/MINSALPrestadorAdministrativo"]
      },
      "text" : {
        "status" : "extensions",
        "div" : "<div xmlns=\"http://www.w3.org/1999/xhtml\"><p><b>Generated Narrative: Practitioner</b><a name=\"EjemploPractitionerAgendarAgendador\"> </a></p><div style=\"display: inline-block; background-color: #d9e0e7; padding: 6px; margin: 4px; border: 1px solid #8da1b4; border-radius: 5px; line-height: 60%\"><p style=\"margin-bottom: 0px\">Resource Practitioner &quot;EjemploPractitionerAgendarAgendador&quot; </p><p style=\"margin-bottom: 0px\">Profile: <a href=\"StructureDefinition-MINSALPrestadorAdministrativo.html\">MINSAL Prestador Administrativo</a></p></div><p><b>Codigo de Identificación de países</b>: Chile <span style=\"background: LightGoldenRodYellow; margin: 4px; border: 1px solid khaki\"> (<a href=\"https://hl7chile.cl/fhir/ig/clcore/1.8.5/CodeSystem-CodPais.html\">Códigos de Países</a>#152)</span></p><p><b>identifier</b>: 1: 32.333.333-3\u00a0(use:\u00a0OFFICIAL)</p><p><b>active</b>: true</p><p><b>name</b>: Juan Perez </p><p><b>telecom</b>: <a href=\"tel:+56982460152\">+56982460152</a></p><p><b>address</b>: null null null </p><p><b>gender</b>: male</p><p><b>birthDate</b>: 1982-08-24</p></div>"
      },
      "extension" : [{
        "url" : "https://hl7chile.cl/fhir/ig/clcore/StructureDefinition/CodigoPaises",
        "valueCodeableConcept" : {
          "coding" : [{
            "system" : "https://hl7chile.cl/fhir/ig/clcore/CodeSystem/CodPais",
            "code" : "152",
            "display" : "Chile"
          }]
        }
      }],
      "identifier" : [{
        "use" : "official",
        "type" : {
          "coding" : [{
            "system" : "https://interoperabilidad.minsal.cl/fhir/ig/hpd/CodeSystem/VSTipoIdentificadorDEIS",
            "code" : "1"
          }]
        },
        "system" : "https://api.cl/system/run",
        "value" : "32.333.333-3"
      }],
      "active" : true,
      "name" : [{
        "family" : "Perez",
        "given" : ["Juan"]
      }],
      "telecom" : [{
        "system" : "phone",
        "value" : "+56982460152",
        "use" : "home",
        "rank" : 1
      }],
      "address" : [{
        "_city" : {
          "extension" : [{
            "url" : "https://hl7chile.cl/fhir/ig/clcore/StructureDefinition/ComunasCl",
            "valueCodeableConcept" : {
              "coding" : [{
                "system" : "https://hl7chile.cl/fhir/ig/clcore/CodeSystem/CSCodComunasCL",
                "code" : "05602",
                "display" : "Algarrobo"
              }]
            }
          }]
        },
        "_district" : {
          "extension" : [{
            "url" : "https://hl7chile.cl/fhir/ig/clcore/StructureDefinition/ProvinciasCl",
            "valueCodeableConcept" : {
              "coding" : [{
                "system" : "https://hl7chile.cl/fhir/ig/clcore/CodeSystem/CSCodProvinciasCL",
                "code" : "056",
                "display" : "San Antonio"
              }]
            }
          }]
        },
        "_state" : {
          "extension" : [{
            "url" : "https://hl7chile.cl/fhir/ig/clcore/StructureDefinition/RegionesCl",
            "valueCodeableConcept" : {
              "coding" : [{
                "system" : "https://hl7chile.cl/fhir/ig/clcore/CodeSystem/CSCodRegionCL",
                "code" : "05",
                "display" : "Valparaíso"
              }]
            }
          }]
        },
        "_country" : {
          "extension" : [{
            "url" : "https://hl7chile.cl/fhir/ig/clcore/StructureDefinition/CodigoPaises",
            "valueCodeableConcept" : {
              "coding" : [{
                "system" : "https://hl7chile.cl/fhir/ig/clcore/CodeSystem/CodPais",
                "code" : "152",
                "display" : "Chile"
              }]
            }
          }]
        }
      }],
      "gender" : "male",
      "birthDate" : "1982-08-24"
    }
  },
  {
    "fullUrl" : "http://acme.com/ehr/fhir/Organization/agendar",
    "resource" : {
      "resourceType" : "Organization",
      "id" : "EjemploOrganizationAgendar",
      "meta" : {
        "profile" : ["https://interoperabilidad.minsal.cl/fhir/ig/tei/StructureDefinition/OrganizationLE"]
      },
      "text" : {
        "status" : "generated",
        "div" : "<div xmlns=\"http://www.w3.org/1999/xhtml\"><p><b>Generated Narrative: Organization</b><a name=\"EjemploOrganizationAgendar\"> </a></p><div style=\"display: inline-block; background-color: #d9e0e7; padding: 6px; margin: 4px; border: 1px solid #8da1b4; border-radius: 5px; line-height: 60%\"><p style=\"margin-bottom: 0px\">Resource Organization &quot;EjemploOrganizationAgendar&quot; </p><p style=\"margin-bottom: 0px\">Profile: <a href=\"StructureDefinition-OrganizationLE.html\">Organization LE</a></p></div><p><b>identifier</b>: id:\u00a01</p></div>"
      },
      "identifier" : [{
        "value" : "1"
      }]
    }
  }]
}