{
  "resourceType" : "CodeSystem",
  "id" : "CSTipoEventoLE",
  "text" : {
    "status" : "generated",
    "div" : "<div xmlns=\"http://www.w3.org/1999/xhtml\">Placeholder</div>"
  },
  "url" : "https://interoperabilidad.minsal.cl/fhir/ig/tei/CodeSystem/CSTipoEventoLE",
  "version" : "0.1.6",
  "name" : "CSTipoEventoLE",
  "title" : "Tipo de Evento",
  "status" : "active",
  "experimental" : false,
  "date" : "2023-01-15",
  "publisher" : "Unidad de Interoperabilidad - MINSAL",
  "contact" : [{
    "name" : "Unidad de Interoperabilidad - MINSAL",
    "telecom" : [{
      "system" : "url",
      "value" : "https://interoperabilidad.minsal.cl"
    }]
  }],
  "description" : "CodeSystem con códigos definidos para representar cada evento en la interconsulta",
  "jurisdiction" : [{
    "coding" : [{
      "system" : "urn:iso:std:iso:3166",
      "code" : "CL",
      "display" : "Chile"
    }]
  }],
  "caseSensitive" : true,
  "content" : "complete",
  "count" : 7,
  "concept" : [{
    "code" : "iniciar",
    "display" : "Iniciar"
  },
  {
    "code" : "referenciar",
    "display" : "Referenciar"
  },
  {
    "code" : "revisar",
    "display" : "Revisar"
  },
  {
    "code" : "priorizar",
    "display" : "Priorizar"
  },
  {
    "code" : "agendar",
    "display" : "Agendar"
  },
  {
    "code" : "atender",
    "display" : "Atender"
  },
  {
    "code" : "terminar",
    "display" : "Terminar"
  }]
}