<?xml version="1.0" encoding="UTF-8"?><CodeSystem xmlns="http://hl7.org/fhir"><id value="CSEstablecimientoDestinoCodigo"/><text><status value="generated"/><div xmlns="http://www.w3.org/1999/xhtml"><p>This case-sensitive code system <code>https://interoperabilidad.minsal.cl/fhir/ig/tei/CodeSystem/CSEstablecimientoDestinoCodigo</code> defines the following codes:</p><table class="codes"><tr><td style="white-space:nowrap"><b>Code</b></td><td><b>Display</b></td></tr><tr><td style="white-space:nowrap">101012<a name="CSEstablecimientoDestinoCodigo-101012"> </a></td><td>Servicio de Salud Arica Clínica Dental Móvil Simple. Pat. PW4076 (Arica)</td></tr><tr><td style="white-space:nowrap">101090<a name="CSEstablecimientoDestinoCodigo-101090"> </a></td><td>Servicio de Salud Arica Oficina Sanitaria Chacalluta</td></tr><tr><td style="white-space:nowrap">101100<a name="CSEstablecimientoDestinoCodigo-101100"> </a></td><td>Servicio de Salud Arica Hospital Dr. Juan Noé Crevanni (Arica)</td></tr><tr><td style="white-space:nowrap">101203<a name="CSEstablecimientoDestinoCodigo-101203"> </a></td><td>SEREMI De Arica y Parinacota Clínica Hebe</td></tr><tr><td style="white-space:nowrap">101212<a name="CSEstablecimientoDestinoCodigo-101212"> </a></td><td>SEREMI De Arica y Parinacota Clínica San Agustín</td></tr><tr><td style="white-space:nowrap">101213<a name="CSEstablecimientoDestinoCodigo-101213"> </a></td><td>SEREMI De Arica y Parinacota Clínica San José</td></tr><tr><td style="white-space:nowrap">101214<a name="CSEstablecimientoDestinoCodigo-101214"> </a></td><td>SEREMI De Arica y Parinacota Clínica Arica</td></tr><tr><td style="white-space:nowrap">101215<a name="CSEstablecimientoDestinoCodigo-101215"> </a></td><td>SEREMI De Arica y Parinacota Complejo Penitenciario</td></tr><tr><td style="white-space:nowrap">101216<a name="CSEstablecimientoDestinoCodigo-101216"> </a></td><td>SEREMI De Arica y Parinacota Servicio Médico Estudiantil U de Tarapacá</td></tr><tr><td style="white-space:nowrap">101217<a name="CSEstablecimientoDestinoCodigo-101217"> </a></td><td>SEREMI De Arica y Parinacota Centro Clínico Militar Arica</td></tr><tr><td style="white-space:nowrap">101219<a name="CSEstablecimientoDestinoCodigo-101219"> </a></td><td>SEREMI De Arica y Parinacota Policlínico del Trabajador AChS Arica</td></tr><tr><td style="white-space:nowrap">101222<a name="CSEstablecimientoDestinoCodigo-101222"> </a></td><td>SEREMI De Arica y Parinacota Instituto de Rehabilitación Infantil TELETÓN (Arica)</td></tr><tr><td style="white-space:nowrap">101223<a name="CSEstablecimientoDestinoCodigo-101223"> </a></td><td>SEREMI De Arica y Parinacota Centro Médico Monte Sinaí</td></tr><tr><td style="white-space:nowrap">101224<a name="CSEstablecimientoDestinoCodigo-101224"> </a></td><td>SEREMI De Arica y Parinacota Clínica Santo Domingo</td></tr><tr><td style="white-space:nowrap">101225<a name="CSEstablecimientoDestinoCodigo-101225"> </a></td><td>SEREMI De Arica y Parinacota Centro Integral de Salud</td></tr><tr><td style="white-space:nowrap">101227<a name="CSEstablecimientoDestinoCodigo-101227"> </a></td><td>SEREMI De Arica y Parinacota Policlínico Institucional de Gendarmería de Chile (Arica)</td></tr><tr><td style="white-space:nowrap">101228<a name="CSEstablecimientoDestinoCodigo-101228"> </a></td><td>SEREMI De Arica y Parinacota Policlínico del Agricultor</td></tr><tr><td style="white-space:nowrap">101229<a name="CSEstablecimientoDestinoCodigo-101229"> </a></td><td>SEREMI De Arica y Parinacota Centro Odontológico Arica</td></tr><tr><td style="white-space:nowrap">101234<a name="CSEstablecimientoDestinoCodigo-101234"> </a></td><td>SEREMI De Arica y Parinacota Centro de Salud Mutual CChC Arica</td></tr><tr><td style="white-space:nowrap">101236<a name="CSEstablecimientoDestinoCodigo-101236"> </a></td><td>SEREMI De Arica y Parinacota Centro Dental Megasalud SpA</td></tr><tr><td style="white-space:nowrap">101237<a name="CSEstablecimientoDestinoCodigo-101237"> </a></td><td>SEREMI De Arica y Parinacota Clínica Dr. Héctor Sánchez</td></tr><tr><td style="white-space:nowrap">101238<a name="CSEstablecimientoDestinoCodigo-101238"> </a></td><td>SEREMI De Arica y Parinacota Clínica Mella Arica y Compañía Ltda.</td></tr><tr><td style="white-space:nowrap">101239<a name="CSEstablecimientoDestinoCodigo-101239"> </a></td><td>SEREMI De Arica y Parinacota Policlínico Médico-Dental de Carabineros</td></tr><tr><td style="white-space:nowrap">101240<a name="CSEstablecimientoDestinoCodigo-101240"> </a></td><td>SEREMI De Arica y Parinacota Laboratorio Clínico San José Ltda.</td></tr><tr><td style="white-space:nowrap">101241<a name="CSEstablecimientoDestinoCodigo-101241"> </a></td><td>SEREMI De Arica y Parinacota Laboratorio Bionet</td></tr><tr><td style="white-space:nowrap">101242<a name="CSEstablecimientoDestinoCodigo-101242"> </a></td><td>SEREMI De Arica y Parinacota Laboratorio Clínico y Hematológico Diagnotest</td></tr><tr><td style="white-space:nowrap">101243<a name="CSEstablecimientoDestinoCodigo-101243"> </a></td><td>SEREMI De Arica y Parinacota Laboratorio Clínico Central</td></tr><tr><td style="white-space:nowrap">101244<a name="CSEstablecimientoDestinoCodigo-101244"> </a></td><td>SEREMI De Arica y Parinacota Laboratorio Clínico San Martín</td></tr><tr><td style="white-space:nowrap">101245<a name="CSEstablecimientoDestinoCodigo-101245"> </a></td><td>SEREMI De Arica y Parinacota Laboratorio Clínico Dialab</td></tr><tr><td style="white-space:nowrap">101246<a name="CSEstablecimientoDestinoCodigo-101246"> </a></td><td>SEREMI De Arica y Parinacota Laboratorio Clínico del Norte - Labonorte</td></tr><tr><td style="white-space:nowrap">101247<a name="CSEstablecimientoDestinoCodigo-101247"> </a></td><td>SEREMI De Arica y Parinacota Laboratorio Clínico Chungará</td></tr><tr><td style="white-space:nowrap">101248<a name="CSEstablecimientoDestinoCodigo-101248"> </a></td><td>SEREMI De Arica y Parinacota Laboratorio Clínico Biolascer</td></tr><tr><td style="white-space:nowrap">101300<a name="CSEstablecimientoDestinoCodigo-101300"> </a></td><td>Servicio de Salud Arica Centro de Salud Familiar Víctor Bertín Soto</td></tr><tr><td style="white-space:nowrap">101302<a name="CSEstablecimientoDestinoCodigo-101302"> </a></td><td>Servicio de Salud Arica Centro de Salud Familiar Dr. Amador Neghme de Arica</td></tr><tr><td style="white-space:nowrap">101303<a name="CSEstablecimientoDestinoCodigo-101303"> </a></td><td>Servicio de Salud Arica Centro de Salud Familiar E. U. Iris Véliz Hume (Ex Oriente)</td></tr><tr><td style="white-space:nowrap">101304<a name="CSEstablecimientoDestinoCodigo-101304"> </a></td><td>Servicio de Salud Arica Centro de Salud Familiar Putre</td></tr></table></div></text><url value="https://interoperabilidad.minsal.cl/fhir/ig/tei/CodeSystem/CSEstablecimientoDestinoCodigo"/><version value="0.1.6"/><name value="CSEstablecimientoDestinoCodigo"/><title value="Establecimiento Destino Codigo"/><status value="active"/><experimental value="false"/><date value="2023-01-15"/><publisher value="Unidad de Interoperabilidad - MINSAL"/><contact><name value="Unidad de Interoperabilidad - MINSAL"/><telecom><system value="url"/><value value="https://interoperabilidad.minsal.cl"/></telecom></contact><description value="Establecimiento Destino Codigo"/><jurisdiction><coding><system value="urn:iso:std:iso:3166"/><code value="CL"/><display value="Chile"/></coding></jurisdiction><caseSensitive value="true"/><content value="complete"/><count value="36"/><concept><code value="101012"/><display value="Servicio de Salud Arica Clínica Dental Móvil Simple. Pat. PW4076 (Arica)"/></concept><concept><code value="101090"/><display value="Servicio de Salud Arica Oficina Sanitaria Chacalluta"/></concept><concept><code value="101100"/><display value="Servicio de Salud Arica Hospital Dr. Juan Noé Crevanni (Arica)"/></concept><concept><code value="101203"/><display value="SEREMI De Arica y Parinacota Clínica Hebe"/></concept><concept><code value="101212"/><display value="SEREMI De Arica y Parinacota Clínica San Agustín"/></concept><concept><code value="101213"/><display value="SEREMI De Arica y Parinacota Clínica San José"/></concept><concept><code value="101214"/><display value="SEREMI De Arica y Parinacota Clínica Arica"/></concept><concept><code value="101215"/><display value="SEREMI De Arica y Parinacota Complejo Penitenciario"/></concept><concept><code value="101216"/><display value="SEREMI De Arica y Parinacota Servicio Médico Estudiantil U de Tarapacá"/></concept><concept><code value="101217"/><display value="SEREMI De Arica y Parinacota Centro Clínico Militar Arica"/></concept><concept><code value="101219"/><display value="SEREMI De Arica y Parinacota Policlínico del Trabajador AChS Arica"/></concept><concept><code value="101222"/><display value="SEREMI De Arica y Parinacota Instituto de Rehabilitación Infantil TELETÓN (Arica)"/></concept><concept><code value="101223"/><display value="SEREMI De Arica y Parinacota Centro Médico Monte Sinaí"/></concept><concept><code value="101224"/><display value="SEREMI De Arica y Parinacota Clínica Santo Domingo"/></concept><concept><code value="101225"/><display value="SEREMI De Arica y Parinacota Centro Integral de Salud"/></concept><concept><code value="101227"/><display value="SEREMI De Arica y Parinacota Policlínico Institucional de Gendarmería de Chile (Arica)"/></concept><concept><code value="101228"/><display value="SEREMI De Arica y Parinacota Policlínico del Agricultor"/></concept><concept><code value="101229"/><display value="SEREMI De Arica y Parinacota Centro Odontológico Arica"/></concept><concept><code value="101234"/><display value="SEREMI De Arica y Parinacota Centro de Salud Mutual CChC Arica"/></concept><concept><code value="101236"/><display value="SEREMI De Arica y Parinacota Centro Dental Megasalud SpA"/></concept><concept><code value="101237"/><display value="SEREMI De Arica y Parinacota Clínica Dr. Héctor Sánchez"/></concept><concept><code value="101238"/><display value="SEREMI De Arica y Parinacota Clínica Mella Arica y Compañía Ltda."/></concept><concept><code value="101239"/><display value="SEREMI De Arica y Parinacota Policlínico Médico-Dental de Carabineros"/></concept><concept><code value="101240"/><display value="SEREMI De Arica y Parinacota Laboratorio Clínico San José Ltda."/></concept><concept><code value="101241"/><display value="SEREMI De Arica y Parinacota Laboratorio Bionet"/></concept><concept><code value="101242"/><display value="SEREMI De Arica y Parinacota Laboratorio Clínico y Hematológico Diagnotest"/></concept><concept><code value="101243"/><display value="SEREMI De Arica y Parinacota Laboratorio Clínico Central"/></concept><concept><code value="101244"/><display value="SEREMI De Arica y Parinacota Laboratorio Clínico San Martín"/></concept><concept><code value="101245"/><display value="SEREMI De Arica y Parinacota Laboratorio Clínico Dialab"/></concept><concept><code value="101246"/><display value="SEREMI De Arica y Parinacota Laboratorio Clínico del Norte - Labonorte"/></concept><concept><code value="101247"/><display value="SEREMI De Arica y Parinacota Laboratorio Clínico Chungará"/></concept><concept><code value="101248"/><display value="SEREMI De Arica y Parinacota Laboratorio Clínico Biolascer"/></concept><concept><code value="101300"/><display value="Servicio de Salud Arica Centro de Salud Familiar Víctor Bertín Soto"/></concept><concept><code value="101302"/><display value="Servicio de Salud Arica Centro de Salud Familiar Dr. Amador Neghme de Arica"/></concept><concept><code value="101303"/><display value="Servicio de Salud Arica Centro de Salud Familiar E. U. Iris Véliz Hume (Ex Oriente)"/></concept><concept><code value="101304"/><display value="Servicio de Salud Arica Centro de Salud Familiar Putre"/></concept></CodeSystem>