<?xml version="1.0" encoding="UTF-8"?><CodeSystem xmlns="http://hl7.org/fhir"><id value="CSEstablecimientoDestino"/><text><status value="generated"/><div xmlns="http://www.w3.org/1999/xhtml"><p>This case-sensitive code system <code>https://interoperabilidad.minsal.cl/fhir/ig/tei/CodeSystem/CSEstablecimientoDestino</code> defines the following codes:</p><table class="codes"><tr><td style="white-space:nowrap"><b>Code</b></td><td><b>Display</b></td></tr><tr><td style="white-space:nowrap">200556<a name="CSEstablecimientoDestino-200556"> </a></td><td>Hospital Digital</td></tr><tr><td style="white-space:nowrap">201435<a name="CSEstablecimientoDestino-201435"> </a></td><td>Departamento de Asistencia Remota en Salud</td></tr><tr><td style="white-space:nowrap">133558<a name="CSEstablecimientoDestino-133558"> </a></td><td>Posta de Salud Rural Inio</td></tr><tr><td style="white-space:nowrap">133529<a name="CSEstablecimientoDestino-133529"> </a></td><td>Posta de Salud Rural Piedras Blancas</td></tr><tr><td style="white-space:nowrap">133527<a name="CSEstablecimientoDestino-133527"> </a></td><td>Posta de Salud Rural Punta Liles o Laitec</td></tr></table></div></text><url value="https://interoperabilidad.minsal.cl/fhir/ig/tei/CodeSystem/CSEstablecimientoDestino"/><version value="0.2.1"/><name value="CSEstablecimientoDestino"/><title value="Establecimiento Destino Codigo"/><status value="active"/><experimental value="false"/><date value="2023-01-15"/><publisher value="Unidad de Interoperabilidad - MINSAL"/><contact><name value="Unidad de Interoperabilidad - MINSAL"/><telecom><system value="url"/><value value="https://interoperabilidad.minsal.cl"/></telecom></contact><description value="Establecimiento Destino Codigo ejemplos hechos en base a este documento con los [Códigos DEIS del establecimientos](https://datos.gob.cl/dataset/establecimientos-de-salud-vigentes)"/><jurisdiction><coding><system value="urn:iso:std:iso:3166"/><code value="CL"/><display value="Chile"/></coding></jurisdiction><caseSensitive value="true"/><content value="complete"/><count value="5"/><concept><code value="200556"/><display value="Hospital Digital"/></concept><concept><code value="201435"/><display value="Departamento de Asistencia Remota en Salud"/></concept><concept><code value="133558"/><display value="Posta de Salud Rural Inio"/></concept><concept><code value="133529"/><display value="Posta de Salud Rural Piedras Blancas"/></concept><concept><code value="133527"/><display value="Posta de Salud Rural Punta Liles o Laitec"/></concept></CodeSystem>