<?xml version="1.0" encoding="UTF-8"?><CodeSystem xmlns="http://hl7.org/fhir"><id value="PueblosOriginariosCS"/><text><status value="generated"/><div xmlns="http://www.w3.org/1999/xhtml"><p>This case-sensitive code system <code>https://interoperabilidad.minsal.cl/fhir/ig/tei/CodeSystem/PueblosOriginariosCS</code> defines the following codes:</p><table class="codes"><tr><td style="white-space:nowrap"><b>Code</b></td><td><b>Display</b></td></tr><tr><td style="white-space:nowrap">01<a name="PueblosOriginariosCS-01"> </a></td><td>Mapuche</td></tr><tr><td style="white-space:nowrap">02<a name="PueblosOriginariosCS-02"> </a></td><td>Aymara</td></tr><tr><td style="white-space:nowrap">03<a name="PueblosOriginariosCS-03"> </a></td><td>Rapa Nui O Pascuense</td></tr><tr><td style="white-space:nowrap">04<a name="PueblosOriginariosCS-04"> </a></td><td>Lickanantay</td></tr><tr><td style="white-space:nowrap">05<a name="PueblosOriginariosCS-05"> </a></td><td>Quechua</td></tr><tr><td style="white-space:nowrap">06<a name="PueblosOriginariosCS-06"> </a></td><td>Colla</td></tr><tr><td style="white-space:nowrap">07<a name="PueblosOriginariosCS-07"> </a></td><td>Diaguita</td></tr><tr><td style="white-space:nowrap">08<a name="PueblosOriginariosCS-08"> </a></td><td>Kawésqar</td></tr><tr><td style="white-space:nowrap">09<a name="PueblosOriginariosCS-09"> </a></td><td>Yagán</td></tr><tr><td style="white-space:nowrap">11<a name="PueblosOriginariosCS-11"> </a></td><td>Chango</td></tr><tr><td style="white-space:nowrap">10<a name="PueblosOriginariosCS-10"> </a></td><td>Otro (Especificar)</td></tr></table></div></text><url value="https://interoperabilidad.minsal.cl/fhir/ig/tei/CodeSystem/PueblosOriginariosCS"/><version value="0.2.1"/><name value="PueblosOriginariosCS"/><title value="Pueblos Originarios de Chile"/><status value="draft"/><experimental value="true"/><date value="2024-06-27T13:53:42+00:00"/><publisher value="Unidad de Interoperabilidad - MINSAL"/><contact><name value="Unidad de Interoperabilidad - MINSAL"/><telecom><system value="url"/><value value="https://interoperabilidad.minsal.cl"/></telecom></contact><description value="Pueblos Originarios de Chile"/><jurisdiction><coding><system value="urn:iso:std:iso:3166"/><code value="CL"/><display value="Chile"/></coding></jurisdiction><caseSensitive value="true"/><content value="complete"/><count value="11"/><concept><code value="01"/><display value="Mapuche"/></concept><concept><code value="02"/><display value="Aymara"/></concept><concept><code value="03"/><display value="Rapa Nui O Pascuense"/></concept><concept><code value="04"/><display value="Lickanantay"/></concept><concept><code value="05"/><display value="Quechua"/></concept><concept><code value="06"/><display value="Colla"/></concept><concept><code value="07"/><display value="Diaguita"/></concept><concept><code value="08"/><display value="Kawésqar"/></concept><concept><code value="09"/><display value="Yagán"/></concept><concept><code value="11"/><display value="Chango"/></concept><concept><code value="10"/><display value="Otro (Especificar)"/></concept></CodeSystem>