<?xml version="1.0" encoding="UTF-8"?><ConceptMap xmlns="http://hl7.org/fhir"><id value="CMHipotesisDiagnosticaCodigoAConditionVerificationStatus"/><text><status value="extensions"/><div xmlns="http://www.w3.org/1999/xhtml"><p>Mapping from <a href="ValueSet-VSHipotesisDiagnosticaCodigo.html">HipotesisDiagnosticaCodigo</a> to <a href="http://terminology.hl7.org/5.5.0/ValueSet-condition-ver-status.html">ConditionVerificationStatus</a></p><p>DRAFT (not intended for production usage). Published on 2023-04-28 by Unidad de Interoperabilidad - MINSAL (Unidad de Interoperabilidad - MINSAL: <a href="https://interoperabilidad.minsal.cl">https://interoperabilidad.mins...</a>). </p><div><p>Mapping de codigos confirmación diagnostica a condition verfication status</p>
</div><br/><p><b>Group 1</b>Mapping from <a href="CodeSystem-CSHipotesisDiagnosticaCodigo.html">HipotesisDiagnosticaCodigo</a> to <a href="http://terminology.hl7.org/5.5.0/CodeSystem-condition-ver-status.html">ConditionVerificationStatus</a></p><table class="grid"><tr><td><b>Source Code</b></td><td><b>Relationship</b></td><td><b>Target Code</b></td></tr><tr><td>1 (Confirmada)</td><td><a href="http://hl7.org/fhir/extensions/5.1.0/CodeSystem-concept-map-equivalence.html#null"/></td><td>confirmed</td></tr><tr><td>2 (Descartada)</td><td><a href="http://hl7.org/fhir/extensions/5.1.0/CodeSystem-concept-map-equivalence.html#null"/></td><td>refuted</td></tr></table></div></text><url value="https://interoperabilidad.minsal.cl/fhir/ig/tei/ConceptMap/CMHipotesisDiagnosticaCodigoAConditionVerificationStatus"/><version value="0.1.6"/><name value="CMHipotesisDiagnosticaCodigoAConditionVerificationStatus"/><title value="CMHipotesisDiagnosticaCodigoAConditionVerificationStatus"/><status value="draft"/><experimental value="true"/><date value="2023-04-28"/><publisher value="Unidad de Interoperabilidad - MINSAL"/><contact><name value="Unidad de Interoperabilidad - MINSAL"/><telecom><system value="url"/><value value="https://interoperabilidad.minsal.cl"/></telecom></contact><description value="Mapping de codigos confirmación diagnostica a condition verfication status"/><jurisdiction><coding><system value="urn:iso:std:iso:3166"/><code value="CL"/><display value="Chile"/></coding></jurisdiction><sourceCanonical value="https://interoperabilidad.minsal.cl/fhir/ig/tei/ValueSet/VSHipotesisDiagnosticaCodigo"/><targetCanonical value="http://terminology.hl7.org/ValueSet/condition-ver-status"/><group><source value="https://interoperabilidad.minsal.cl/fhir/ig/tei/CodeSystem/CSHipotesisDiagnosticaCodigo"/><target value="http://terminology.hl7.org/CodeSystem/condition-ver-status"/><element><code value="1"/><display value="Confirmada"/><target><modifierExtension url="http://hl7.org/fhir/1.0/StructureDefinition/extension-ConceptMap.element.target.equivalence"><valueCode value="equivalent"/></modifierExtension><code value="confirmed"/><display value="Confirmed"/><equivalence value="equivalent"/></target></element><element><code value="2"/><display value="Descartada"/><target><modifierExtension url="http://hl7.org/fhir/1.0/StructureDefinition/extension-ConceptMap.element.target.equivalence"><valueCode value="equivalent"/></modifierExtension><code value="refuted"/><display value="Refuted"/><equivalence value="equivalent"/></target></element></group></ConceptMap>