<?xml version="1.0" encoding="UTF-8"?>

<Bundle xmlns="http://hl7.org/fhir">
  <id value="EjemploBundleReferencia"/>
  <meta>
    <lastUpdated value="2023-01-20T14:12:10Z"/>
    <profile value="https://interoperabilidad.minsal.cl/fhir/ig/tei/StructureDefinition/BundleReferenciarLE"/>
  </meta>
  <type value="message"/>
  <timestamp value="2023-02-09T17:15:22Z"/>
  <entry>
    <fullUrl value="http://acme.com/ehr/fhir/MessageHeader/EjemploMessageHeaderReferencia"/>
    <resource>
      <MessageHeader>
        <id value="EjemploMessageHeaderReferencia"/>
        <meta>
          <lastUpdated value="2023-02-13T14:12:10Z"/>
          <profile value="https://interoperabilidad.minsal.cl/fhir/ig/tei/StructureDefinition/MessageHeaderLE"/>
        </meta>
        <text>
          <status value="generated"/><div xmlns="http://www.w3.org/1999/xhtml"><p><b>Generated Narrative: MessageHeader</b><a name="EjemploMessageHeaderReferencia"> </a></p><div style="display: inline-block; background-color: #d9e0e7; padding: 6px; margin: 4px; border: 1px solid #8da1b4; border-radius: 5px; line-height: 60%"><p style="margin-bottom: 0px">Resource MessageHeader &quot;EjemploMessageHeaderReferencia&quot; Updated &quot;2023-02-13 14:12:10+0000&quot; </p><p style="margin-bottom: 0px">Profile: <a href="StructureDefinition-MessageHeaderLE.html">MessageHeader LE</a></p></div><p><b>event</b>: Referenciar (Details: https://interoperabilidad.minsal.cl/fhir/ig/tei/CodeSystem/CSTipoEventoLE code referenciar = 'Referenciar', stated as 'null')</p><p><b>author</b>: <a href="#PractitionerRole_EjemploPractitionerRoleReferenciadorMHREFERENCIADA">See above (PractitionerRole/EjemploPractitionerRoleReferenciadorMHREFERENCIADA)</a></p><h3>Sources</h3><table class="grid"><tr><td style="display: none">-</td><td><b>Software</b></td><td><b>Endpoint</b></td></tr><tr><td style="display: none">*</td><td>Software San Juan Dios (SSJD)</td><td><a href="http://link-to-sending.cl">http://link-to-sending.cl</a></td></tr></table><p><b>focus</b>: <a href="#ServiceRequest_EjemploServiceRequestReferenciada">See above (ServiceRequest/EjemploServiceRequestReferenciada)</a></p></div>
        </text>
        <eventCoding>
          <system value="https://interoperabilidad.minsal.cl/fhir/ig/tei/CodeSystem/CSTipoEventoLE"/>
          <code value="referenciar"/>
        </eventCoding>
        <author>
          <reference value="PractitionerRole/EjemploPractitionerRoleReferenciadorMHREFERENCIADA"/>
        </author>
        <source>
          <software value="Software San Juan Dios (SSJD)"/>
          <endpoint value="http://link-to-sending.cl"/>
        </source>
        <focus>
          <reference value="ServiceRequest/EjemploServiceRequestReferenciada"/>
        </focus>
      </MessageHeader>
    </resource>
  </entry>
  <entry>
    <fullUrl value="http://acme.com/ehr/fhir/ServiceRequest/EjemploServiceRequestReferenciada"/>
    <resource>
      <ServiceRequest>
        <id value="EjemploServiceRequestReferenciada"/>
        <meta>
          <profile value="https://interoperabilidad.minsal.cl/fhir/ig/tei/StructureDefinition/ServiceRequestLE"/>
        </meta>
        <text>
          <status value="extensions"/><div xmlns="http://www.w3.org/1999/xhtml"><p><b>Generated Narrative: ServiceRequest</b><a name="EjemploServiceRequestReferenciada"> </a></p><div style="display: inline-block; background-color: #d9e0e7; padding: 6px; margin: 4px; border: 1px solid #8da1b4; border-radius: 5px; line-height: 60%"><p style="margin-bottom: 0px">Resource ServiceRequest &quot;EjemploServiceRequestReferenciada&quot; </p><p style="margin-bottom: 0px">Profile: <a href="StructureDefinition-ServiceRequestLE.html">ServiceRequest LE</a></p></div><p><b>Estado Interconsulta Codigo</b>: A la espera de revisión <span style="background: LightGoldenRodYellow; margin: 4px; border: 1px solid khaki"> (<a href="CodeSystem-CSEstadoInterconsulta.html">Estado Interconsulta</a>#2)</span></p><p><b>Especialidad Médica Destino Código</b>: CARDIOLOGÍA <span style="background: LightGoldenRodYellow; margin: 4px; border: 1px solid khaki"> (<a href="CodeSystem-CSEspecialidadMed.html">EspecialidadMed</a>#3)</span></p><p><b>SubEspecialidad Médica Destino Código</b>: CIRUGÍA GENERAL <span style="background: LightGoldenRodYellow; margin: 4px; border: 1px solid khaki"> (<a href="CodeSystem-CSEspecialidadMed.html">EspecialidadMed</a>#4)</span></p><p><b>identifier</b>: IdInterconsulta/323121</p><p><b>status</b>: draft</p><p><b>intent</b>: order</p><p><b>code</b>: Referral to cardiology service <span style="background: LightGoldenRodYellow; margin: 4px; border: 1px solid khaki"> (<a href="https://browser.ihtsdotools.org/">SNOMED CT</a>#183519002)</span></p><p><b>subject</b>: <a href="Patient-EjemploPatient.html">Patient/EjemploPatient: Anibal Diaz Cortés</a> &quot; DIAZ&quot;</p><p><b>performer</b>: <a href="#PractitionerRole_EjemploPractitionerRoleReferenciadorMHREFERENCIADA">See above (PractitionerRole/EjemploPractitionerRoleReferenciadorMHREFERENCIADA)</a></p><p><b>locationCode</b>: Motivo derivación <span style="background: LightGoldenRodYellow; margin: 4px; border: 1px solid khaki"> (<a href="CodeSystem-CSDestinoReferenciaCodigo.html">Destino Referencia Codigo</a>#1)</span></p><p><b>supportingInfo</b>: <a href="Observation-EjemploObservationDiscapacidad.html">Observation/EjemploObservationDiscapacidad: Referencia a la observación de si el paciente presenta discapacidad</a></p></div>
        </text>
        <extension url="https://interoperabilidad.minsal.cl/fhir/ig/tei/StructureDefinition/EstadoInterconsultaCodigoLE">
          <valueCodeableConcept>
            <coding>
              <system value="https://interoperabilidad.minsal.cl/fhir/ig/tei/CodeSystem/CSEstadoInterconsulta"/>
              <code value="2"/>
            </coding>
          </valueCodeableConcept>
        </extension>
        <extension url="https://interoperabilidad.minsal.cl/fhir/ig/tei/StructureDefinition/EspecialidadMedicaDestinoCodigo">
          <valueCodeableConcept>
            <coding>
              <system value="https://interoperabilidad.minsal.cl/fhir/ig/tei/CodeSystem/CSEspecialidadMed"/>
              <code value="3"/>
            </coding>
          </valueCodeableConcept>
        </extension>
        <extension url="https://interoperabilidad.minsal.cl/fhir/ig/tei/StructureDefinition/SubEspecialidadMedicaDestinoCodigo">
          <valueCodeableConcept>
            <coding>
              <system value="https://interoperabilidad.minsal.cl/fhir/ig/tei/CodeSystem/CSEspecialidadMed"/>
              <code value="4"/>
            </coding>
          </valueCodeableConcept>
        </extension>
        <identifier>
          <type>
            <coding>
              <system value="http://terminology.cens.cl/CodeSystem/listaespera"/>
              <code value="IdInterconsulta"/>
            </coding>
          </type>
          <value value="323121"/>
        </identifier>
        <status value="draft"/>
        <intent value="order"/>
        <code>
          <coding>
            <system value="http://snomed.info/sct"/>
            <code value="183519002"/>
          </coding>
        </code>
        <subject>
          <reference value="Patient/EjemploPatient"/>
          <display value="Anibal Diaz Cortés"/>
        </subject>
        <performer>
          <reference value="PractitionerRole/EjemploPractitionerRoleReferenciadorMHREFERENCIADA"/>
        </performer>
        <locationCode>
          <coding>
            <system value="https://interoperabilidad.minsal.cl/fhir/ig/tei/CodeSystem/CSDestinoReferenciaCodigo"/>
            <code value="1"/>
          </coding>
          <text value="Motivo derivación"/>
        </locationCode>
        <supportingInfo>
          <reference value="Observation/EjemploObservationDiscapacidad"/>
          <display value="Referencia a la observación de si el paciente presenta discapacidad"/>
        </supportingInfo>
      </ServiceRequest>
    </resource>
  </entry>
  <entry>
    <fullUrl value="http://acme.com/ehr/fhir/PractitionerRole/EjemploPractitionerRoleReferenciadorMHREFERENCIADA"/>
    <resource>
      <PractitionerRole>
        <id value="EjemploPractitionerRoleReferenciadorMHREFERENCIADA"/>
        <meta>
          <profile value="https://interoperabilidad.minsal.cl/fhir/ig/tei/StructureDefinition/PractitionerRoleLE"/>
        </meta>
        <text>
          <status value="generated"/><div xmlns="http://www.w3.org/1999/xhtml"><p><b>Generated Narrative: PractitionerRole</b><a name="EjemploPractitionerRoleReferenciadorMHREFERENCIADA"> </a></p><div style="display: inline-block; background-color: #d9e0e7; padding: 6px; margin: 4px; border: 1px solid #8da1b4; border-radius: 5px; line-height: 60%"><p style="margin-bottom: 0px">Resource PractitionerRole &quot;EjemploPractitionerRoleReferenciadorMHREFERENCIADA&quot; </p><p style="margin-bottom: 0px">Profile: <a href="StructureDefinition-PractitionerRoleLE.html">PractitionerRole LE</a></p></div><p><b>practitioner</b>: <a href="#Practitioner_EjemploPractitionerReferenciadorMHREFERENCIADA">See above (Practitioner/EjemploPractitionerReferenciadorMHREFERENCIADA)</a></p><p><b>organization</b>: <a href="Organization-EjemploOrganizationReferencia.html">Organization/EjemploOrganizationReferencia</a></p><p><b>code</b>: Referenciador <span style="background: LightGoldenRodYellow; margin: 4px; border: 1px solid khaki"> (<a href="CodeSystem-CSPractitionerTipoRolLE.html">Rol de médicos</a>#referenciador)</span></p></div>
        </text>
        <practitioner>
          <reference value="Practitioner/EjemploPractitionerReferenciadorMHREFERENCIADA"/>
        </practitioner>
        <organization>
          <reference value="Organization/EjemploOrganizationReferencia"/>
        </organization>
        <code>
          <coding>
            <system value="https://interoperabilidad.minsal.cl/fhir/ig/tei/CodeSystem/CSPractitionerTipoRolLE"/>
            <code value="referenciador"/>
          </coding>
        </code>
      </PractitionerRole>
    </resource>
  </entry>
  <entry>
    <fullUrl value="http://acme.com/ehr/fhir/PractitionerRole/EjemploPractitionerRoleAtendedorSRREFERENCIADA"/>
    <resource>
      <PractitionerRole>
        <id value="EjemploPractitionerRoleAtendedorSRREFERENCIADA"/>
        <meta>
          <profile value="https://interoperabilidad.minsal.cl/fhir/ig/tei/StructureDefinition/PractitionerRoleLE"/>
        </meta>
        <text>
          <status value="generated"/><div xmlns="http://www.w3.org/1999/xhtml"><p><b>Generated Narrative: PractitionerRole</b><a name="EjemploPractitionerRoleAtendedorSRREFERENCIADA"> </a></p><div style="display: inline-block; background-color: #d9e0e7; padding: 6px; margin: 4px; border: 1px solid #8da1b4; border-radius: 5px; line-height: 60%"><p style="margin-bottom: 0px">Resource PractitionerRole &quot;EjemploPractitionerRoleAtendedorSRREFERENCIADA&quot; </p><p style="margin-bottom: 0px">Profile: <a href="StructureDefinition-PractitionerRoleLE.html">PractitionerRole LE</a></p></div><p><b>organization</b>: <a href="Organization-EjemploOrganizationReferencia.html">Organization/EjemploOrganizationReferencia</a></p><p><b>code</b>: Atendedor <span style="background: LightGoldenRodYellow; margin: 4px; border: 1px solid khaki"> (<a href="CodeSystem-CSPractitionerTipoRolLE.html">Rol de médicos</a>#atendedor)</span></p></div>
        </text>
        <organization>
          <reference value="Organization/EjemploOrganizationReferencia"/>
        </organization>
        <code>
          <coding>
            <system value="https://interoperabilidad.minsal.cl/fhir/ig/tei/CodeSystem/CSPractitionerTipoRolLE"/>
            <code value="atendedor"/>
          </coding>
        </code>
      </PractitionerRole>
    </resource>
  </entry>
  <entry>
    <fullUrl value="http://acme.com/ehr/fhir/Practitioner/EjemploPractitionerReferenciadorMHREFERENCIADA"/>
    <resource>
      <Practitioner>
        <id value="EjemploPractitionerReferenciadorMHREFERENCIADA"/>
        <meta>
          <profile value="https://interoperabilidad.minsal.cl/fhir/ig/tei/StructureDefinition/PrestadorProfesionalLE"/>
        </meta>
        <text>
          <status value="extensions"/><div xmlns="http://www.w3.org/1999/xhtml"><p><b>Generated Narrative: Practitioner</b><a name="EjemploPractitionerReferenciadorMHREFERENCIADA"> </a></p><div style="display: inline-block; background-color: #d9e0e7; padding: 6px; margin: 4px; border: 1px solid #8da1b4; border-radius: 5px; line-height: 60%"><p style="margin-bottom: 0px">Resource Practitioner &quot;EjemploPractitionerReferenciadorMHREFERENCIADA&quot; </p><p style="margin-bottom: 0px">Profile: <a href="StructureDefinition-PrestadorProfesionalLE.html">Prestador Profesional LE</a></p></div><p><b>Codigo de Identificación de países</b>: Chile <span style="background: LightGoldenRodYellow; margin: 4px; border: 1px solid khaki"> (<a href="https://hl7chile.cl/fhir/ig/clcore/1.8.5/CodeSystem-CodPais.html">Códigos de Países</a>#152)</span></p><p><b>identifier</b>: 1/32.333.333-3 (use: OFFICIAL), 2/123884 (use: OFFICIAL), 4/123884 (use: SECONDARY)</p><p><b>active</b>: true</p><p><b>name</b>: Ernesto Sepulveda (OFFICIAL)</p><p><b>telecom</b>: <a href="tel:+56982460152">+56982460152</a></p><p><b>gender</b>: female</p><p><b>birthDate</b>: 1982-08-24</p><blockquote><p><b>qualification</b></p><p><b>identifier</b>: esp</p><p><b>code</b>: Cirujano Cardiovascular <span style="background: LightGoldenRodYellow; margin: 4px; border: 1px solid khaki"> (<a href="CodeSystem-CSTituloProfesional.html">TituloProfesional</a>#1 &quot;MÉDICO CIRUJANO&quot;)</span></p><p><b>period</b>: 2023-01-01 --&gt; 2100-01-31</p></blockquote><blockquote><p><b>qualification</b></p><p><b>identifier</b>: subesp</p><p><b>code</b>: CardiologíaCardiotorácico <span style="background: LightGoldenRodYellow; margin: 4px; border: 1px solid khaki"> (<a href="CodeSystem-CSTituloProfesional.html">TituloProfesional</a>#1 &quot;MÉDICO CIRUJANO&quot;)</span></p><p><b>period</b>: 2024-01-01 --&gt; 2100-01-31</p></blockquote></div>
        </text>
        <extension url="https://hl7chile.cl/fhir/ig/clcore/StructureDefinition/CodigoPaises">
          <valueCodeableConcept>
            <coding>
              <system value="https://hl7chile.cl/fhir/ig/clcore/CodeSystem/CodPais"/>
              <code value="152"/>
              <display value="Chile"/>
            </coding>
          </valueCodeableConcept>
        </extension>
        <identifier>
          <use value="official"/>
          <type>
            <coding>
              <system value="https://interoperabilidad.minsal.cl/fhir/ig/hpd/CodeSystem/VSTipoIdentificadorDEIS"/>
              <code value="1"/>
            </coding>
          </type>
          <system value="https://api.cl/system/run"/>
          <value value="32.333.333-3"/>
        </identifier>
        <identifier>
          <use value="official"/>
          <type>
            <coding>
              <system value="https://interoperabilidad.minsal.cl/fhir/ig/hpd/CodeSystem/VSTipoIdentificadorDEIS"/>
              <code value="2"/>
            </coding>
          </type>
          <value value="123884"/>
        </identifier>
        <identifier>
          <use value="secondary"/>
          <type>
            <coding>
              <system value="https://interoperabilidad.minsal.cl/fhir/ig/hpd/CodeSystem/VSTipoIdentificadorDEIS"/>
              <code value="4"/>
            </coding>
          </type>
          <value value="123884"/>
        </identifier>
        <active value="true"/>
        <name>
          <use value="official"/>
          <family value="Sepulveda">
            <extension url="https://hl7chile.cl/fhir/ig/clcore/StructureDefinition/SegundoApellido">
              <valueString value="Sierra"/>
            </extension>
          </family>
          <given value="Ernesto"/>
        </name>
        <telecom>
          <system value="phone"/>
          <value value="+56982460152"/>
          <use value="home"/>
          <rank value="1"/>
        </telecom>
        <gender value="female"/>
        <birthDate value="1982-08-24"/>
        <qualification>
          <identifier>
            <value value="esp"/>
          </identifier>
          <code>
            <coding>
              <system value="https://interoperabilidad.minsal.cl/fhir/ig/tei/CodeSystem/CSTituloProfesional"/>
              <code value="1"/>
              <display value="MÉDICO CIRUJANO"/>
            </coding>
            <text value="Cirujano Cardiovascular"/>
          </code>
          <period>
            <start value="2023-01-01"/>
            <end value="2100-01-31"/>
          </period>
        </qualification>
        <qualification>
          <identifier>
            <value value="subesp"/>
          </identifier>
          <code>
            <coding>
              <system value="https://interoperabilidad.minsal.cl/fhir/ig/tei/CodeSystem/CSTituloProfesional"/>
              <code value="1"/>
              <display value="MÉDICO CIRUJANO"/>
            </coding>
            <text value="CardiologíaCardiotorácico"/>
          </code>
          <period>
            <start value="2024-01-01"/>
            <end value="2100-01-31"/>
          </period>
        </qualification>
      </Practitioner>
    </resource>
  </entry>
  <entry>
    <fullUrl value="http://acme.com/ehr/fhir/Organization/EjemploOrganizationReferenciadorMHREFERENCIADA"/>
    <resource>
      <Organization>
        <id value="EjemploOrganizationReferenciadorMHREFERENCIADA"/>
        <meta>
          <profile value="https://interoperabilidad.minsal.cl/fhir/ig/tei/StructureDefinition/OrganizationLE"/>
        </meta>
        <text>
          <status value="generated"/><div xmlns="http://www.w3.org/1999/xhtml"><p><b>Generated Narrative: Organization</b><a name="EjemploOrganizationReferenciadorMHREFERENCIADA"> </a></p><div style="display: inline-block; background-color: #d9e0e7; padding: 6px; margin: 4px; border: 1px solid #8da1b4; border-radius: 5px; line-height: 60%"><p style="margin-bottom: 0px">Resource Organization &quot;EjemploOrganizationReferenciadorMHREFERENCIADA&quot; </p><p style="margin-bottom: 0px">Profile: <a href="StructureDefinition-OrganizationLE.html">Organization LE</a></p></div><p><b>identifier</b>: 116309/Centro de Salud Familiar San Juan Dios</p></div>
        </text>
        <identifier>
          <type>
            <coding>
              <system value="http://minsal.cl/deis/establecimientos"/>
              <code value="116309"/>
            </coding>
          </type>
          <value value="Centro de Salud Familiar San Juan Dios"/>
        </identifier>
      </Organization>
    </resource>
  </entry>
  <entry>
    <fullUrl value="http://acme.com/ehr/fhir/Organization/EjemploOrganizationAtender"/>
    <resource>
      <Organization>
        <id value="EjemploOrganizationAtender"/>
        <meta>
          <profile value="https://interoperabilidad.minsal.cl/fhir/ig/tei/StructureDefinition/OrganizationLE"/>
        </meta>
        <text>
          <status value="generated"/><div xmlns="http://www.w3.org/1999/xhtml"><p><b>Generated Narrative: Organization</b><a name="EjemploOrganizationAtender"> </a></p><div style="display: inline-block; background-color: #d9e0e7; padding: 6px; margin: 4px; border: 1px solid #8da1b4; border-radius: 5px; line-height: 60%"><p style="margin-bottom: 0px">Resource Organization &quot;EjemploOrganizationAtender&quot; </p><p style="margin-bottom: 0px">Profile: <a href="StructureDefinition-OrganizationLE.html">Organization LE</a></p></div><p><b>identifier</b>: 124232/Hospital Linares</p></div>
        </text>
        <identifier>
          <type>
            <coding>
              <system value="http://minsal.cl/deis/establecimientos"/>
              <code value="124232"/>
            </coding>
          </type>
          <value value="Hospital Linares"/>
        </identifier>
      </Organization>
    </resource>
  </entry>
</Bundle>