{
  "resourceType" : "CodeSystem",
  "id" : "CSEspecialidadOdont",
  "text" : {
    "status" : "generated",
    "div" : "<div xmlns=\"http://www.w3.org/1999/xhtml\"><p>This case-sensitive code system <code>https://interoperabilidad.minsal.cl/fhir/ig/tei/CodeSystem/CSEspecialidadOdont</code> defines the following codes:</p><table class=\"codes\"><tr><td style=\"white-space:nowrap\"><b>Code</b></td><td><b>Display</b></td></tr><tr><td style=\"white-space:nowrap\">1<a name=\"CSEspecialidadOdont-1\"> </a></td><td>Cirugía y Traumatología Buco Maxilofacial</td></tr><tr><td style=\"white-space:nowrap\">2<a name=\"CSEspecialidadOdont-2\"> </a></td><td>Cirugía Bucal</td></tr><tr><td style=\"white-space:nowrap\">3<a name=\"CSEspecialidadOdont-3\"> </a></td><td>Endodoncia</td></tr><tr><td style=\"white-space:nowrap\">4<a name=\"CSEspecialidadOdont-4\"> </a></td><td>Imagenología Oral y Maxilofacial</td></tr><tr><td style=\"white-space:nowrap\">5<a name=\"CSEspecialidadOdont-5\"> </a></td><td>Implantología Buco Maxilofacial</td></tr><tr><td style=\"white-space:nowrap\">6<a name=\"CSEspecialidadOdont-6\"> </a></td><td>Odontología legal</td></tr><tr><td style=\"white-space:nowrap\">7<a name=\"CSEspecialidadOdont-7\"> </a></td><td>Odontopediatría</td></tr><tr><td style=\"white-space:nowrap\">8<a name=\"CSEspecialidadOdont-8\"> </a></td><td>Ortodoncia y Ortopedia Dento Máxilo Facial</td></tr><tr><td style=\"white-space:nowrap\">9<a name=\"CSEspecialidadOdont-9\"> </a></td><td>Patología Oral</td></tr><tr><td style=\"white-space:nowrap\">10<a name=\"CSEspecialidadOdont-10\"> </a></td><td>Periodoncia</td></tr><tr><td style=\"white-space:nowrap\">11<a name=\"CSEspecialidadOdont-11\"> </a></td><td>Rehabilitación Oral</td></tr><tr><td style=\"white-space:nowrap\">12<a name=\"CSEspecialidadOdont-12\"> </a></td><td>Salud Pública</td></tr><tr><td style=\"white-space:nowrap\">13<a name=\"CSEspecialidadOdont-13\"> </a></td><td>Somato-Prótesis</td></tr><tr><td style=\"white-space:nowrap\">14<a name=\"CSEspecialidadOdont-14\"> </a></td><td>Trastornos Temporomandibulares Y Dolor Orofacial</td></tr></table></div>"
  },
  "url" : "https://interoperabilidad.minsal.cl/fhir/ig/tei/CodeSystem/CSEspecialidadOdont",
  "version" : "0.9.1",
  "name" : "CSEspecialidadOdont",
  "title" : "Especialidades Odontológicas",
  "status" : "active",
  "experimental" : false,
  "date" : "2023-01-15",
  "publisher" : "Unidad de Interoperabilidad - MINSAL",
  "contact" : [{
    "name" : "Unidad de Interoperabilidad - MINSAL",
    "telecom" : [{
      "system" : "url",
      "value" : "https://interoperabilidad.minsal.cl"
    }]
  }],
  "description" : "Especialidades Odontológicas",
  "jurisdiction" : [{
    "coding" : [{
      "system" : "urn:iso:std:iso:3166",
      "code" : "CL",
      "display" : "Chile"
    }]
  }],
  "caseSensitive" : true,
  "content" : "complete",
  "count" : 14,
  "concept" : [{
    "code" : "1",
    "display" : "Cirugía y Traumatología Buco Maxilofacial"
  },
  {
    "code" : "2",
    "display" : "Cirugía Bucal"
  },
  {
    "code" : "3",
    "display" : "Endodoncia"
  },
  {
    "code" : "4",
    "display" : "Imagenología Oral y Maxilofacial"
  },
  {
    "code" : "5",
    "display" : "Implantología Buco Maxilofacial"
  },
  {
    "code" : "6",
    "display" : "Odontología legal"
  },
  {
    "code" : "7",
    "display" : "Odontopediatría"
  },
  {
    "code" : "8",
    "display" : "Ortodoncia y Ortopedia Dento Máxilo Facial"
  },
  {
    "code" : "9",
    "display" : "Patología Oral"
  },
  {
    "code" : "10",
    "display" : "Periodoncia"
  },
  {
    "code" : "11",
    "display" : "Rehabilitación Oral"
  },
  {
    "code" : "12",
    "display" : "Salud Pública"
  },
  {
    "code" : "13",
    "display" : "Somato-Prótesis"
  },
  {
    "code" : "14",
    "display" : "Trastornos Temporomandibulares Y Dolor Orofacial"
  }]
}