<?xml version="1.0" encoding="UTF-8"?>

<CodeSystem xmlns="http://hl7.org/fhir">
  <id value="PueblosOriginariosCS"/>
  <text>
    <status value="generated"/><div xmlns="http://www.w3.org/1999/xhtml">Placeholder</div>
  </text>
  <url value="https://interoperabilidad.minsal.cl/fhir/ig/tei/CodeSystem/PueblosOriginariosCS"/>
  <version value="0.1.5"/>
  <name value="PueblosOriginariosCS"/>
  <title value="Pueblos Originarios de Chile"/>
  <status value="draft"/>
  <experimental value="true"/>
  <date value="2023-11-21T15:26:12+00:00"/>
  <publisher value="Unidad de Interoperabilidad - MINSAL"/>
  <contact>
    <name value="Unidad de Interoperabilidad - MINSAL"/>
    <telecom>
      <system value="url"/>
      <value value="https://interoperabilidad.minsal.cl"/>
    </telecom>
  </contact>
  <description value="Pueblos Originarios de Chile"/>
  <jurisdiction>
    <coding>
      <system value="urn:iso:std:iso:3166"/>
      <code value="CL"/>
      <display value="Chile"/>
    </coding>
  </jurisdiction>
  <caseSensitive value="true"/>
  <content value="complete"/>
  <count value="11"/>
  <concept>
    <code value="01"/>
    <display value="Mapuche"/>
  </concept>
  <concept>
    <code value="02"/>
    <display value="Aymara"/>
  </concept>
  <concept>
    <code value="03"/>
    <display value="Rapa Nui o pascuense"/>
  </concept>
  <concept>
    <code value="04"/>
    <display value="Lickanatay"/>
  </concept>
  <concept>
    <code value="05"/>
    <display value="Quechua"/>
  </concept>
  <concept>
    <code value="06"/>
    <display value="Colla"/>
  </concept>
  <concept>
    <code value="07"/>
    <display value="Diaguita"/>
  </concept>
  <concept>
    <code value="08"/>
    <display value="Kaweskar"/>
  </concept>
  <concept>
    <code value="09"/>
    <display value="Yagan"/>
  </concept>
  <concept>
    <code value="10"/>
    <display value="Chango"/>
  </concept>
  <concept>
    <code value="96"/>
    <display value="Otro (Especificar)"/>
  </concept>
</CodeSystem>