{
  "resourceType" : "CodeSystem",
  "id" : "CSPertinenciaInterconsulta",
  "text" : {
    "status" : "generated",
    "div" : "<div xmlns=\"http://www.w3.org/1999/xhtml\"><p>This case-sensitive code system <code>https://interoperabilidad.minsal.cl/fhir/ig/tei/CodeSystem/CSPertinenciaInterconsulta</code> defines the following codes:</p><table class=\"codes\"><tr><td style=\"white-space:nowrap\"><b>Code</b></td><td><b>Display</b></td></tr><tr><td style=\"white-space:nowrap\">1<a name=\"CSPertinenciaInterconsulta-1\"> </a></td><td>Pertinente</td></tr><tr><td style=\"white-space:nowrap\">2<a name=\"CSPertinenciaInterconsulta-2\"> </a></td><td>Incompleta</td></tr><tr><td style=\"white-space:nowrap\">3<a name=\"CSPertinenciaInterconsulta-3\"> </a></td><td>No Pertinente</td></tr></table></div>"
  },
  "url" : "https://interoperabilidad.minsal.cl/fhir/ig/tei/CodeSystem/CSPertinenciaInterconsulta",
  "version" : "0.1.7",
  "name" : "CSPertinenciaInterconsulta",
  "title" : "Pertinencia Interconsulta",
  "status" : "active",
  "experimental" : false,
  "date" : "2023-01-15",
  "publisher" : "Unidad de Interoperabilidad - MINSAL",
  "contact" : [{
    "name" : "Unidad de Interoperabilidad - MINSAL",
    "telecom" : [{
      "system" : "url",
      "value" : "https://interoperabilidad.minsal.cl"
    }]
  }],
  "description" : "Pertinencia Interconsulta",
  "jurisdiction" : [{
    "coding" : [{
      "system" : "urn:iso:std:iso:3166",
      "code" : "CL",
      "display" : "Chile"
    }]
  }],
  "caseSensitive" : true,
  "content" : "complete",
  "count" : 3,
  "concept" : [{
    "code" : "1",
    "display" : "Pertinente"
  },
  {
    "code" : "2",
    "display" : "Incompleta"
  },
  {
    "code" : "3",
    "display" : "No Pertinente"
  }]
}