{
  "resourceType" : "ServiceRequest",
  "id" : "EjemploServiceRequestAtender",
  "meta" : {
    "profile" : ["https://interoperabilidad.minsal.cl/fhir/ig/tei/StructureDefinition/ServiceRequestLE"]
  },
  "text" : {
    "status" : "extensions",
    "div" : "<div xmlns=\"http://www.w3.org/1999/xhtml\"><p><b>Generated Narrative: ServiceRequest</b><a name=\"EjemploServiceRequestAtender\"> </a></p><div style=\"display: inline-block; background-color: #d9e0e7; padding: 6px; margin: 4px; border: 1px solid #8da1b4; border-radius: 5px; line-height: 60%\"><p style=\"margin-bottom: 0px\">Resource ServiceRequest &quot;EjemploServiceRequestAtender&quot; </p><p style=\"margin-bottom: 0px\">Profile: <a href=\"StructureDefinition-ServiceRequestLE.html\">ServiceRequest LE</a></p></div><p><b>Estado Interconsulta Codigo</b>: A la espera de cierre <span style=\"background: LightGoldenRodYellow; margin: 4px; border: 1px solid khaki\"> (<a href=\"CodeSystem-CSEstadoInterconsulta.html\">Estado Interconsulta</a>#6)</span></p><p><b>Destino Atención Codigo</b>: Control <span style=\"background: LightGoldenRodYellow; margin: 4px; border: 1px solid khaki\"> (<a href=\"CodeSystem-CSConsecuenciaAtencionCodigo.html\">Destino Atención Codigo</a>#1)</span></p><p><b>identifier</b>: IdInterconsulta/323121</p><p><b>status</b>: draft</p><p><b>intent</b>: order</p><p><b>subject</b>: <a href=\"Patient-EjemploPatient.html\">Patient/EjemploPatient: Anibal Diaz Cortés</a> &quot; DIAZ&quot;</p><p><b>performer</b>: <a href=\"http://acme.com/ehr/fhir/PractitionerRole/atender\">http://acme.com/ehr/fhir/PractitionerRole/atender</a></p><p><b>supportingInfo</b>: <a href=\"Observation-EjemploObservationDiscapacidad.html\">Observation/EjemploObservationDiscapacidad: Referencia a la observación de si el paciente presenta discapacidad</a></p></div>"
  },
  "extension" : [{
    "url" : "https://interoperabilidad.minsal.cl/fhir/ig/tei/StructureDefinition/EstadoInterconsultaCodigoLE",
    "valueCodeableConcept" : {
      "coding" : [{
        "system" : "https://interoperabilidad.minsal.cl/fhir/ig/tei/CodeSystem/CSEstadoInterconsulta",
        "code" : "6"
      }]
    }
  },
  {
    "url" : "https://interoperabilidad.minsal.cl/fhir/ig/tei/StructureDefinition/ConsecuenciaAtencionCodigo",
    "valueCodeableConcept" : {
      "coding" : [{
        "system" : "https://interoperabilidad.minsal.cl/fhir/ig/tei/CodeSystem/CSConsecuenciaAtencionCodigo",
        "code" : "1"
      }]
    }
  }],
  "identifier" : [{
    "type" : {
      "coding" : [{
        "system" : "http://terminology.cens.cl/CodeSystem/listaespera",
        "code" : "IdInterconsulta"
      }]
    },
    "value" : "323121"
  }],
  "status" : "draft",
  "intent" : "order",
  "subject" : {
    "reference" : "Patient/EjemploPatient",
    "display" : "Anibal Diaz Cortés"
  },
  "performer" : [{
    "reference" : "http://acme.com/ehr/fhir/PractitionerRole/atender"
  }],
  "supportingInfo" : [{
    "reference" : "Observation/EjemploObservationDiscapacidad",
    "display" : "Referencia a la observación de si el paciente presenta discapacidad"
  }]
}