{
  "codeSystems" : [
    {
      "url" : "https://interoperabilidad.minsal.cl/fhir/ig/tei/ValueSet/CodigoExamen",
      "version" : "0.1.6",
      "status" : "active",
      "name" : "CodigoExamen",
      "title" : "Códigos de Examenes",
      "description" : "Codigos de Examenes",
      "systems" : ["http://loinc.org"]
    },
    {
      "url" : "https://interoperabilidad.minsal.cl/fhir/ig/tei/ValueSet/PueblosOriginariosVS",
      "version" : "0.1.6",
      "status" : "draft",
      "name" : "PueblosOriginariosVS",
      "title" : "Pueblos Originarios de Chile",
      "description" : "Pueblos Originarios de Chile",
      "systems" : [
        "https://interoperabilidad.minsal.cl/fhir/ig/tei/CodeSystem/PueblosOriginariosCS"
      ]
    },
    {
      "url" : "https://interoperabilidad.minsal.cl/fhir/ig/tei/ValueSet/VSConsecuenciaAtencionCodigo",
      "version" : "0.1.6",
      "status" : "active",
      "name" : "VSConsecuenciaAtencionCodigo",
      "title" : "Consecuencia Atención Codigo",
      "description" : "Consecuencia Atención Codigo",
      "systems" : [
        "https://interoperabilidad.minsal.cl/fhir/ig/tei/CodeSystem/CSConsecuenciaAtencionCodigo"
      ]
    },
    {
      "url" : "https://interoperabilidad.minsal.cl/fhir/ig/tei/ValueSet/VSDerivadoParaCodigo",
      "version" : "0.1.6",
      "status" : "active",
      "name" : "VSDerivadoParaCodigo",
      "title" : "Derivado Para",
      "description" : "Derivado Para",
      "systems" : [
        "https://interoperabilidad.minsal.cl/fhir/ig/tei/CodeSystem/CSDerivadoParaCodigo"
      ]
    },
    {
      "url" : "https://interoperabilidad.minsal.cl/fhir/ig/tei/ValueSet/VSDestinoReferenciaCodigo",
      "version" : "0.1.6",
      "status" : "active",
      "name" : "VSDestinoReferenciaCodigo",
      "title" : "Destino Referencia Codigo",
      "description" : "Destino Referencia Codigo",
      "systems" : [
        "https://interoperabilidad.minsal.cl/fhir/ig/tei/CodeSystem/CSDestinoReferenciaCodigo"
      ]
    },
    {
      "url" : "https://interoperabilidad.minsal.cl/fhir/ig/tei/ValueSet/VSDocAcreditacionCuidador",
      "version" : "0.1.6",
      "status" : "active",
      "name" : "VSDocAcreditacionCuidador",
      "title" : "Documento Acreditacion Cuidador",
      "description" : "Documento Acreditacion Cuidador",
      "systems" : [
        "https://interoperabilidad.minsal.cl/fhir/ig/tei/CodeSystem/CSDocAcreditacionCuidador"
      ]
    },
    {
      "url" : "https://interoperabilidad.minsal.cl/fhir/ig/tei/ValueSet/VSEspecialidadBioqca",
      "version" : "0.1.6",
      "status" : "active",
      "name" : "VSEspecialidadBioqca",
      "title" : "Especialidades y Subespecialidades Bioquímicas",
      "description" : "Especialidades y Subespecialidades Bioquímicas",
      "systems" : [
        "https://interoperabilidad.minsal.cl/fhir/ig/tei/CodeSystem/CSEspecialidadBioqca"
      ]
    },
    {
      "url" : "https://interoperabilidad.minsal.cl/fhir/ig/tei/ValueSet/VSEspecialidadFarma",
      "version" : "0.1.6",
      "status" : "active",
      "name" : "VSEspecialidadFarma",
      "title" : "Especialidades Farmaceúticas o Química Farmaceúticas",
      "description" : "Especialidades Farmaceúticas o Química Farmaceúticas",
      "systems" : [
        "https://interoperabilidad.minsal.cl/fhir/ig/tei/CodeSystem/CSEspecialidadFarma"
      ]
    },
    {
      "url" : "https://interoperabilidad.minsal.cl/fhir/ig/tei/ValueSet/VSEspecialidadMed",
      "version" : "0.1.6",
      "status" : "active",
      "name" : "VSEspecialidadMed",
      "title" : "EspecialidadMed",
      "description" : "EspecialidadMed",
      "systems" : [
        "https://interoperabilidad.minsal.cl/fhir/ig/tei/CodeSystem/CSEspecialidadMed"
      ]
    },
    {
      "url" : "https://interoperabilidad.minsal.cl/fhir/ig/tei/ValueSet/VSEspecialidadOdont",
      "version" : "0.1.6",
      "status" : "active",
      "name" : "VSEspecialidadOdont",
      "title" : "Especialidades Odontológicas",
      "description" : "Especialidades Odontológicas",
      "systems" : [
        "https://interoperabilidad.minsal.cl/fhir/ig/tei/CodeSystem/CSEspecialidadOdont"
      ]
    },
    {
      "url" : "https://interoperabilidad.minsal.cl/fhir/ig/tei/ValueSet/VSEspecialidades",
      "version" : "0.1.6",
      "status" : "active",
      "name" : "VSEspecialidades",
      "title" : "Especialidades",
      "description" : "Especialidades",
      "systems" : [
        "https://interoperabilidad.minsal.cl/fhir/ig/tei/CodeSystem/CSEspecialidadFarma",
        "https://interoperabilidad.minsal.cl/fhir/ig/tei/CodeSystem/CSEspecialidadMed",
        "https://interoperabilidad.minsal.cl/fhir/ig/tei/CodeSystem/CSEspecialidadOdont",
        "https://interoperabilidad.minsal.cl/fhir/ig/tei/CodeSystem/CSEspecialidadBioqca"
      ]
    },
    {
      "url" : "https://interoperabilidad.minsal.cl/fhir/ig/tei/ValueSet/VSEstablecimientoDestinoCodigo",
      "version" : "0.1.6",
      "status" : "active",
      "name" : "VSEstablecimientoDestinoCodigo",
      "title" : "Establecimiento Destino Codigo",
      "description" : "Establecimiento Destino Codigo",
      "systems" : [
        "https://interoperabilidad.minsal.cl/fhir/ig/tei/CodeSystem/CSEstablecimientoDestinoCodigo"
      ]
    },
    {
      "url" : "https://interoperabilidad.minsal.cl/fhir/ig/tei/ValueSet/VSEstadoCivil",
      "version" : "0.1.6",
      "status" : "active",
      "name" : "VSEstadoCivil",
      "title" : "EstadoCivil",
      "description" : "EstadoCivil",
      "systems" : [
        "https://interoperabilidad.minsal.cl/fhir/ig/tei/CodeSystem/CSEstadoCivil"
      ]
    },
    {
      "url" : "https://interoperabilidad.minsal.cl/fhir/ig/tei/ValueSet/VSEstadoInterconsulta",
      "version" : "0.1.6",
      "status" : "active",
      "name" : "VSEstadoInterconsulta",
      "title" : "Estado Interconsulta",
      "description" : "Estado Interconsulta",
      "systems" : [
        "https://interoperabilidad.minsal.cl/fhir/ig/tei/CodeSystem/CSEstadoInterconsulta"
      ]
    },
    {
      "url" : "https://interoperabilidad.minsal.cl/fhir/ig/tei/ValueSet/VSHipotesisDiagnosticaCodigo",
      "version" : "0.1.6",
      "status" : "active",
      "name" : "VSHipotesisDiagnosticaCodigo",
      "title" : "HipotesisDiagnosticaCodigo",
      "description" : "HipotesisDiagnosticaCodigo",
      "systems" : [
        "https://interoperabilidad.minsal.cl/fhir/ig/tei/CodeSystem/CSHipotesisDiagnosticaCodigo"
      ]
    },
    {
      "url" : "https://interoperabilidad.minsal.cl/fhir/ig/tei/ValueSet/VSIdentidaddeGenero",
      "version" : "0.1.6",
      "status" : "active",
      "name" : "VSIdentidaddeGenero",
      "title" : "Identidad de Genero",
      "description" : "Identidad de Genero",
      "systems" : [
        "https://interoperabilidad.minsal.cl/fhir/ig/tei/CodeSystem/CSIdentidaddeGenero"
      ]
    },
    {
      "url" : "https://interoperabilidad.minsal.cl/fhir/ig/tei/ValueSet/VSIndicecomorbilidad",
      "version" : "0.1.6",
      "status" : "active",
      "name" : "VSIndicecomorbilidad",
      "title" : "Indice Comorbilidad",
      "description" : "Indice Comorbilidad",
      "systems" : [
        "https://interoperabilidad.minsal.cl/fhir/ig/tei/CodeSystem/CSIndicecomorbilidad"
      ]
    },
    {
      "url" : "https://interoperabilidad.minsal.cl/fhir/ig/tei/ValueSet/VSMedioNotificacion",
      "version" : "0.1.6",
      "status" : "active",
      "name" : "VSMedioNotificacion",
      "title" : "Medio Notificación",
      "description" : "Medio Notificación",
      "systems" : [
        "https://interoperabilidad.minsal.cl/fhir/ig/tei/CodeSystem/CSMedioNotificacion"
      ]
    },
    {
      "url" : "https://interoperabilidad.minsal.cl/fhir/ig/tei/ValueSet/VSModalidadAtencionCodigo",
      "version" : "0.1.6",
      "status" : "active",
      "name" : "VSModalidadAtencionCodigo",
      "title" : "Modalidad Atencion Codigo",
      "description" : "Modalidad Atencion Codigo",
      "systems" : [
        "https://interoperabilidad.minsal.cl/fhir/ig/tei/CodeSystem/CSModalidadAtencionCodigo"
      ]
    },
    {
      "url" : "https://interoperabilidad.minsal.cl/fhir/ig/tei/ValueSet/VSMotivoCierreInterconsulta",
      "version" : "0.1.6",
      "status" : "active",
      "name" : "VSMotivoCierreInterconsulta",
      "title" : "Motivo Cierre Interconsulta",
      "description" : "Motivo Cierre Interconsulta",
      "systems" : [
        "https://interoperabilidad.minsal.cl/fhir/ig/tei/CodeSystem/CSMotivoCierreInterconsulta"
      ]
    },
    {
      "url" : "https://interoperabilidad.minsal.cl/fhir/ig/tei/ValueSet/VSMotivoNoContactabilidad",
      "version" : "0.1.6",
      "status" : "active",
      "name" : "VSMotivoNoContactabilidad",
      "title" : "Motivo No Contactabilidad",
      "description" : "Motivo No Contactabilidad",
      "systems" : [
        "https://interoperabilidad.minsal.cl/fhir/ig/tei/CodeSystem/CSMotivoNoContactabilidad"
      ]
    },
    {
      "url" : "https://interoperabilidad.minsal.cl/fhir/ig/tei/ValueSet/VSMotivoNoPertinenciaCodigo",
      "version" : "0.1.6",
      "status" : "active",
      "name" : "VSMotivoNoPertinenciaCodigo",
      "title" : "Motivo No Pertinencia Codigo",
      "description" : "Motivo No Pertinencia Codigo",
      "systems" : [
        "https://interoperabilidad.minsal.cl/fhir/ig/tei/CodeSystem/CSMotivoNoPertinenciaCodigo"
      ]
    },
    {
      "url" : "https://interoperabilidad.minsal.cl/fhir/ig/tei/ValueSet/VSPertinenciaInterconsulta",
      "version" : "0.1.6",
      "status" : "active",
      "name" : "VSPertinenciaInterconsulta",
      "title" : "Pertinencia Interconsulta",
      "description" : "Pertinencia Interconsulta",
      "systems" : [
        "https://interoperabilidad.minsal.cl/fhir/ig/tei/CodeSystem/CSPertinenciaInterconsulta"
      ]
    },
    {
      "url" : "https://interoperabilidad.minsal.cl/fhir/ig/tei/ValueSet/VSPractitionerTipoRolLE",
      "version" : "0.1.6",
      "status" : "active",
      "name" : "VSPractitionerTipoRolLE",
      "title" : "Rol de profesionales",
      "description" : "Rol de profesionales(Practitioner) en algún evento, durante la intercosulta.",
      "systems" : [
        "https://interoperabilidad.minsal.cl/fhir/ig/tei/CodeSystem/CSPractitionerTipoRolLE"
      ]
    },
    {
      "url" : "https://interoperabilidad.minsal.cl/fhir/ig/tei/ValueSet/VSPrevisionCodigo",
      "version" : "0.1.6",
      "status" : "active",
      "name" : "VSPrevisionCodigo",
      "title" : "PrevisionCodigo",
      "description" : "PrevisionCodigo",
      "systems" : [
        "https://interoperabilidad.minsal.cl/fhir/ig/tei/CodeSystem/CSPrevisionCodigo"
      ]
    },
    {
      "url" : "https://interoperabilidad.minsal.cl/fhir/ig/tei/ValueSet/VSReligion",
      "version" : "0.1.6",
      "status" : "active",
      "name" : "VSReligion",
      "title" : "Religion",
      "description" : "Religion",
      "systems" : [
        "https://interoperabilidad.minsal.cl/fhir/ig/tei/CodeSystem/CSReligion"
      ]
    },
    {
      "url" : "https://interoperabilidad.minsal.cl/fhir/ig/tei/ValueSet/VSServicioRequerido",
      "version" : "0.1.6",
      "status" : "active",
      "name" : "VSServicioRequerido",
      "title" : "Servicio Requerido",
      "description" : "Servicio Requerido",
      "systems" : ["http://snomed.info/sct"]
    },
    {
      "url" : "https://interoperabilidad.minsal.cl/fhir/ig/tei/ValueSet/VSSexoBiologico",
      "version" : "0.1.6",
      "status" : "active",
      "name" : "VSSexoBiologico",
      "title" : "Códigos para sexo biológico en Chile",
      "description" : "Códigos para sexo biológico en Chile según tabla 820.",
      "systems" : [
        "https://interoperabilidad.minsal.cl/fhir/ig/tei/CodeSystem/CSSexoBiologico"
      ]
    },
    {
      "url" : "https://interoperabilidad.minsal.cl/fhir/ig/tei/ValueSet/VSSospechaPatologia",
      "version" : "0.1.6",
      "status" : "active",
      "name" : "VSSospechaPatologia",
      "title" : "Sospecha Patologia",
      "description" : "Sospecha Patologia",
      "systems" : [
        "https://interoperabilidad.minsal.cl/fhir/ig/tei/CodeSystem/CSSospechaPatologia"
      ]
    },
    {
      "url" : "https://interoperabilidad.minsal.cl/fhir/ig/tei/ValueSet/VSSospechaPatologiaGes",
      "version" : "0.1.6",
      "status" : "active",
      "name" : "VSSospechaPatologiaGes",
      "title" : "Sospecha Patologia Ges",
      "description" : "Sospecha Patologia Ges",
      "systems" : [
        "https://interoperabilidad.minsal.cl/fhir/ig/tei/CodeSystem/CSSospechaPatologiaGes"
      ]
    },
    {
      "url" : "https://interoperabilidad.minsal.cl/fhir/ig/tei/ValueSet/VSTipoCodDiagnostica",
      "version" : "0.1.6",
      "status" : "active",
      "name" : "VSTipoCodDiagnostica",
      "title" : "Tipo Codificación Diagnostica",
      "description" : "Tipo Codificación Diagnostica",
      "systems" : [
        "https://interoperabilidad.minsal.cl/fhir/ig/tei/CodeSystem/CSTipoCodDiagnostica"
      ]
    },
    {
      "url" : "https://interoperabilidad.minsal.cl/fhir/ig/tei/ValueSet/VSTipoConsulta",
      "version" : "0.1.6",
      "status" : "active",
      "name" : "VSTipoConsulta",
      "title" : "Tipo Consulta",
      "description" : "Tipo Consulta",
      "systems" : [
        "https://interoperabilidad.minsal.cl/fhir/ig/tei/CodeSystem/CSTipoConsulta"
      ]
    },
    {
      "url" : "https://interoperabilidad.minsal.cl/fhir/ig/tei/ValueSet/VSTipoEventoLE",
      "version" : "0.1.6",
      "status" : "active",
      "name" : "VSTipoEventoLE",
      "title" : "Tipo de Evento",
      "description" : "Tipo de evento en la interconsulta",
      "systems" : [
        "https://interoperabilidad.minsal.cl/fhir/ig/tei/CodeSystem/CSTipoEventoLE"
      ]
    },
    {
      "url" : "https://interoperabilidad.minsal.cl/fhir/ig/tei/ValueSet/VSTituloProfesional",
      "version" : "0.1.6",
      "status" : "active",
      "name" : "VSTituloProfesional",
      "title" : "TituloProfesional",
      "description" : "TituloProfesional",
      "systems" : [
        "https://interoperabilidad.minsal.cl/fhir/ig/tei/CodeSystem/CSTituloProfesional"
      ]
    },
    {
      "url" : "https://interoperabilidad.minsal.cl/fhir/ig/tei/ValueSet/VSinterconsulta",
      "version" : "0.1.6",
      "status" : "active",
      "name" : "VSinterconsulta",
      "title" : "Interconsulta",
      "description" : "Interconsulta",
      "systems" : [
        "https://interoperabilidad.minsal.cl/fhir/ig/tei/CodeSystem/CSinterconsulta"
      ]
    }
  ]
}
