<?xml version="1.0" encoding="UTF-8"?>

<AllergyIntolerance xmlns="http://hl7.org/fhir">
  <id value="EjemploAllergyIntolerance"/>
  <meta>
    <profile value="http://minsal.cl/listaespera/StructureDefinition/AllergyIntoleranceInicioLE"/>
  </meta>
  <text>
    <status value="generated"/><div xmlns="http://www.w3.org/1999/xhtml"><p><b>Generated Narrative: AllergyIntolerance</b><a name="EjemploAllergyIntolerance"> </a></p><div style="display: inline-block; background-color: #d9e0e7; padding: 6px; margin: 4px; border: 1px solid #8da1b4; border-radius: 5px; line-height: 60%"><p style="margin-bottom: 0px">Resource AllergyIntolerance &quot;EjemploAllergyIntolerance&quot; </p><p style="margin-bottom: 0px">Profile: <a href="StructureDefinition-AllergyIntoleranceInicioLE.html">AllergyIntolerance Inicio LE</a></p></div><p><b>code</b>: tipo alergia <span style="background: LightGoldenRodYellow; margin: 4px; border: 1px solid khaki"> ()</span></p><p><b>patient</b>: <a href="http://acme.com/ehr/fhir/Patient/pat12">http://acme.com/ehr/fhir/Patient/pat12</a></p></div>
  </text>
  <code>
    <text value="tipo alergia"/>
  </code>
  <patient>
    <reference value="http://acme.com/ehr/fhir/Patient/pat12"/>
  </patient>
</AllergyIntolerance>