<?xml version="1.0" encoding="UTF-8"?>

<CodeSystem xmlns="http://hl7.org/fhir">
  <id value="CSTipoOtroTelefono"/>
  <text>
    <status value="generated"/><div xmlns="http://www.w3.org/1999/xhtml"><p>This code system <code>http://minsal.cl/listaespera/CodeSystem/CSTipoOtroTelefono</code> defines the following codes:</p><table class="codes"><tr><td style="white-space:nowrap"><b>Code</b></td><td><b>Display</b></td></tr><tr><td style="white-space:nowrap">1<a name="CSTipoOtroTelefono-1"> </a></td><td>Del Trabajo de la persona</td></tr><tr><td style="white-space:nowrap">2<a name="CSTipoOtroTelefono-2"> </a></td><td>Pareja o cónyuge</td></tr><tr><td style="white-space:nowrap">3<a name="CSTipoOtroTelefono-3"> </a></td><td>Familiar</td></tr><tr><td style="white-space:nowrap">4<a name="CSTipoOtroTelefono-4"> </a></td><td>Tutor(a) o Cuidador(a)</td></tr><tr><td style="white-space:nowrap">5<a name="CSTipoOtroTelefono-5"> </a></td><td>Vecino(a)</td></tr><tr><td style="white-space:nowrap">98<a name="CSTipoOtroTelefono-98"> </a></td><td>No responde</td></tr></table></div>
  </text>
  <url value="http://minsal.cl/listaespera/CodeSystem/CSTipoOtroTelefono"/>
  <version value="0.1.0"/>
  <name value="CSTipoOtroTelefono"/>
  <title value="Tipo Otro Telefono"/>
  <status value="active"/>
  <experimental value="false"/>
  <date value="2023-01-15"/>
  <publisher value="MINSAL Chile"/>
  <contact>
    <name value="MINSAL Chile"/>
    <telecom>
      <system value="url"/>
      <value value="https://minsal.cl"/>
    </telecom>
  </contact>
  <description value="Tipo Otro Telefono"/>
  <jurisdiction>
    <coding>
      <system value="urn:iso:std:iso:3166"/>
      <code value="CL"/>
      <display value="Chile"/>
    </coding>
  </jurisdiction>
  <caseSensitive value="true"/>
  <content value="complete"/>
  <count value="6"/>
  <concept>
    <code value="1"/>
    <display value="Del Trabajo de la persona"/>
  </concept>
  <concept>
    <code value="2"/>
    <display value="Pareja o cónyuge"/>
  </concept>
  <concept>
    <code value="3"/>
    <display value="Familiar"/>
  </concept>
  <concept>
    <code value="4"/>
    <display value="Tutor(a) o Cuidador(a)"/>
  </concept>
  <concept>
    <code value="5"/>
    <display value="Vecino(a)"/>
  </concept>
  <concept>
    <code value="98"/>
    <display value="No responde"/>
  </concept>
</CodeSystem>