{
  "resourceType" : "CodeSystem",
  "id" : "CSTipoCodDiagnostica",
  "text" : {
    "status" : "generated",
    "div" : "<div xmlns=\"http://www.w3.org/1999/xhtml\"><p>This code system <code>http://minsal.cl/listaespera/CodeSystem/CSTipoCodDiagnostica</code> defines the following codes:</p><table class=\"codes\"><tr><td style=\"white-space:nowrap\"><b>Code</b></td><td><b>Display</b></td></tr><tr><td style=\"white-space:nowrap\">1<a name=\"CSTipoCodDiagnostica-1\"> </a></td><td>CIE11</td></tr><tr><td style=\"white-space:nowrap\">2<a name=\"CSTipoCodDiagnostica-2\"> </a></td><td>CIE10</td></tr><tr><td style=\"white-space:nowrap\">3<a name=\"CSTipoCodDiagnostica-3\"> </a></td><td>Snomed CT</td></tr></table></div>"
  },
  "url" : "http://minsal.cl/listaespera/CodeSystem/CSTipoCodDiagnostica",
  "version" : "0.1.1",
  "name" : "CSTipoCodDiagnostica",
  "title" : "Tipo Codificación Diagnostica",
  "status" : "active",
  "experimental" : false,
  "date" : "2023-01-15",
  "publisher" : "MINSAL Chile",
  "contact" : [{
    "name" : "MINSAL Chile",
    "telecom" : [{
      "system" : "url",
      "value" : "https://minsal.cl"
    }]
  }],
  "description" : "Tipo Codificación Diagnostica",
  "jurisdiction" : [{
    "coding" : [{
      "system" : "urn:iso:std:iso:3166",
      "code" : "CL",
      "display" : "Chile"
    }]
  }],
  "caseSensitive" : true,
  "content" : "complete",
  "count" : 3,
  "concept" : [{
    "code" : "1",
    "display" : "CIE11"
  },
  {
    "code" : "2",
    "display" : "CIE10"
  },
  {
    "code" : "3",
    "display" : "Snomed CT"
  }]
}