<?xml version="1.0" encoding="UTF-8"?>

<CodeSystem xmlns="http://hl7.org/fhir">
  <id value="CSDerivadoParaCodigo"/>
  <text>
    <status value="generated"/><div xmlns="http://www.w3.org/1999/xhtml"><p>This code system <code>http://minsal.cl/listaespera/CodeSystem/CSDerivadoParaCodigo</code> defines the following codes:</p><table class="codes"><tr><td style="white-space:nowrap"><b>Code</b></td><td><b>Display</b></td></tr><tr><td style="white-space:nowrap">1<a name="CSDerivadoParaCodigo-1"> </a></td><td>Confirmación</td></tr><tr><td style="white-space:nowrap">2<a name="CSDerivadoParaCodigo-2"> </a></td><td>Control Especialista</td></tr><tr><td style="white-space:nowrap">3<a name="CSDerivadoParaCodigo-3"> </a></td><td>Realiza Tratamiento</td></tr><tr><td style="white-space:nowrap">4<a name="CSDerivadoParaCodigo-4"> </a></td><td>Seguimiento</td></tr><tr><td style="white-space:nowrap">5<a name="CSDerivadoParaCodigo-5"> </a></td><td>Otro</td></tr></table></div>
  </text>
  <url value="http://minsal.cl/listaespera/CodeSystem/CSDerivadoParaCodigo"/>
  <version value="0.1.1"/>
  <name value="CSDerivadoParaCodigo"/>
  <title value="Derivado Para"/>
  <status value="active"/>
  <experimental value="false"/>
  <date value="2023-01-15"/>
  <publisher value="MINSAL Chile"/>
  <contact>
    <name value="MINSAL Chile"/>
    <telecom>
      <system value="url"/>
      <value value="https://minsal.cl"/>
    </telecom>
  </contact>
  <description value="Derivado Para"/>
  <jurisdiction>
    <coding>
      <system value="urn:iso:std:iso:3166"/>
      <code value="CL"/>
      <display value="Chile"/>
    </coding>
  </jurisdiction>
  <caseSensitive value="true"/>
  <content value="complete"/>
  <count value="5"/>
  <concept>
    <code value="1"/>
    <display value="Confirmación"/>
  </concept>
  <concept>
    <code value="2"/>
    <display value="Control Especialista"/>
  </concept>
  <concept>
    <code value="3"/>
    <display value="Realiza Tratamiento"/>
  </concept>
  <concept>
    <code value="4"/>
    <display value="Seguimiento"/>
  </concept>
  <concept>
    <code value="5"/>
    <display value="Otro"/>
  </concept>
</CodeSystem>