<?xml version="1.0" encoding="UTF-8"?>

<Condition xmlns="http://hl7.org/fhir">
  <id value="EjemploCondicionAtenderHipotesisDiagnosticaCodigoLE"/>
  <meta>
    <profile value="http://minsal.cl/listaespera/StructureDefinition/CondicionAtenderHipotesisDiagnosticaCodigoLE"/>
  </meta>
  <text>
    <status value="generated"/><div xmlns="http://www.w3.org/1999/xhtml"><p><b>Generated Narrative: Condition</b><a name="EjemploCondicionAtenderHipotesisDiagnosticaCodigoLE"> </a></p><div style="display: inline-block; background-color: #d9e0e7; padding: 6px; margin: 4px; border: 1px solid #8da1b4; border-radius: 5px; line-height: 60%"><p style="margin-bottom: 0px">Resource Condition &quot;EjemploCondicionAtenderHipotesisDiagnosticaCodigoLE&quot; </p><p style="margin-bottom: 0px">Profile: <a href="StructureDefinition-CondicionAtenderHipotesisDiagnosticaCodigoLE.html">Condicion Atender Hipotesis Diagnostica Codigo</a></p></div><p><b>verificationStatus</b>: provisional <span style="background: LightGoldenRodYellow; margin: 4px; border: 1px solid khaki"> ([not stated]#provisional)</span></p><p><b>subject</b>: <a href="http://acme.com/ehr/fhir/Patient/patientLE">http://acme.com/ehr/fhir/Patient/patientLE</a></p></div>
  </text>
  <verificationStatus>
    <coding>
      <code value="provisional"/>
    </coding>
  </verificationStatus>
  <subject>
    <reference value="http://acme.com/ehr/fhir/Patient/patientLE"/>
  </subject>
</Condition>