<?xml version="1.0" encoding="UTF-8"?>

<Condition xmlns="http://hl7.org/fhir">
  <id value="EjemploCondition"/>
  <meta>
    <profile value="http://minsal.cl/listaespera/StructureDefinition/CondicionInicio1LE"/>
  </meta>
  <text>
    <status value="generated"/><div xmlns="http://www.w3.org/1999/xhtml"><p><b>Generated Narrative: Condition</b><a name="EjemploCondition"> </a></p><div style="display: inline-block; background-color: #d9e0e7; padding: 6px; margin: 4px; border: 1px solid #8da1b4; border-radius: 5px; line-height: 60%"><p style="margin-bottom: 0px">Resource Condition &quot;EjemploCondition&quot; </p><p style="margin-bottom: 0px">Profile: <a href="StructureDefinition-CondicionInicio1LE.html">Condicion Inicio 1 LE</a></p></div><p><b>category</b>: diagnostico <span style="background: LightGoldenRodYellow; margin: 4px; border: 1px solid khaki"> (<a href="http://terminology.hl7.org/3.1.0/CodeSystem-condition-category.html">Condition Category Codes</a>#encounter-diagnosis)</span></p><p><b>code</b>: DiagnosticoTextoLibreSospecha <span style="background: LightGoldenRodYellow; margin: 4px; border: 1px solid khaki"> (<a href="CodeSystem-CSTipoCodDiagnostica.html">Tipo Codificación Diagnostica</a>#2)</span></p><p><b>subject</b>: <a href="http://acme.com/ehr/fhir/Patient/pat12">http://acme.com/ehr/fhir/Patient/pat12</a></p><p><b>note</b>: FundamentoDiagnostico</p></div>
  </text>
  <category>
    <coding>
      <system value="http://terminology.hl7.org/CodeSystem/condition-category"/>
      <code value="encounter-diagnosis"/>
    </coding>
    <text value="diagnostico"/>
  </category>
  <code>
    <coding>
      <system value="http://minsal.cl/listaespera/CodeSystem/CSTipoCodDiagnostica"/>
      <code value="2"/>
    </coding>
    <text value="DiagnosticoTextoLibreSospecha"/>
  </code>
  <subject>
    <reference value="http://acme.com/ehr/fhir/Patient/pat12"/>
  </subject>
  <note>
    <text value="FundamentoDiagnostico"/>
  </note>
</Condition>