<?xml version="1.0" encoding="UTF-8"?>

<Organization xmlns="http://hl7.org/fhir">
  <id value="EjemploOrganizationPriorizar"/>
  <meta>
    <profile value="http://minsal.cl/listaespera/StructureDefinition/OrganizationLE"/>
  </meta>
  <text>
    <status value="generated"/><div xmlns="http://www.w3.org/1999/xhtml"><p><b>Generated Narrative: Organization</b><a name="EjemploOrganizationPriorizar"> </a></p><div style="display: inline-block; background-color: #d9e0e7; padding: 6px; margin: 4px; border: 1px solid #8da1b4; border-radius: 5px; line-height: 60%"><p style="margin-bottom: 0px">Resource Organization &quot;EjemploOrganizationPriorizar&quot; </p><p style="margin-bottom: 0px">Profile: <a href="StructureDefinition-OrganizationLE.html">Organization LE</a></p></div><p><b>identifier</b>: id: 1</p></div>
  </text>
  <identifier>
    <value value="1"/>
  </identifier>
</Organization>