{
  "resourceType" : "Practitioner",
  "id" : "EjemploPractitioner",
  "meta" : {
    "profile" : ["http://minsal.cl/listaespera/StructureDefinition/PractitionerLE"]
  },
  "text" : {
    "status" : "generated",
    "div" : "<div xmlns=\"http://www.w3.org/1999/xhtml\"><p><b>Generated Narrative: Practitioner</b><a name=\"EjemploPractitioner\"> </a></p><div style=\"display: inline-block; background-color: #d9e0e7; padding: 6px; margin: 4px; border: 1px solid #8da1b4; border-radius: 5px; line-height: 60%\"><p style=\"margin-bottom: 0px\">Resource Practitioner &quot;EjemploPractitioner&quot; </p><p style=\"margin-bottom: 0px\">Profile: <a href=\"StructureDefinition-PractitionerLE.html\">Practitioner LE</a></p></div><p><b>identifier</b>: RUN: 2134\u00a0(use:\u00a0OFFICIAL), ValorRNPI: 2134\u00a0(use:\u00a0SECONDARY)</p><h3>Qualifications</h3><table class=\"grid\"><tr><td>-</td><td><b>Identifier</b></td><td><b>Code</b></td></tr><tr><td>*</td><td>id:\u00a0cert</td><td>Certificado(s) <span style=\"background: LightGoldenRodYellow; margin: 4px; border: 1px solid khaki\"> (certMedicos &quot;Medico Cirujano&quot;)</span></td></tr></table></div>"
  },
  "identifier" : [{
    "use" : "official",
    "type" : {
      "coding" : [{
        "system" : "http://terminology.cens.cl/CodeSystem/listaespera",
        "code" : "RUN"
      }]
    },
    "value" : "2134"
  },
  {
    "use" : "secondary",
    "type" : {
      "coding" : [{
        "system" : "http://terminology.cens.cl/CodeSystem/listaespera",
        "code" : "ValorRNPI"
      }]
    },
    "value" : "2134"
  }],
  "qualification" : [{
    "identifier" : [{
      "value" : "cert"
    }],
    "code" : {
      "coding" : [{
        "system" : "http://terminology.cens.cl/CodeSystem/certMedicos",
        "display" : "Medico Cirujano"
      }],
      "text" : "Certificado(s)"
    }
  }]
}