{"resourceType":"CodeSystem","id":"CSDocAcreditacionCuidador","text":{"status":"generated","div":"<div xmlns=\"http://www.w3.org/1999/xhtml\"><p>This case-sensitive code system <code>https://interoperabilidad.minsal.cl/fhir/ig/tei/CodeSystem/CSDocAcreditacionCuidador</code> defines the following codes:</p><table class=\"codes\"><tr><td style=\"white-space:nowrap\"><b>Code</b></td><td><b>Display</b></td></tr><tr><td style=\"white-space:nowrap\">1<a name=\"CSDocAcreditacionCuidador-1\"> </a></td><td>Documento que acredita calidad de cuidador/a del Programa Red Local de Apoyos y Cuidados (MIDESOF)</td></tr><tr><td style=\"white-space:nowrap\">2<a name=\"CSDocAcreditacionCuidador-2\"> </a></td><td>Documento que acredita calidad de cuidador/a del Programa de Atención Domicliaria a Personas con Dependencia Severa (MINSAL APS)</td></tr><tr><td style=\"white-space:nowrap\">3<a name=\"CSDocAcreditacionCuidador-3\"> </a></td><td>Documento de que acredita calidad de cuidador/a de las Unidades de Cuidados Paliativos Universales (MINSAL)</td></tr><tr><td style=\"white-space:nowrap\">4<a name=\"CSDocAcreditacionCuidador-4\"> </a></td><td>Documento de que acredita calidad de cuidador/a del Programa de Cuidados Domiciliarios (SENAMA)</td></tr><tr><td style=\"white-space:nowrap\">5<a name=\"CSDocAcreditacionCuidador-5\"> </a></td><td>Documento de que acredita calidad de cuidador/a de Centro de Apoyo Comunitario para Personas con Demencia (MINSAL)</td></tr><tr><td style=\"white-space:nowrap\">6<a name=\"CSDocAcreditacionCuidador-6\"> </a></td><td>Credencial de cuidador/a Registro Social de Hogares (MIDESOF)</td></tr></table></div>"},"url":"https://interoperabilidad.minsal.cl/fhir/ig/tei/CodeSystem/CSDocAcreditacionCuidador","version":"0.9.1","name":"CSDocAcreditacionCuidador","title":"Documento Acreditacion Cuidador","status":"active","experimental":false,"date":"2023-01-15","publisher":"Unidad de Interoperabilidad - MINSAL","contact":[{"name":"Unidad de Interoperabilidad - MINSAL","telecom":[{"system":"url","value":"https://interoperabilidad.minsal.cl"}]}],"description":"Documento Acreditacion Cuidador","jurisdiction":[{"coding":[{"system":"urn:iso:std:iso:3166","code":"CL","display":"Chile"}]}],"caseSensitive":true,"content":"complete","count":6,"concept":[{"code":"1","display":"Documento que acredita calidad de cuidador/a del Programa Red Local de Apoyos y Cuidados (MIDESOF)"},{"code":"2","display":"Documento que acredita calidad de cuidador/a del Programa de Atención Domicliaria a Personas con Dependencia Severa (MINSAL APS)"},{"code":"3","display":"Documento de que acredita calidad de cuidador/a de las Unidades de Cuidados Paliativos Universales (MINSAL)"},{"code":"4","display":"Documento de que acredita calidad de cuidador/a del Programa de Cuidados Domiciliarios (SENAMA)"},{"code":"5","display":"Documento de que acredita calidad de cuidador/a de Centro de Apoyo Comunitario para Personas con Demencia (MINSAL)"},{"code":"6","display":"Credencial de cuidador/a Registro Social de Hogares (MIDESOF)"}]}