{"resourceType":"CodeSystem","id":"CSTipoConsulta","text":{"status":"generated","div":"<div xmlns=\"http://www.w3.org/1999/xhtml\"><p>This case-sensitive code system <code>https://interoperabilidad.minsal.cl/fhir/ig/tei/CodeSystem/CSTipoConsulta</code> defines the following codes:</p><table class=\"codes\"><tr><td style=\"white-space:nowrap\"><b>Code</b></td><td><b>Display</b></td></tr><tr><td style=\"white-space:nowrap\">1<a name=\"CSTipoConsulta-1\"> </a></td><td>Nueva</td></tr><tr><td style=\"white-space:nowrap\">2<a name=\"CSTipoConsulta-2\"> </a></td><td>Control</td></tr></table></div>"},"url":"https://interoperabilidad.minsal.cl/fhir/ig/tei/CodeSystem/CSTipoConsulta","version":"0.1.6","name":"CSTipoConsulta","title":"Tipo Consulta","status":"active","experimental":false,"date":"2023-01-15","publisher":"Unidad de Interoperabilidad - MINSAL","contact":[{"name":"Unidad de Interoperabilidad - MINSAL","telecom":[{"system":"url","value":"https://interoperabilidad.minsal.cl"}]}],"description":"Tipo Consulta","jurisdiction":[{"coding":[{"system":"urn:iso:std:iso:3166","code":"CL","display":"Chile"}]}],"caseSensitive":true,"content":"complete","count":2,"concept":[{"code":"1","display":"Nueva"},{"code":"2","display":"Control"}]}