{"resourceType":"CodeSystem","id":"CSPractitionerTipoRolLE","text":{"status":"generated","div":"<div xmlns=\"http://www.w3.org/1999/xhtml\"><p>This case-sensitive code system <code>https://interoperabilidad.minsal.cl/fhir/ig/tei/CodeSystem/CSPractitionerTipoRolLE</code> defines the following codes:</p><table class=\"codes\"><tr><td style=\"white-space:nowrap\"><b>Code</b></td><td><b>Display</b></td></tr><tr><td style=\"white-space:nowrap\">iniciador<a name=\"CSPractitionerTipoRolLE-iniciador\"> </a></td><td>Iniciador</td></tr><tr><td style=\"white-space:nowrap\">referenciador<a name=\"CSPractitionerTipoRolLE-referenciador\"> </a></td><td>Referenciador</td></tr><tr><td style=\"white-space:nowrap\">revisor<a name=\"CSPractitionerTipoRolLE-revisor\"> </a></td><td>Revisor</td></tr><tr><td style=\"white-space:nowrap\">priorizador<a name=\"CSPractitionerTipoRolLE-priorizador\"> </a></td><td>Priorizador</td></tr><tr><td style=\"white-space:nowrap\">agendador<a name=\"CSPractitionerTipoRolLE-agendador\"> </a></td><td>Agendador</td></tr><tr><td style=\"white-space:nowrap\">atendedor<a name=\"CSPractitionerTipoRolLE-atendedor\"> </a></td><td>Atendedor</td></tr><tr><td style=\"white-space:nowrap\">terminador<a name=\"CSPractitionerTipoRolLE-terminador\"> </a></td><td>Terminador</td></tr></table></div>"},"url":"https://interoperabilidad.minsal.cl/fhir/ig/tei/CodeSystem/CSPractitionerTipoRolLE","version":"0.1.6","name":"CSPractitionerTipoRolLE","title":"Rol de profesionales","status":"active","experimental":false,"date":"2023-01-15","publisher":"Unidad de Interoperabilidad - MINSAL","contact":[{"name":"Unidad de Interoperabilidad - MINSAL","telecom":[{"system":"url","value":"https://interoperabilidad.minsal.cl"}]}],"description":"CodeSystem con códigos definidos para representar cada rol de profesional o funcionario administrativo dentro de la interconsulta","jurisdiction":[{"coding":[{"system":"urn:iso:std:iso:3166","code":"CL","display":"Chile"}]}],"caseSensitive":true,"content":"complete","count":7,"concept":[{"code":"iniciador","display":"Iniciador"},{"code":"referenciador","display":"Referenciador"},{"code":"revisor","display":"Revisor"},{"code":"priorizador","display":"Priorizador"},{"code":"agendador","display":"Agendador"},{"code":"atendedor","display":"Atendedor"},{"code":"terminador","display":"Terminador"}]}