{"resourceType":"ValueSet","id":"VSDestinoAtencionCodigo","text":{"status":"generated","div":"<div xmlns=\"http://www.w3.org/1999/xhtml\"><ul><li>Include all codes defined in <a href=\"CodeSystem-CSDestinoAtencionCodigo.html\"><code>https://interoperabilidad.minsal.cl/fhir/ig/tei/CodeSystem/CSDestinoAtencionCodigo</code></a></li></ul></div>"},"url":"https://interoperabilidad.minsal.cl/fhir/ig/tei/ValueSet/VSDestinoAtencionCodigo","version":"0.1.6","name":"VSDestinoAtencionCodigo","title":"Destino Atención Codigo","status":"active","experimental":false,"date":"2023-01-15","publisher":"Unidad de Interoperabilidad - MINSAL","contact":[{"name":"Unidad de Interoperabilidad - MINSAL","telecom":[{"system":"url","value":"https://interoperabilidad.minsal.cl"}]}],"description":"Destino Atención Codigo","jurisdiction":[{"coding":[{"system":"urn:iso:std:iso:3166","code":"CL","display":"Chile"}]}],"compose":{"include":[{"system":"https://interoperabilidad.minsal.cl/fhir/ig/tei/CodeSystem/CSDestinoAtencionCodigo"}]}}