{"resourceType":"ValueSet","id":"VSEspecialidadMed","text":{"status":"generated","div":"<div xmlns=\"http://www.w3.org/1999/xhtml\"><ul><li>Include all codes defined in <a href=\"CodeSystem-CSEspecialidadMed.html\"><code>https://interoperabilidad.minsal.cl/fhir/ig/tei/CodeSystem/CSEspecialidadMed</code></a></li></ul></div>"},"url":"https://interoperabilidad.minsal.cl/fhir/ig/tei/ValueSet/VSEspecialidadMed","version":"0.1.7","name":"VSEspecialidadMed","title":"EspecialidadMed","status":"active","experimental":false,"date":"2023-01-15","publisher":"Unidad de Interoperabilidad - MINSAL","contact":[{"name":"Unidad de Interoperabilidad - MINSAL","telecom":[{"system":"url","value":"https://interoperabilidad.minsal.cl"}]}],"description":"EspecialidadMed","jurisdiction":[{"coding":[{"system":"urn:iso:std:iso:3166","code":"CL","display":"Chile"}]}],"compose":{"include":[{"system":"https://interoperabilidad.minsal.cl/fhir/ig/tei/CodeSystem/CSEspecialidadMed"}]}}