{"resourceType":"ValueSet","id":"VSIdentificadorPrestador","text":{"status":"generated","div":"<div xmlns=\"http://www.w3.org/1999/xhtml\"><p>This value set includes codes based on the following rules:</p><ul><li>Include codes from <a href=\"https://build.fhir.org/ig/HL7Chile/clcore_2.0//CodeSystem-CSTipoIdentificador.html\"><code>https://hl7chile.cl/fhir/ig/clcore/CodeSystem/CSTipoIdentificador</code></a> where concept  is-a  <a href=\"https://build.fhir.org/ig/HL7Chile/clcore_2.0//CodeSystem-CSTipoIdentificador.html#CSTipoIdentificador-01\">01</a></li><li>Include codes from <a href=\"https://build.fhir.org/ig/HL7Chile/clcore_2.0//CodeSystem-CSTipoIdentificador.html\"><code>https://hl7chile.cl/fhir/ig/clcore/CodeSystem/CSTipoIdentificador</code></a> where concept  is-a  <a href=\"https://build.fhir.org/ig/HL7Chile/clcore_2.0//CodeSystem-CSTipoIdentificador.html#CSTipoIdentificador-13\">13</a></li></ul></div>"},"url":"https://interoperabilidad.minsal.cl/fhir/ig/tei/ValueSet/VSIdentificadorPrestador","version":"0.2.1","name":"VSIdentificadorPrestador","title":"IdentificadorPrestador","status":"active","experimental":false,"date":"2023-01-15","publisher":"Unidad de Interoperabilidad - MINSAL","contact":[{"name":"Unidad de Interoperabilidad - MINSAL","telecom":[{"system":"url","value":"https://interoperabilidad.minsal.cl"}]}],"description":"IdentificadorPrestador","jurisdiction":[{"coding":[{"system":"urn:iso:std:iso:3166","code":"CL","display":"Chile"}]}],"compose":{"include":[{"system":"https://hl7chile.cl/fhir/ig/clcore/CodeSystem/CSTipoIdentificador","filter":[{"property":"concept","op":"is-a","value":"01"}]},{"system":"https://hl7chile.cl/fhir/ig/clcore/CodeSystem/CSTipoIdentificador","filter":[{"property":"concept","op":"is-a","value":"13"}]}]}}