<?xml version="1.0" encoding="UTF-8"?>

<Bundle xmlns="http://hl7.org/fhir">
  <id value="EjemploBundleIniciar"/>
  <meta>
    <lastUpdated value="2023-01-20T14:12:10Z"/>
    <profile value="https://interoperabilidad.minsal.cl/fhir/ig/tei/StructureDefinition/BundleIniciarLE"/>
  </meta>
  <type value="message"/>
  <timestamp value="2023-02-09T17:15:22Z"/>
  <entry>
    <fullUrl value="http://acme.com/ehr/fhir/MessageHeader/EjemploMessageHeader"/>
    <resource>
      <MessageHeader>
        <id value="EjemploMessageHeader"/>
        <meta>
          <lastUpdated value="2023-01-20T14:12:10Z"/>
          <profile value="https://interoperabilidad.minsal.cl/fhir/ig/tei/StructureDefinition/MessageHeaderLE"/>
        </meta>
        <text>
          <status value="generated"/><div xmlns="http://www.w3.org/1999/xhtml"><p><b>Generated Narrative: MessageHeader</b><a name="EjemploMessageHeader"> </a></p><div style="display: inline-block; background-color: #d9e0e7; padding: 6px; margin: 4px; border: 1px solid #8da1b4; border-radius: 5px; line-height: 60%"><p style="margin-bottom: 0px">Resource MessageHeader &quot;EjemploMessageHeader&quot; Updated &quot;2023-01-20 14:12:10+0000&quot; </p><p style="margin-bottom: 0px">Profile: <a href="StructureDefinition-MessageHeaderLE.html">MessageHeader LE</a></p></div><p><b>event</b>: Iniciar (Details: https://interoperabilidad.minsal.cl/fhir/ig/tei/CodeSystem/CSTipoEventoLE code iniciar = 'Iniciar', stated as 'null')</p><p><b>author</b>: <a href="#PractitionerRole_EjemploPractitionerRole">See above (PractitionerRole/EjemploPractitionerRole: Ernesto Sepulveda Manriquez en su rol de Iniciador)</a></p><h3>Sources</h3><table class="grid"><tr><td style="display: none">-</td><td><b>Software</b></td><td><b>Endpoint</b></td></tr><tr><td style="display: none">*</td><td>Software San Juan Dios (SSJD)</td><td><a href="http://link-to-sending.cl">http://link-to-sending.cl</a></td></tr></table><p><b>focus</b>: <a href="#ServiceRequest_EjemploServiceRequest">See above (ServiceRequest/EjemploServiceRequest)</a></p></div>
        </text>
        <eventCoding>
          <system value="https://interoperabilidad.minsal.cl/fhir/ig/tei/CodeSystem/CSTipoEventoLE"/>
          <code value="iniciar"/>
        </eventCoding>
        <author>
          <reference value="PractitionerRole/EjemploPractitionerRole"/>
          <display value="Ernesto Sepulveda Manriquez en su rol de Iniciador"/>
        </author>
        <source>
          <software value="Software San Juan Dios (SSJD)"/>
          <endpoint value="http://link-to-sending.cl"/>
        </source>
        <focus>
          <reference value="ServiceRequest/EjemploServiceRequest"/>
        </focus>
      </MessageHeader>
    </resource>
  </entry>
  <entry>
    <fullUrl value="http://acme.com/ehr/fhir/ServiceRequest/EjemploServiceRequest"/>
    <resource>
      <ServiceRequest>
        <id value="EjemploServiceRequest"/>
        <meta>
          <profile value="https://interoperabilidad.minsal.cl/fhir/ig/tei/StructureDefinition/ServiceRequestLE"/>
        </meta>
        <text>
          <status value="extensions"/><div xmlns="http://www.w3.org/1999/xhtml"><p><b>Generated Narrative: ServiceRequest</b><a name="EjemploServiceRequest"> </a></p><div style="display: inline-block; background-color: #d9e0e7; padding: 6px; margin: 4px; border: 1px solid #8da1b4; border-radius: 5px; line-height: 60%"><p style="margin-bottom: 0px">Resource ServiceRequest &quot;EjemploServiceRequest&quot; </p><p style="margin-bottom: 0px">Profile: <a href="StructureDefinition-ServiceRequestLE.html">ServiceRequest LE</a></p></div><p><b>Estado Interconsulta Codigo</b>: A la espera de referencia <span style="background: LightGoldenRodYellow; margin: 4px; border: 1px solid khaki"> (<a href="CodeSystem-CSEstadoInterconsulta.html">Estado Interconsulta</a>#1)</span></p><p><b>ExtStringFundamentoPriorizacion</b>: FundamentoPriorizacion</p><p><b>SospechaPatologiaGes</b>: true</p><p><b>ExtBool ResolutividadAPS</b>: true</p><p><b>ExtBool Alergia</b>: false</p><p><b>Origen Interconsulta</b>: APS <span style="background: LightGoldenRodYellow; margin: 4px; border: 1px solid khaki"> (<a href="CodeSystem-CSinterconsulta.html">Interconsulta</a>#1)</span></p><p><b>status</b>: draft</p><p><b>intent</b>: order</p><p><b>priority</b>: urgent</p><p><b>subject</b>: <a href="#Patient_EjemploPatient">See above (Patient/EjemploPatient: Anibal Diaz Cortés)</a></p><p><b>encounter</b>: <a href="#Encounter_EjemploEncounter">See above (Encounter/EjemploEncounter: Presencial 2023-10-25 09:00:00 --&gt; 2023-10-25 09:20:00)</a></p><p><b>authoredOn</b>: 2022-10-25 09:10:20+0000</p><p><b>performer</b>: <a href="#PractitionerRole_EjemploPractitionerRole">See above (PractitionerRole/EjemploPractitionerRole)</a></p><p><b>reasonCode</b>: Confirmación <span style="background: LightGoldenRodYellow; margin: 4px; border: 1px solid khaki"> (<a href="CodeSystem-CSDerivadoParaCodigo.html">Derivado Para</a>#1)</span></p><p><b>reasonReference</b>: <a href="#Observation_EjemploObservation">See above (Observation/EjemploObservation: No presenta exámen)</a></p><p><b>supportingInfo</b>: </p><ul><li><a href="#Condition_EjemploCondition">See above (Condition/EjemploCondition: Posible insuficiencia cardiaca, requiere evaluación cardiologo)</a></li><li><a href="#Condition_EjemploConditionGES">See above (Condition/EjemploConditionGES: Sospecha GES, Insuficiencia Cardiaca)</a></li><li><a href="#AllergyIntolerance_EjemploAllergyIntolerance">See above (AllergyIntolerance/EjemploAllergyIntolerance: Alergia a la penicilina)</a></li><li><a href="#Observation_EjemploObservation2">See above (Observation/EjemploObservation2:  Riesgo Leve, 1 condición crónica)</a></li><li><a href="#Observation_EjemploObservationCuidador">See above (Observation/EjemploObservationCuidador: Cuidador para persona en riesgo)</a></li><li><a href="#Observation_EjemploObservationDiscapacidad">See above (Observation/EjemploObservationDiscapacidad: No presenta)</a></li><li><a href="#DocumentReference_EjemploDocumentReference">See above (DocumentReference/EjemploDocumentReference: Documento que acredita calidad de cuidador/a del Programa Red Local de Apoyos y Cuidados (MIDESOF))</a></li><li><a href="#Coverage_EjemploCoverage">See above (Coverage/EjemploCoverage: FONASA)</a></li><li><a href="#QuestionnaireResponse_EjemploQuestionnaireResponseIniciarLE">See above (QuestionnaireResponse/EjemploQuestionnaireResponseIniciarLE: Posible insuficiencia cardiaca)</a></li></ul></div>
        </text>
        <extension url="https://interoperabilidad.minsal.cl/fhir/ig/tei/StructureDefinition/EstadoInterconsultaCodigoLE">
          <valueCodeableConcept>
            <coding>
              <system value="https://interoperabilidad.minsal.cl/fhir/ig/tei/CodeSystem/CSEstadoInterconsulta"/>
              <code value="1"/>
            </coding>
          </valueCodeableConcept>
        </extension>
        <extension url="https://interoperabilidad.minsal.cl/fhir/ig/tei/StructureDefinition/ExtStringFundamentoPriorizacion">
          <valueString value="FundamentoPriorizacion"/>
        </extension>
        <extension url="https://interoperabilidad.minsal.cl/fhir/ig/tei/StructureDefinition/SospechaPatologiaGes">
          <valueBoolean value="true"/>
        </extension>
        <extension url="https://interoperabilidad.minsal.cl/fhir/ig/tei/StructureDefinition/ExtBoolResolutividadAPS">
          <valueBoolean value="true"/>
        </extension>
        <extension url="https://interoperabilidad.minsal.cl/fhir/ig/tei/StructureDefinition/ExtBoolAlergia">
          <valueBoolean value="false"/>
        </extension>
        <extension url="https://interoperabilidad.minsal.cl/fhir/ig/tei/StructureDefinition/OrigenInterconsulta">
          <valueCodeableConcept>
            <coding>
              <system value="https://interoperabilidad.minsal.cl/fhir/ig/tei/CodeSystem/CSinterconsulta"/>
              <code value="1"/>
            </coding>
          </valueCodeableConcept>
        </extension>
        <status value="draft"/>
        <intent value="order"/>
        <priority value="urgent"/>
        <subject>
          <reference value="Patient/EjemploPatient"/>
          <display value="Anibal Diaz Cortés"/>
        </subject>
        <encounter>
          <reference value="Encounter/EjemploEncounter"/>
          <display value="Presencial 2023-10-25 09:00:00 --&gt; 2023-10-25 09:20:00"/>
        </encounter>
        <authoredOn value="2022-10-25T09:10:20Z"/>
        <performer>
          <reference value="PractitionerRole/EjemploPractitionerRole"/>
        </performer>
        <reasonCode>
          <coding>
            <system value="https://interoperabilidad.minsal.cl/fhir/ig/tei/CodeSystem/CSDerivadoParaCodigo"/>
            <code value="1"/>
          </coding>
        </reasonCode>
        <reasonReference>
          <reference value="Observation/EjemploObservation"/>
          <display value="No presenta exámen"/>
        </reasonReference>
        <supportingInfo>
          <reference value="Condition/EjemploCondition"/>
          <display value="Posible insuficiencia cardiaca, requiere evaluación cardiologo"/>
        </supportingInfo>
        <supportingInfo>
          <reference value="Condition/EjemploConditionGES"/>
          <display value="Sospecha GES, Insuficiencia Cardiaca"/>
        </supportingInfo>
        <supportingInfo>
          <reference value="AllergyIntolerance/EjemploAllergyIntolerance"/>
          <display value="Alergia a la penicilina"/>
        </supportingInfo>
        <supportingInfo>
          <reference value="Observation/EjemploObservation2"/>
          <display value=" Riesgo Leve, 1 condición crónica"/>
        </supportingInfo>
        <supportingInfo>
          <reference value="Observation/EjemploObservationCuidador"/>
          <display value="Cuidador para persona en riesgo"/>
        </supportingInfo>
        <supportingInfo>
          <reference value="Observation/EjemploObservationDiscapacidad"/>
          <display value="No presenta"/>
        </supportingInfo>
        <supportingInfo>
          <reference value="DocumentReference/EjemploDocumentReference"/>
          <display value="Documento que acredita calidad de cuidador/a del Programa Red Local de Apoyos y Cuidados (MIDESOF)"/>
        </supportingInfo>
        <supportingInfo>
          <reference value="Coverage/EjemploCoverage"/>
          <display value="FONASA"/>
        </supportingInfo>
        <supportingInfo>
          <reference value="QuestionnaireResponse/EjemploQuestionnaireResponseIniciarLE"/>
          <display value="Posible insuficiencia cardiaca"/>
        </supportingInfo>
      </ServiceRequest>
    </resource>
  </entry>
  <entry>
    <fullUrl value="http://acme.com/ehr/fhir/Encounter/EjemploEncounter"/>
    <resource>
      <Encounter>
        <id value="EjemploEncounter"/>
        <meta>
          <profile value="https://interoperabilidad.minsal.cl/fhir/ig/tei/StructureDefinition/EncounterIniciarLE"/>
        </meta>
        <text>
          <status value="generated"/><div xmlns="http://www.w3.org/1999/xhtml"><p><b>Generated Narrative: Encounter</b><a name="EjemploEncounter"> </a></p><div style="display: inline-block; background-color: #d9e0e7; padding: 6px; margin: 4px; border: 1px solid #8da1b4; border-radius: 5px; line-height: 60%"><p style="margin-bottom: 0px">Resource Encounter &quot;EjemploEncounter&quot; </p><p style="margin-bottom: 0px">Profile: <a href="StructureDefinition-EncounterIniciarLE.html">Encounter Iniciar LE</a></p></div><p><b>identifier</b>: Filler Identifier/1</p><p><b>status</b>: finished</p><p><b>class</b>: Presencial (Details: https://interoperabilidad.minsal.cl/fhir/ig/tei/CodeSystem/CSModalidadAtencionCodigo code 1 = 'Presencial', stated as 'null')</p><p><b>subject</b>: <a href="#Patient_EjemploPatient">See above (Patient/EjemploPatient: Anibal Diaz Cortés)</a></p><p><b>period</b>: 2023-10-25 09:00:00+0000 --&gt; 2023-10-25 09:20:00+0000</p><h3>Diagnoses</h3><table class="grid"><tr><td style="display: none">-</td><td><b>Condition</b></td></tr><tr><td style="display: none">*</td><td><a href="#Condition_EjemploCondition">See above (Condition/EjemploCondition)</a></td></tr></table></div>
        </text>
        <identifier>
          <type>
            <coding>
              <system value="http://terminology.hl7.org/CodeSystem/v2-0203"/>
              <code value="FILL"/>
            </coding>
          </type>
          <value value="1"/>
        </identifier>
        <status value="finished"/>
        <class>
          <system value="https://interoperabilidad.minsal.cl/fhir/ig/tei/CodeSystem/CSModalidadAtencionCodigo"/>
          <code value="1"/>
        </class>
        <subject>
          <reference value="Patient/EjemploPatient"/>
          <display value="Anibal Diaz Cortés"/>
        </subject>
        <period>
          <start value="2023-10-25T09:00:00Z"/>
          <end value="2023-10-25T09:20:00Z"/>
        </period>
        <diagnosis>
          <condition>
            <reference value="Condition/EjemploCondition"/>
          </condition>
        </diagnosis>
      </Encounter>
    </resource>
  </entry>
  <entry>
    <fullUrl value="http://acme.com/ehr/fhir/Patient/EjemploPatient"/>
    <resource>
      <Patient>
        <id value="EjemploPatient"/>
        <meta>
          <profile value="https://interoperabilidad.minsal.cl/fhir/ig/tei/StructureDefinition/PatientLE"/>
        </meta>
        <text>
          <status value="extensions"/><div xmlns="http://www.w3.org/1999/xhtml"><p><b>Generated Narrative: Patient</b><a name="EjemploPatient"> </a></p><div style="display: inline-block; background-color: #d9e0e7; padding: 6px; margin: 4px; border: 1px solid #8da1b4; border-radius: 5px; line-height: 60%"><p style="margin-bottom: 0px">Resource Patient &quot;EjemploPatient&quot; </p><p style="margin-bottom: 0px">Profile: <a href="StructureDefinition-PatientLE.html">Patient LE</a></p></div><p><b>Codigo de Identificación de países</b>: Chile <span style="background: LightGoldenRodYellow; margin: 4px; border: 1px solid khaki"> (<a href="https://hl7chile.cl/fhir/ig/clcore/1.8.5/CodeSystem-CodPais.html">Códigos de Países</a>#152)</span></p><p><b>País de origen del paciente</b>: Chile <span style="background: LightGoldenRodYellow; margin: 4px; border: 1px solid khaki"> (<a href="https://hl7chile.cl/fhir/ig/clcore/1.8.5/CodeSystem-CodPais.html">Códigos de Países</a>#152)</span></p><p><b>Birth Place</b>: Curicó</p><p><b>PueblosOriginariosPerteneciente</b>: true</p><p><b>Religión</b>: Católica <span style="background: LightGoldenRodYellow; margin: 4px; border: 1px solid khaki"> (<a href="CodeSystem-CSReligion.html">Religion</a>#1)</span></p><p><b>Sexo Biologico del paciente</b>: Masculino <span style="background: LightGoldenRodYellow; margin: 4px; border: 1px solid khaki"> (<a href="https://hl7chile.cl/fhir/ig/clcore/1.8.5/CodeSystem-CSSexoListadoDeis.html">Sexo Listado Deis</a>#1)</span></p><p><b>Identidad De Genero</b>: Masculino <span style="background: LightGoldenRodYellow; margin: 4px; border: 1px solid khaki"> (<a href="CodeSystem-CSIdentidaddeGenero.html">Identidad de Genero</a>#1)</span></p><p><b>PueblosAfrodescendiente</b>: true</p><p><b>Pueblos Originarios</b>: Mapuche <span style="background: LightGoldenRodYellow; margin: 4px; border: 1px solid khaki"> (<a href="CodeSystem-PueblosOriginariosCS.html">Pueblos Originarios de Chile</a>#01)</span></p><p><b>identifier</b>: Run/15999999</p><p><b>active</b>: true</p><p><b>name</b>: Anibal Diaz Cortés(OFFICIAL)</p><p><b>telecom</b>: ph: 999888777(MOBILE)</p><p><b>gender</b>: male</p><p><b>birthDate</b>: 1955-10-20</p><p><b>deceased</b>: false</p><p><b>maritalStatus</b>: Desconocido <span style="background: LightGoldenRodYellow; margin: 4px; border: 1px solid khaki"> (<a href="CodeSystem-CSEstadoCivil.html">EstadoCivil</a>#99)</span></p></div>
        </text>
        <extension url="https://hl7chile.cl/fhir/ig/clcore/StructureDefinition/CodigoPaises">
          <valueCodeableConcept>
            <coding>
              <system value="https://hl7chile.cl/fhir/ig/clcore/CodeSystem/CodPais"/>
              <code value="152"/>
            </coding>
          </valueCodeableConcept>
        </extension>
        <extension url="https://interoperabilidad.minsal.cl/fhir/ig/tei/StructureDefinition/PaisOrigenMPI">
          <valueCodeableConcept>
            <coding>
              <system value="https://hl7chile.cl/fhir/ig/clcore/CodeSystem/CodPais"/>
              <code value="152"/>
            </coding>
          </valueCodeableConcept>
        </extension>
        <extension url="http://hl7.org/fhir/StructureDefinition/patient-birthPlace">
          <valueAddress>
            <text value="Curicó"/>
          </valueAddress>
        </extension>
        <extension url="https://interoperabilidad.minsal.cl/fhir/ig/tei/StructureDefinition/PueblosOriginariosPerteneciente">
          <valueBoolean value="true"/>
        </extension>
        <extension url="https://interoperabilidad.minsal.cl/fhir/ig/tei/StructureDefinition/Religion">
          <valueCodeableConcept>
            <coding>
              <system value="https://interoperabilidad.minsal.cl/fhir/ig/tei/CodeSystem/CSReligion"/>
              <code value="1"/>
            </coding>
          </valueCodeableConcept>
        </extension>
        <extension url="https://hl7chile.cl/fhir/ig/clcore/StructureDefinition/SexoBiologico">
          <valueCodeableConcept>
            <coding>
              <system value="https://hl7chile.cl/fhir/ig/clcore/CodeSystem/CSSexoListadoDeis"/>
              <code value="1"/>
            </coding>
          </valueCodeableConcept>
        </extension>
        <extension url="https://interoperabilidad.minsal.cl/fhir/ig/tei/StructureDefinition/IdentidadDeGenero">
          <valueCodeableConcept>
            <coding>
              <system value="https://interoperabilidad.minsal.cl/fhir/ig/tei/CodeSystem/CSIdentidaddeGenero"/>
              <code value="1"/>
            </coding>
          </valueCodeableConcept>
        </extension>
        <extension url="https://interoperabilidad.minsal.cl/fhir/ig/tei/StructureDefinition/PueblosAfrodescendiente">
          <valueBoolean value="true"/>
        </extension>
        <extension url="https://interoperabilidad.minsal.cl/fhir/ig/tei/StructureDefinition/PueblosOriginarios">
          <valueCodeableConcept>
            <coding>
              <system value="https://interoperabilidad.minsal.cl/fhir/ig/tei/CodeSystem/PueblosOriginariosCS"/>
              <code value="01"/>
            </coding>
          </valueCodeableConcept>
        </extension>
        <identifier>
          <type>
            <extension url="https://hl7chile.cl/fhir/ig/clcore/StructureDefinition/CodigoPaises">
              <valueCodeableConcept>
                <coding>
                  <system value="https://hl7chile.cl/fhir/ig/clcore/CodeSystem/CodPais"/>
                  <code value="152"/>
                  <display value="Chile"/>
                </coding>
              </valueCodeableConcept>
            </extension>
            <coding>
              <system value="https://hl7chile.cl/fhir/ig/clcore/CodeSystem/CSTipoIdentificador"/>
              <code value="01"/>
              <display value="Run"/>
            </coding>
          </type>
          <system value="http://www.acme.com/identifiers/patient"/>
          <value value="15999999"/>
        </identifier>
        <active value="true"/>
        <name>
          <use value="official"/>
          <text value="Anibal Diaz Cortés"/>
          <family value="Diaz">
            <extension url="https://hl7chile.cl/fhir/ig/clcore/StructureDefinition/SegundoApellido">
              <valueString value="Cortés"/>
            </extension>
          </family>
          <given value="Anibal"/>
        </name>
        <telecom>
          <system value="phone"/>
          <value value="999888777"/>
          <use value="mobile"/>
        </telecom>
        <gender value="male"/>
        <birthDate value="1955-10-20"/>
        <deceasedBoolean value="false"/>
        <maritalStatus>
          <coding>
            <system value="https://interoperabilidad.minsal.cl/fhir/ig/tei/CodeSystem/CSEstadoCivil"/>
            <code value="99"/>
            <display value="Desconocido"/>
          </coding>
        </maritalStatus>
      </Patient>
    </resource>
  </entry>
  <entry>
    <fullUrl value="http://acme.com/ehr/fhir/Condition/EjemploCondition"/>
    <resource>
      <Condition>
        <id value="EjemploCondition"/>
        <meta>
          <profile value="https://interoperabilidad.minsal.cl/fhir/ig/tei/StructureDefinition/ConditionIniciarDiagnosticoLE"/>
        </meta>
        <text>
          <status value="generated"/><div xmlns="http://www.w3.org/1999/xhtml"><p><b>Generated Narrative: Condition</b><a name="EjemploCondition"> </a></p><div style="display: inline-block; background-color: #d9e0e7; padding: 6px; margin: 4px; border: 1px solid #8da1b4; border-radius: 5px; line-height: 60%"><p style="margin-bottom: 0px">Resource Condition &quot;EjemploCondition&quot; </p><p style="margin-bottom: 0px">Profile: <a href="StructureDefinition-ConditionIniciarDiagnosticoLE.html">Condition Iniciar Diagnostico LE</a></p></div><p><b>clinicalStatus</b>: Active <span style="background: LightGoldenRodYellow; margin: 4px; border: 1px solid khaki"> (<a href="http://terminology.hl7.org/5.5.0/CodeSystem-condition-clinical.html">Condition Clinical Status Codes</a>#active)</span></p><p><b>verificationStatus</b>: Confirmed <span style="background: LightGoldenRodYellow; margin: 4px; border: 1px solid khaki"> (<a href="http://terminology.hl7.org/5.5.0/CodeSystem-condition-ver-status.html">ConditionVerificationStatus</a>#confirmed)</span></p><p><b>category</b>: diagnostico <span style="background: LightGoldenRodYellow; margin: 4px; border: 1px solid khaki"> (<a href="http://terminology.hl7.org/5.5.0/CodeSystem-condition-category.html">Condition Category Codes</a>#encounter-diagnosis)</span></p><p><b>severity</b>: Midgrade <span style="background: LightGoldenRodYellow; margin: 4px; border: 1px solid khaki"> (<a href="https://browser.ihtsdotools.org/">SNOMED CT</a>#6736007)</span></p><p><b>code</b>: Posible insuficiencia cardíaca, requiere evaluación cardiologo <span style="background: LightGoldenRodYellow; margin: 4px; border: 1px solid khaki"> (uno#394887005 &quot;sospecha de insuficiencia cardíaca (situación)&quot;)</span></p><p><b>subject</b>: <a href="#Patient_EjemploPatient">See above (Patient/EjemploPatient: Anibal Diaz Cortés)</a></p></div>
        </text>
        <clinicalStatus>
          <coding>
            <system value="http://terminology.hl7.org/CodeSystem/condition-clinical"/>
            <code value="active"/>
          </coding>
        </clinicalStatus>
        <verificationStatus>
          <coding>
            <system value="http://terminology.hl7.org/CodeSystem/condition-ver-status"/>
            <code value="confirmed"/>
          </coding>
        </verificationStatus>
        <category>
          <coding>
            <system value="http://terminology.hl7.org/CodeSystem/condition-category"/>
            <code value="encounter-diagnosis"/>
          </coding>
          <text value="diagnostico"/>
        </category>
        <severity>
          <coding>
            <system value="http://snomed.info/sct"/>
            <code value="6736007"/>
          </coding>
        </severity>
        <code>
          <coding>
            <system value="http://diagnosticos.cl/uno"/>
            <code value="394887005"/>
            <display value="sospecha de insuficiencia cardíaca (situación)"/>
          </coding>
          <text value="Posible insuficiencia cardíaca, requiere evaluación cardiologo"/>
        </code>
        <subject>
          <reference value="Patient/EjemploPatient"/>
          <display value="Anibal Diaz Cortés"/>
        </subject>
      </Condition>
    </resource>
  </entry>
  <entry>
    <fullUrl value="http://acme.com/ehr/fhir/Observation/EjemploObservation2"/>
    <resource>
      <Observation>
        <id value="EjemploObservation2"/>
        <meta>
          <profile value="https://interoperabilidad.minsal.cl/fhir/ig/tei/StructureDefinition/ObservationIniciarIndiceComorbilidadLE"/>
        </meta>
        <text>
          <status value="generated"/><div xmlns="http://www.w3.org/1999/xhtml"><p><b>Generated Narrative: Observation</b><a name="EjemploObservation2"> </a></p><div style="display: inline-block; background-color: #d9e0e7; padding: 6px; margin: 4px; border: 1px solid #8da1b4; border-radius: 5px; line-height: 60%"><p style="margin-bottom: 0px">Resource Observation &quot;EjemploObservation2&quot; </p><p style="margin-bottom: 0px">Profile: <a href="StructureDefinition-ObservationIniciarIndiceComorbilidadLE.html">Observation Iniciar Indice Comorbilidad LE</a></p></div><p><b>status</b>: final</p><p><b>category</b>: Indice Comorbilidad <span style="background: LightGoldenRodYellow; margin: 4px; border: 1px solid khaki"> (<a href="http://terminology.hl7.org/5.5.0/CodeSystem-observation-category.html">Observation Category Codes</a>#vital-signs)</span></p><p><b>code</b>: Riesgo Leve, 1 condición crónica <span style="background: LightGoldenRodYellow; margin: 4px; border: 1px solid khaki"> (<a href="CodeSystem-CSIndicecomorbilidad.html">Indice Comorbilidad</a>#G1)</span></p><p><b>subject</b>: <a href="#Patient_EjemploPatient">See above (Patient/EjemploPatient: Anibal Diaz Cortés)</a></p></div>
        </text>
        <status value="final"/>
        <category>
          <coding>
            <system value="http://terminology.hl7.org/CodeSystem/observation-category"/>
            <code value="vital-signs"/>
          </coding>
          <text value="Indice Comorbilidad"/>
        </category>
        <code>
          <coding>
            <system value="https://interoperabilidad.minsal.cl/fhir/ig/tei/CodeSystem/CSIndicecomorbilidad"/>
            <code value="G1"/>
          </coding>
          <text value="Riesgo Leve, 1 condición crónica"/>
        </code>
        <subject>
          <reference value="Patient/EjemploPatient"/>
          <display value="Anibal Diaz Cortés"/>
        </subject>
      </Observation>
    </resource>
  </entry>
  <entry>
    <fullUrl value="http://acme.com/ehr/fhir/Condition/EjemploConditionGES"/>
    <resource>
      <Condition>
        <id value="EjemploConditionGES"/>
        <meta>
          <profile value="https://interoperabilidad.minsal.cl/fhir/ig/tei/StructureDefinition/ConditionIniciarGesLE"/>
        </meta>
        <text>
          <status value="generated"/><div xmlns="http://www.w3.org/1999/xhtml"><p><b>Generated Narrative: Condition</b><a name="EjemploConditionGES"> </a></p><div style="display: inline-block; background-color: #d9e0e7; padding: 6px; margin: 4px; border: 1px solid #8da1b4; border-radius: 5px; line-height: 60%"><p style="margin-bottom: 0px">Resource Condition &quot;EjemploConditionGES&quot; </p><p style="margin-bottom: 0px">Profile: <a href="StructureDefinition-ConditionIniciarGesLE.html">Condition GES</a></p></div><p><b>clinicalStatus</b>: Active <span style="background: LightGoldenRodYellow; margin: 4px; border: 1px solid khaki"> (<a href="http://terminology.hl7.org/5.5.0/CodeSystem-condition-clinical.html">Condition Clinical Status Codes</a>#active)</span></p><p><b>category</b>: sospechaGes <span style="background: LightGoldenRodYellow; margin: 4px; border: 1px solid khaki"> (<a href="http://terminology.hl7.org/5.5.0/CodeSystem-condition-category.html">Condition Category Codes</a>#problem-list-item)</span></p><p><b>code</b>: SospechaPatologiaGesGlosa <span style="background: LightGoldenRodYellow; margin: 4px; border: 1px solid khaki"> (<a href="CodeSystem-CSSospechaPatologiaGes.html">Sospecha Patologia Ges</a>#I509)</span></p><p><b>subject</b>: <a href="#Patient_EjemploPatient">See above (Patient/EjemploPatient: Anibal Diaz Cortés)</a></p></div>
        </text>
        <clinicalStatus>
          <coding>
            <system value="http://terminology.hl7.org/CodeSystem/condition-clinical"/>
            <code value="active"/>
          </coding>
        </clinicalStatus>
        <category>
          <coding>
            <system value="http://terminology.hl7.org/CodeSystem/condition-category"/>
            <code value="problem-list-item"/>
          </coding>
          <text value="sospechaGes"/>
        </category>
        <code>
          <coding>
            <system value="https://interoperabilidad.minsal.cl/fhir/ig/tei/CodeSystem/CSSospechaPatologiaGes"/>
            <code value="I509"/>
          </coding>
          <text value="SospechaPatologiaGesGlosa"/>
        </code>
        <subject>
          <reference value="Patient/EjemploPatient"/>
          <display value="Anibal Diaz Cortés"/>
        </subject>
      </Condition>
    </resource>
  </entry>
  <entry>
    <fullUrl value="http://acme.com/ehr/fhir/Observation/EjemploObservation"/>
    <resource>
      <Observation>
        <id value="EjemploObservation"/>
        <meta>
          <profile value="https://interoperabilidad.minsal.cl/fhir/ig/tei/StructureDefinition/ObservationIniciarLE"/>
        </meta>
        <text>
          <status value="generated"/><div xmlns="http://www.w3.org/1999/xhtml"><p><b>Generated Narrative: Observation</b><a name="EjemploObservation"> </a></p><div style="display: inline-block; background-color: #d9e0e7; padding: 6px; margin: 4px; border: 1px solid #8da1b4; border-radius: 5px; line-height: 60%"><p style="margin-bottom: 0px">Resource Observation &quot;EjemploObservation&quot; </p><p style="margin-bottom: 0px">Profile: <a href="StructureDefinition-ObservationIniciarLE.html">Observation Iniciar LE</a></p></div><p><b>status</b>: registered</p><p><b>code</b>: examenes <span style="background: LightGoldenRodYellow; margin: 4px; border: 1px solid khaki"> ()</span></p><p><b>value</b>: No se presentan exámenes anteriores</p></div>
        </text>
        <status value="registered"/>
        <code>
          <text value="examenes"/>
        </code>
        <valueString value="No se presentan exámenes anteriores"/>
      </Observation>
    </resource>
  </entry>
  <entry>
    <fullUrl value="http://acme.com/ehr/fhir/Observation/EjemploObservationCuidador"/>
    <resource>
      <Observation>
        <id value="EjemploObservationCuidador"/>
        <meta>
          <profile value="https://interoperabilidad.minsal.cl/fhir/ig/tei/StructureDefinition/ObservationIniciarCuidadorLE"/>
        </meta>
        <text>
          <status value="generated"/><div xmlns="http://www.w3.org/1999/xhtml"><p><b>Generated Narrative: Observation</b><a name="EjemploObservationCuidador"> </a></p><div style="display: inline-block; background-color: #d9e0e7; padding: 6px; margin: 4px; border: 1px solid #8da1b4; border-radius: 5px; line-height: 60%"><p style="margin-bottom: 0px">Resource Observation &quot;EjemploObservationCuidador&quot; </p><p style="margin-bottom: 0px">Profile: <a href="StructureDefinition-ObservationIniciarCuidadorLE.html">Observation Iniciar Cuidador LE</a></p></div><p><b>status</b>: final</p><p><b>code</b>: Caregiver for person at-risk <span style="background: LightGoldenRodYellow; margin: 4px; border: 1px solid khaki"> (<a href="https://loinc.org/">LOINC</a>#95385-1)</span></p><p><b>subject</b>: <a href="#Patient_EjemploPatient">See above (Patient/EjemploPatient: Anibal Diaz Cortés)</a></p></div>
        </text>
        <status value="final"/>
        <code>
          <coding>
            <system value="http://loinc.org"/>
            <code value="95385-1"/>
          </coding>
        </code>
        <subject>
          <reference value="Patient/EjemploPatient"/>
          <display value="Anibal Diaz Cortés"/>
        </subject>
      </Observation>
    </resource>
  </entry>
  <entry>
    <fullUrl value="http://acme.com/ehr/fhir/Observation/EjemploObservationDiscapacidad"/>
    <resource>
      <Observation>
        <id value="EjemploObservationDiscapacidad"/>
        <meta>
          <profile value="https://interoperabilidad.minsal.cl/fhir/ig/tei/StructureDefinition/ObservationIniciarDiscapacidadLE"/>
        </meta>
        <text>
          <status value="extensions"/><div xmlns="http://www.w3.org/1999/xhtml"><p><b>Generated Narrative: Observation</b><a name="EjemploObservationDiscapacidad"> </a></p><div style="display: inline-block; background-color: #d9e0e7; padding: 6px; margin: 4px; border: 1px solid #8da1b4; border-radius: 5px; line-height: 60%"><p style="margin-bottom: 0px">Resource Observation &quot;EjemploObservationDiscapacidad&quot; </p><p style="margin-bottom: 0px">Profile: <a href="StructureDefinition-ObservationIniciarDiscapacidadLE.html">Observation Iniciar Discapacidad LE</a></p></div><p><b>ExtBool PresentaDiscapacidad</b>: false</p><p><b>status</b>: final</p><p><b>code</b>: Problem <span style="background: LightGoldenRodYellow; margin: 4px; border: 1px solid khaki"> (<a href="https://loinc.org/">LOINC</a>#75326-9)</span></p><p><b>subject</b>: <a href="#Patient_EjemploPatient">See above (Patient/EjemploPatient: Anibal Diaz Cortés)</a></p></div>
        </text>
        <extension url="https://interoperabilidad.minsal.cl/fhir/ig/tei/StructureDefinition/ExtBoolPresentaDiscapacidad">
          <valueBoolean value="false"/>
        </extension>
        <status value="final"/>
        <code>
          <coding>
            <system value="http://loinc.org"/>
            <code value="75326-9"/>
          </coding>
        </code>
        <subject>
          <reference value="Patient/EjemploPatient"/>
          <display value="Anibal Diaz Cortés"/>
        </subject>
      </Observation>
    </resource>
  </entry>
  <entry>
    <fullUrl value="http://acme.com/ehr/fhir/AllergyIntolerance/EjemploAllergyIntolerance"/>
    <resource>
      <AllergyIntolerance>
        <id value="EjemploAllergyIntolerance"/>
        <meta>
          <profile value="https://interoperabilidad.minsal.cl/fhir/ig/tei/StructureDefinition/AllergyIntoleranceIniciarLE"/>
        </meta>
        <text>
          <status value="generated"/><div xmlns="http://www.w3.org/1999/xhtml"><p><b>Generated Narrative: AllergyIntolerance</b><a name="EjemploAllergyIntolerance"> </a></p><div style="display: inline-block; background-color: #d9e0e7; padding: 6px; margin: 4px; border: 1px solid #8da1b4; border-radius: 5px; line-height: 60%"><p style="margin-bottom: 0px">Resource AllergyIntolerance &quot;EjemploAllergyIntolerance&quot; </p><p style="margin-bottom: 0px">Profile: <a href="StructureDefinition-AllergyIntoleranceIniciarLE.html">AllergyIntolerance Iniciar LE</a></p></div><p><b>clinicalStatus</b>: Active <span style="background: LightGoldenRodYellow; margin: 4px; border: 1px solid khaki"> (<a href="http://terminology.hl7.org/5.5.0/CodeSystem-allergyintolerance-clinical.html">AllergyIntolerance Clinical Status Codes</a>#active)</span></p><p><b>code</b>: Alergía a penicilina <span style="background: LightGoldenRodYellow; margin: 4px; border: 1px solid khaki"> ()</span></p><p><b>patient</b>: <a href="#Patient_EjemploPatient">See above (Patient/EjemploPatient: Anibal Diaz Cortés)</a></p></div>
        </text>
        <clinicalStatus>
          <coding>
            <system value="http://terminology.hl7.org/CodeSystem/allergyintolerance-clinical"/>
            <code value="active"/>
          </coding>
        </clinicalStatus>
        <code>
          <text value="Alergía a penicilina"/>
        </code>
        <patient>
          <reference value="Patient/EjemploPatient"/>
          <display value="Anibal Diaz Cortés"/>
        </patient>
      </AllergyIntolerance>
    </resource>
  </entry>
  <entry>
    <fullUrl value="http://acme.com/ehr/fhir/PractitionerRole/EjemploPractitionerRole"/>
    <resource>
      <PractitionerRole>
        <id value="EjemploPractitionerRole"/>
        <meta>
          <profile value="https://interoperabilidad.minsal.cl/fhir/ig/tei/StructureDefinition/PractitionerRoleLE"/>
        </meta>
        <text>
          <status value="generated"/><div xmlns="http://www.w3.org/1999/xhtml"><p><b>Generated Narrative: PractitionerRole</b><a name="EjemploPractitionerRole"> </a></p><div style="display: inline-block; background-color: #d9e0e7; padding: 6px; margin: 4px; border: 1px solid #8da1b4; border-radius: 5px; line-height: 60%"><p style="margin-bottom: 0px">Resource PractitionerRole &quot;EjemploPractitionerRole&quot; </p><p style="margin-bottom: 0px">Profile: <a href="StructureDefinition-PractitionerRoleLE.html">PractitionerRole LE</a></p></div><p><b>practitioner</b>: <a href="#Practitioner_EjemploPractitionerIniciar">See above (Practitioner/EjemploPractitionerIniciar: Ernesto Sepulveda Sierra)</a></p><p><b>organization</b>: <a href="#Organization_EjemploOrganization">See above (Organization/EjemploOrganization: Centro de Salud Familiar San Juan Dios)</a></p><p><b>code</b>: Iniciador <span style="background: LightGoldenRodYellow; margin: 4px; border: 1px solid khaki"> (<a href="CodeSystem-CSPractitionerTipoRolLE.html">Rol de profesionales</a>#iniciador)</span></p></div>
        </text>
        <practitioner>
          <reference value="Practitioner/EjemploPractitionerIniciar"/>
          <display value="Ernesto Sepulveda Sierra"/>
        </practitioner>
        <organization>
          <reference value="Organization/EjemploOrganization"/>
          <display value="Centro de Salud Familiar San Juan Dios"/>
        </organization>
        <code>
          <coding>
            <system value="https://interoperabilidad.minsal.cl/fhir/ig/tei/CodeSystem/CSPractitionerTipoRolLE"/>
            <code value="iniciador"/>
          </coding>
        </code>
      </PractitionerRole>
    </resource>
  </entry>
  <entry>
    <fullUrl value="http://acme.com/ehr/fhir/Practitioner/EjemploPractitionerIniciar"/>
    <resource>
      <Practitioner>
        <id value="EjemploPractitionerIniciar"/>
        <meta>
          <profile value="https://interoperabilidad.minsal.cl/fhir/ig/tei/StructureDefinition/PrestadorProfesionalLE"/>
        </meta>
        <text>
          <status value="extensions"/><div xmlns="http://www.w3.org/1999/xhtml"><p><b>Generated Narrative: Practitioner</b><a name="EjemploPractitionerIniciar"> </a></p><div style="display: inline-block; background-color: #d9e0e7; padding: 6px; margin: 4px; border: 1px solid #8da1b4; border-radius: 5px; line-height: 60%"><p style="margin-bottom: 0px">Resource Practitioner &quot;EjemploPractitionerIniciar&quot; </p><p style="margin-bottom: 0px">Profile: <a href="StructureDefinition-PrestadorProfesionalLE.html">Prestador Profesional LE</a></p></div><p><b>Codigo de Identificación de países</b>: Chile <span style="background: LightGoldenRodYellow; margin: 4px; border: 1px solid khaki"> (<a href="https://hl7chile.cl/fhir/ig/clcore/1.8.5/CodeSystem-CodPais.html">Códigos de Países</a>#152)</span></p><p><b>identifier</b>: 1/32.333.333-3 (use: OFFICIAL), 2/123884 (use: OFFICIAL), 4/123884 (use: SECONDARY)</p><p><b>active</b>: true</p><p><b>name</b>: Miguel Sierra (OFFICIAL)</p><p><b>telecom</b>: <a href="tel:+56982460152">+56982460152</a></p><p><b>gender</b>: female</p><p><b>birthDate</b>: 1982-08-24</p><blockquote><p><b>qualification</b></p><p><b>identifier</b>: esp</p><p><b>code</b>: Médico general <span style="background: LightGoldenRodYellow; margin: 4px; border: 1px solid khaki"> (<a href="CodeSystem-CSTituloProfesional.html">TituloProfesional</a>#30 &quot;MÉDICO GENERAL&quot;)</span></p><p><b>period</b>: 2023-01-01 --&gt; 2100-01-31</p></blockquote><blockquote><p><b>qualification</b></p><p><b>identifier</b>: subesp</p><p><b>code</b>: CardiologíaCardiotorácico <span style="background: LightGoldenRodYellow; margin: 4px; border: 1px solid khaki"> (<a href="CodeSystem-CSTituloProfesional.html">TituloProfesional</a>#1 &quot;MÉDICO CIRUJANO&quot;)</span></p><p><b>period</b>: 2024-01-01 --&gt; 2100-01-31</p></blockquote></div>
        </text>
        <extension url="https://hl7chile.cl/fhir/ig/clcore/StructureDefinition/CodigoPaises">
          <valueCodeableConcept>
            <coding>
              <system value="https://hl7chile.cl/fhir/ig/clcore/CodeSystem/CodPais"/>
              <code value="152"/>
              <display value="Chile"/>
            </coding>
          </valueCodeableConcept>
        </extension>
        <identifier>
          <use value="official"/>
          <type>
            <coding>
              <system value="https://interoperabilidad.minsal.cl/fhir/ig/hpd/CodeSystem/VSTipoIdentificadorDEIS"/>
              <code value="1"/>
            </coding>
          </type>
          <system value="https://api.cl/system/run"/>
          <value value="32.333.333-3"/>
        </identifier>
        <identifier>
          <use value="official"/>
          <type>
            <coding>
              <system value="https://interoperabilidad.minsal.cl/fhir/ig/hpd/CodeSystem/VSTipoIdentificadorDEIS"/>
              <code value="2"/>
            </coding>
          </type>
          <value value="123884"/>
        </identifier>
        <identifier>
          <use value="secondary"/>
          <type>
            <coding>
              <system value="https://interoperabilidad.minsal.cl/fhir/ig/hpd/CodeSystem/VSTipoIdentificadorDEIS"/>
              <code value="4"/>
            </coding>
          </type>
          <value value="123884"/>
        </identifier>
        <active value="true"/>
        <name>
          <use value="official"/>
          <family value="Sierra">
            <extension url="https://hl7chile.cl/fhir/ig/clcore/StructureDefinition/SegundoApellido">
              <valueString value="Quintana"/>
            </extension>
          </family>
          <given value="Miguel"/>
        </name>
        <telecom>
          <system value="phone"/>
          <value value="+56982460152"/>
          <use value="home"/>
          <rank value="1"/>
        </telecom>
        <gender value="female"/>
        <birthDate value="1982-08-24"/>
        <qualification>
          <identifier>
            <value value="esp"/>
          </identifier>
          <code>
            <coding>
              <system value="https://interoperabilidad.minsal.cl/fhir/ig/tei/CodeSystem/CSTituloProfesional"/>
              <code value="30"/>
              <display value="MÉDICO GENERAL"/>
            </coding>
            <text value="Médico general"/>
          </code>
          <period>
            <start value="2023-01-01"/>
            <end value="2100-01-31"/>
          </period>
        </qualification>
        <qualification>
          <identifier>
            <value value="subesp"/>
          </identifier>
          <code>
            <coding>
              <system value="https://interoperabilidad.minsal.cl/fhir/ig/tei/CodeSystem/CSTituloProfesional"/>
              <code value="1"/>
              <display value="MÉDICO CIRUJANO"/>
            </coding>
            <text value="CardiologíaCardiotorácico"/>
          </code>
          <period>
            <start value="2024-01-01"/>
            <end value="2100-01-31"/>
          </period>
        </qualification>
      </Practitioner>
    </resource>
  </entry>
  <entry>
    <fullUrl value="http://acme.com/ehr/fhir/Organization/EjemploOrganization"/>
    <resource>
      <Organization>
        <id value="EjemploOrganization"/>
        <meta>
          <profile value="https://interoperabilidad.minsal.cl/fhir/ig/tei/StructureDefinition/OrganizationLE"/>
        </meta>
        <text>
          <status value="generated"/><div xmlns="http://www.w3.org/1999/xhtml"><p><b>Generated Narrative: Organization</b><a name="EjemploOrganization"> </a></p><div style="display: inline-block; background-color: #d9e0e7; padding: 6px; margin: 4px; border: 1px solid #8da1b4; border-radius: 5px; line-height: 60%"><p style="margin-bottom: 0px">Resource Organization &quot;EjemploOrganization&quot; </p><p style="margin-bottom: 0px">Profile: <a href="StructureDefinition-OrganizationLE.html">Organization LE</a></p></div><p><b>identifier</b>: 116309/Centro de Salud Familiar San Juan Dios</p></div>
        </text>
        <identifier>
          <type>
            <coding>
              <system value="http://minsal.cl/deis/establecimientos"/>
              <code value="116309"/>
            </coding>
          </type>
          <value value="Centro de Salud Familiar San Juan Dios"/>
        </identifier>
      </Organization>
    </resource>
  </entry>
  <entry>
    <fullUrl value="http://acme.com/ehr/fhir/DocumentReference/EjemploDocumentReference"/>
    <resource>
      <DocumentReference>
        <id value="EjemploDocumentReference"/>
        <meta>
          <profile value="https://interoperabilidad.minsal.cl/fhir/ig/tei/StructureDefinition/DocumentReferenceIniciarLE"/>
        </meta>
        <text>
          <status value="generated"/><div xmlns="http://www.w3.org/1999/xhtml"><p><b>Generated Narrative: DocumentReference</b><a name="EjemploDocumentReference"> </a></p><div style="display: inline-block; background-color: #d9e0e7; padding: 6px; margin: 4px; border: 1px solid #8da1b4; border-radius: 5px; line-height: 60%"><p style="margin-bottom: 0px">Resource DocumentReference &quot;EjemploDocumentReference&quot; </p><p style="margin-bottom: 0px">Profile: <a href="StructureDefinition-DocumentReferenceIniciarLE.html">DocumentReference Iniciar LE</a></p></div><p><b>status</b>: current</p><p><b>type</b>: Documento que acredita calidad de cuidador/a del Programa Red Local de Apoyos y Cuidados (MIDESOF) <span style="background: LightGoldenRodYellow; margin: 4px; border: 1px solid khaki"> (<a href="CodeSystem-CSDocAcreditacionCuidador.html">Documento Acreditacion Cuidador</a>#1)</span></p><p><b>subject</b>: <a href="#Patient_EjemploPatient">See above (Patient/EjemploPatient: Anibal Diaz Cortés)</a></p><blockquote><p><b>content</b></p><h3>Attachments</h3><table class="grid"><tr><td style="display: none">-</td><td><b>Url</b></td><td><b>Title</b></td></tr><tr><td style="display: none">*</td><td><a href="http://example.org/referencia">http://example.org/referencia</a></td><td>Documento de acreditación</td></tr></table></blockquote></div>
        </text>
        <status value="current"/>
        <type>
          <coding>
            <system value="https://interoperabilidad.minsal.cl/fhir/ig/tei/CodeSystem/CSDocAcreditacionCuidador"/>
            <code value="1"/>
          </coding>
        </type>
        <subject>
          <reference value="Patient/EjemploPatient"/>
          <display value="Anibal Diaz Cortés"/>
        </subject>
        <content>
          <attachment>
            <url value="http://example.org/referencia"/>
            <title value="Documento de acreditación"/>
          </attachment>
        </content>
      </DocumentReference>
    </resource>
  </entry>
  <entry>
    <fullUrl value="http://acme.com/ehr/fhir/Coverage/EjemploCoverage"/>
    <resource>
      <Coverage>
        <id value="EjemploCoverage"/>
        <meta>
          <profile value="https://interoperabilidad.minsal.cl/fhir/ig/tei/StructureDefinition/CoverageIniciarLE"/>
        </meta>
        <text>
          <status value="generated"/><div xmlns="http://www.w3.org/1999/xhtml"><p><b>Generated Narrative: Coverage</b><a name="EjemploCoverage"> </a></p><div style="display: inline-block; background-color: #d9e0e7; padding: 6px; margin: 4px; border: 1px solid #8da1b4; border-radius: 5px; line-height: 60%"><p style="margin-bottom: 0px">Resource Coverage &quot;EjemploCoverage&quot; </p><p style="margin-bottom: 0px">Profile: <a href="StructureDefinition-CoverageIniciarLE.html">Coverage Iniciar LE</a></p></div><p><b>status</b>: active</p><p><b>type</b>: health insurance plan policy <span style="background: LightGoldenRodYellow; margin: 4px; border: 1px solid khaki"> (<a href="http://terminology.hl7.org/5.5.0/CodeSystem-v3-ActCode.html">ActCode</a>#HIP)</span></p><p><b>beneficiary</b>: <a href="#Patient_EjemploPatient">See above (Patient/EjemploPatient: Anibal Diaz Cortés)</a></p><p><b>payor</b>: <a href="#Patient_EjemploPatient">See above (Patient/EjemploPatient: Anibal Diaz Cortés)</a></p><h3>Classes</h3><table class="grid"><tr><td style="display: none">-</td><td><b>Type</b></td><td><b>Value</b></td></tr><tr><td style="display: none">*</td><td>FONASA Fondo Nacional de Salud. <span style="background: LightGoldenRodYellow; margin: 4px; border: 1px solid khaki"> (<a href="CodeSystem-CSPrevisionCodigo.html">PrevisionCodigo</a>#1)</span></td><td>FONASA</td></tr></table></div>
        </text>
        <status value="active"/>
        <type>
          <coding>
            <system value="http://terminology.hl7.org/CodeSystem/v3-ActCode"/>
            <code value="HIP"/>
          </coding>
        </type>
        <beneficiary>
          <reference value="Patient/EjemploPatient"/>
          <display value="Anibal Diaz Cortés"/>
        </beneficiary>
        <payor>
          <reference value="Patient/EjemploPatient"/>
          <display value="Anibal Diaz Cortés"/>
        </payor>
        <class>
          <type>
            <coding>
              <system value="https://interoperabilidad.minsal.cl/fhir/ig/tei/CodeSystem/CSPrevisionCodigo"/>
              <code value="1"/>
              <display value="FONASA Fondo Nacional de Salud."/>
            </coding>
          </type>
          <value value="FONASA"/>
        </class>
      </Coverage>
    </resource>
  </entry>
  <entry>
    <fullUrl value="http://acme.com/ehr/fhir/QuestionnaireResponse/EjemploQuestionnaireResponseIniciarLE"/>
    <resource>
      <QuestionnaireResponse>
        <id value="EjemploQuestionnaireResponseIniciarLE"/>
        <meta>
          <profile value="https://interoperabilidad.minsal.cl/fhir/ig/tei/StructureDefinition/QuestionnaireResponseIniciarLE"/>
        </meta>
        <text>
          <status value="generated"/><div xmlns="http://www.w3.org/1999/xhtml"><p><b>Generated Narrative: QuestionnaireResponse</b><a name="EjemploQuestionnaireResponseIniciarLE"> </a></p><div style="display: inline-block; background-color: #d9e0e7; padding: 6px; margin: 4px; border: 1px solid #8da1b4; border-radius: 5px; line-height: 60%"><p style="margin-bottom: 0px">Resource QuestionnaireResponse &quot;EjemploQuestionnaireResponseIniciarLE&quot; </p><p style="margin-bottom: 0px">Profile: <a href="StructureDefinition-QuestionnaireResponseIniciarLE.html">QuestionnaireResponse Iniciar Motivo de la Derivación LE</a></p></div><p><b>status</b>: completed</p><blockquote><p><b>item</b></p><p><b>linkId</b>: MotivoDerivacion</p><p><b>text</b>: Motivo Derivación</p><h3>Answers</h3><table class="grid"><tr><td style="display: none">-</td><td><b>Value[x]</b></td></tr><tr><td style="display: none">*</td><td>Posible insuficiencia cardiaca</td></tr></table></blockquote></div>
        </text>
        <status value="completed"/>
        <item>
          <linkId value="MotivoDerivacion"/>
          <text value="Motivo Derivación"/>
          <answer>
            <valueString value="Posible insuficiencia cardiaca"/>
          </answer>
        </item>
      </QuestionnaireResponse>
    </resource>
  </entry>
</Bundle>