{
  "resourceType" : "CodeSystem",
  "id" : "CSSexoBiologico",
  "text" : {
    "status" : "generated",
    "div" : "<div xmlns=\"http://www.w3.org/1999/xhtml\">Placeholder</div>"
  },
  "url" : "https://interoperabilidad.minsal.cl/fhir/ig/tei/CodeSystem/CSSexoBiologico",
  "version" : "0.1.6",
  "name" : "CSSexoBiologico",
  "title" : "Códigos para Sexo de Nacimiento de Paciente",
  "status" : "active",
  "experimental" : false,
  "date" : "2023-01-15",
  "publisher" : "Unidad de Interoperabilidad - MINSAL",
  "contact" : [{
    "name" : "Unidad de Interoperabilidad - MINSAL",
    "telecom" : [{
      "system" : "url",
      "value" : "https://interoperabilidad.minsal.cl"
    }]
  }],
  "description" : "Codigos definidos para el sexo de nacimiento de un paciente en Chile",
  "jurisdiction" : [{
    "coding" : [{
      "system" : "urn:iso:std:iso:3166",
      "code" : "CL",
      "display" : "Chile"
    }]
  }],
  "content" : "complete",
  "count" : 4,
  "concept" : [{
    "code" : "1",
    "display" : "Hombre",
    "definition" : "Persona que al nacer se observa anatómicamente que tiene a nivel genital pene, escroto y/o testículos."
  },
  {
    "code" : "2",
    "display" : "Mujer",
    "definition" : "Persona que al nacerse se observa anatómicamente que tiene a nivel genital vulva u orificio vaginal."
  },
  {
    "code" : "3",
    "display" : "Intersexual",
    "definition" : "Persona que al nacer se observa variaciones anatómicas en los órganos genitales del cuerpo que no permite clasificar de forma dicotómica en hombre o mujer. No constituye un tercer sexo."
  },
  {
    "code" : "99",
    "display" : "Desconocido",
    "definition" : "No es posible determinarlo al momento de la atención de salud."
  }]
}