<?xml version="1.0" encoding="UTF-8"?>

<CodeSystem xmlns="http://hl7.org/fhir">
  <id value="CSMotivoNoPertinenciaCodigo"/>
  <text>
    <status value="generated"/><div xmlns="http://www.w3.org/1999/xhtml"><p>This case-sensitive code system <code>https://interoperabilidad.minsal.cl/fhir/ig/tei/CodeSystem/CSMotivoNoPertinenciaCodigo</code> defines the following codes:</p><table class="codes"><tr><td style="white-space:nowrap"><b>Code</b></td><td><b>Display</b></td></tr><tr><td style="white-space:nowrap">1<a name="CSMotivoNoPertinenciaCodigo-1"> </a></td><td>No cumple reglas de derivación</td></tr><tr><td style="white-space:nowrap">2<a name="CSMotivoNoPertinenciaCodigo-2"> </a></td><td>No respeta criterios de inclusión</td></tr><tr><td style="white-space:nowrap">3<a name="CSMotivoNoPertinenciaCodigo-3"> </a></td><td>Otro</td></tr></table></div>
  </text>
  <url value="https://interoperabilidad.minsal.cl/fhir/ig/tei/CodeSystem/CSMotivoNoPertinenciaCodigo"/>
  <version value="0.2.1"/>
  <name value="CSMotivoNoPertinenciaCodigo"/>
  <title value="Motivo No Pertinencia Codigo"/>
  <status value="active"/>
  <experimental value="false"/>
  <date value="2023-01-15"/>
  <publisher value="Unidad de Interoperabilidad - MINSAL"/>
  <contact>
    <name value="Unidad de Interoperabilidad - MINSAL"/>
    <telecom>
      <system value="url"/>
      <value value="https://interoperabilidad.minsal.cl"/>
    </telecom>
  </contact>
  <description value="Motivo No Pertinencia Codigo"/>
  <jurisdiction>
    <coding>
      <system value="urn:iso:std:iso:3166"/>
      <code value="CL"/>
      <display value="Chile"/>
    </coding>
  </jurisdiction>
  <caseSensitive value="true"/>
  <content value="complete"/>
  <count value="3"/>
  <concept>
    <code value="1"/>
    <display value="No cumple reglas de derivación"/>
  </concept>
  <concept>
    <code value="2"/>
    <display value="No respeta criterios de inclusión"/>
  </concept>
  <concept>
    <code value="3"/>
    <display value="Otro"/>
  </concept>
</CodeSystem>