{
  "resourceType" : "CodeSystem",
  "id" : "CSProblemaGES",
  "text" : {
    "status" : "generated",
    "div" : "<div xmlns=\"http://www.w3.org/1999/xhtml\"><p>This case-sensitive code system <code>https://interoperabilidad.minsal.cl/fhir/ig/tei/CodeSystem/CSProblemaGES</code> defines the following codes:</p><table class=\"codes\"><tr><td style=\"white-space:nowrap\"><b>Code</b></td><td><b>Display</b></td></tr><tr><td style=\"white-space:nowrap\">A000<a name=\"CSProblemaGES-A000\"> </a></td><td>CÓLERA DEBIDO A VIBRIO CHOLERAE O1, BIOTIPO CHOLERAE</td></tr><tr><td style=\"white-space:nowrap\">A001<a name=\"CSProblemaGES-A001\"> </a></td><td>CÓLERA DEBIDO A VIBRIO CHOLERAE 01, BIOTIPO EL TOR</td></tr><tr><td style=\"white-space:nowrap\">A009<a name=\"CSProblemaGES-A009\"> </a></td><td>CÓLERA, NO ESPECIFICADO</td></tr><tr><td style=\"white-space:nowrap\">A010<a name=\"CSProblemaGES-A010\"> </a></td><td>FIEBRE TIFOIDEA</td></tr><tr><td style=\"white-space:nowrap\">A011<a name=\"CSProblemaGES-A011\"> </a></td><td>FIEBRE PARATIFOIDEA A</td></tr><tr><td style=\"white-space:nowrap\">A012<a name=\"CSProblemaGES-A012\"> </a></td><td>FIEBRE PARATIFOIDEA B</td></tr></table></div>"
  },
  "url" : "https://interoperabilidad.minsal.cl/fhir/ig/tei/CodeSystem/CSProblemaGES",
  "version" : "0.9.1",
  "name" : "CSProblemaGES",
  "title" : "Sospecha Patologia Ges",
  "status" : "active",
  "experimental" : false,
  "date" : "2023-01-15",
  "publisher" : "Unidad de Interoperabilidad - MINSAL",
  "contact" : [{
    "name" : "Unidad de Interoperabilidad - MINSAL",
    "telecom" : [{
      "system" : "url",
      "value" : "https://interoperabilidad.minsal.cl"
    }]
  }],
  "description" : "Sospecha Patologia Ges",
  "jurisdiction" : [{
    "coding" : [{
      "system" : "urn:iso:std:iso:3166",
      "code" : "CL",
      "display" : "Chile"
    }]
  }],
  "caseSensitive" : true,
  "content" : "complete",
  "count" : 6,
  "concept" : [{
    "code" : "A000",
    "display" : "CÓLERA DEBIDO A VIBRIO CHOLERAE O1, BIOTIPO CHOLERAE"
  },
  {
    "code" : "A001",
    "display" : "CÓLERA DEBIDO A VIBRIO CHOLERAE 01, BIOTIPO EL TOR"
  },
  {
    "code" : "A009",
    "display" : "CÓLERA, NO ESPECIFICADO"
  },
  {
    "code" : "A010",
    "display" : "FIEBRE TIFOIDEA"
  },
  {
    "code" : "A011",
    "display" : "FIEBRE PARATIFOIDEA A"
  },
  {
    "code" : "A012",
    "display" : "FIEBRE PARATIFOIDEA B"
  }]
}