<?xml version="1.0" encoding="UTF-8"?>

<CodeSystem xmlns="http://hl7.org/fhir">
  <id value="CSTipoIdentificadorSR"/>
  <text>
    <status value="generated"/><div xmlns="http://www.w3.org/1999/xhtml"><p>This case-sensitive code system <code>https://interoperabilidad.minsal.cl/fhir/ig/tei/CodeSystem/CSTipoIdentificadorSR</code> defines the following codes:</p><table class="codes"><tr><td style="white-space:nowrap"><b>Code</b></td><td><b>Display</b></td></tr><tr><td style="white-space:nowrap">01<a name="CSTipoIdentificadorSR-01"> </a></td><td>SolicitudInterconsulta</td></tr><tr><td style="white-space:nowrap">02<a name="CSTipoIdentificadorSR-02"> </a></td><td>ID Solicitud exámen</td></tr></table></div>
  </text>
  <url value="https://interoperabilidad.minsal.cl/fhir/ig/tei/CodeSystem/CSTipoIdentificadorSR"/>
  <version value="0.9.1"/>
  <name value="CSTipoIdentificadorSR"/>
  <title value="Id interconsulta"/>
  <status value="active"/>
  <experimental value="false"/>
  <date value="2023-01-15"/>
  <publisher value="Unidad de Interoperabilidad - MINSAL"/>
  <contact>
    <name value="Unidad de Interoperabilidad - MINSAL"/>
    <telecom>
      <system value="url"/>
      <value value="https://interoperabilidad.minsal.cl"/>
    </telecom>
  </contact>
  <description value="Id interconsulta"/>
  <jurisdiction>
    <coding>
      <system value="urn:iso:std:iso:3166"/>
      <code value="CL"/>
      <display value="Chile"/>
    </coding>
  </jurisdiction>
  <caseSensitive value="true"/>
  <content value="complete"/>
  <count value="2"/>
  <concept>
    <code value="01"/>
    <display value="SolicitudInterconsulta"/>
  </concept>
  <concept>
    <code value="02"/>
    <display value="ID Solicitud exámen"/>
  </concept>
</CodeSystem>