{
  "codeSystems" : [
    {
      "url" : "https://interoperabilidad.minsal.cl/fhir/ig/tei/CodeSystem/CSConsecuenciaAtencionCodigo",
      "version" : "0.1.6",
      "status" : "active",
      "name" : "CSConsecuenciaAtencionCodigo",
      "title" : "Consecuencia Atención Codigo",
      "description" : "Consecuencia Atención Codigo"
    },
    {
      "url" : "https://interoperabilidad.minsal.cl/fhir/ig/tei/CodeSystem/CSDerivadoParaCodigo",
      "version" : "0.1.6",
      "status" : "active",
      "name" : "CSDerivadoParaCodigo",
      "title" : "Derivado Para",
      "description" : "Derivado Para"
    },
    {
      "url" : "https://interoperabilidad.minsal.cl/fhir/ig/tei/CodeSystem/CSDestinoReferenciaCodigo",
      "version" : "0.1.6",
      "status" : "active",
      "name" : "CSDestinoReferenciaCodigo",
      "title" : "Destino Referencia Codigo",
      "description" : "Destino Referencia Codigo"
    },
    {
      "url" : "https://interoperabilidad.minsal.cl/fhir/ig/tei/CodeSystem/CSDocAcreditacionCuidador",
      "version" : "0.1.6",
      "status" : "active",
      "name" : "CSDocAcreditacionCuidador",
      "title" : "Documento Acreditacion Cuidador",
      "description" : "Documento Acreditacion Cuidador"
    },
    {
      "url" : "https://interoperabilidad.minsal.cl/fhir/ig/tei/CodeSystem/CSEspecialidadBioqca",
      "version" : "0.1.6",
      "status" : "active",
      "name" : "CSEspecialidadBioqca",
      "title" : "Especialidades y Subespecialidades Bioquímicas",
      "description" : "Especialidades y Subespecialidades Bioquímicas"
    },
    {
      "url" : "https://interoperabilidad.minsal.cl/fhir/ig/tei/CodeSystem/CSEspecialidadFarma",
      "version" : "0.1.6",
      "status" : "active",
      "name" : "CSEspecialidadFarma",
      "title" : "Especialidades Farmaceúticas o Química Farmaceúticas",
      "description" : "Especialidades Farmaceúticas o Química Farmaceúticas"
    },
    {
      "url" : "https://interoperabilidad.minsal.cl/fhir/ig/tei/CodeSystem/CSEspecialidadMed",
      "version" : "0.1.6",
      "status" : "active",
      "name" : "CSEspecialidadMed",
      "title" : "EspecialidadMed",
      "description" : "EspecialidadMed"
    },
    {
      "url" : "https://interoperabilidad.minsal.cl/fhir/ig/tei/CodeSystem/CSEspecialidadOdont",
      "version" : "0.1.6",
      "status" : "active",
      "name" : "CSEspecialidadOdont",
      "title" : "Especialidades Odontológicas",
      "description" : "Especialidades Odontológicas"
    },
    {
      "url" : "https://interoperabilidad.minsal.cl/fhir/ig/tei/CodeSystem/CSEstablecimientoDestinoCodigo",
      "version" : "0.1.6",
      "status" : "active",
      "name" : "CSEstablecimientoDestinoCodigo",
      "title" : "Establecimiento Destino Codigo",
      "description" : "Establecimiento Destino Codigo ejemplos hechos en base a este documento con los [Códigos DEIS del establecimientos](https://datos.gob.cl/dataset/establecimientos-de-salud-vigentes)"
    },
    {
      "url" : "https://interoperabilidad.minsal.cl/fhir/ig/tei/CodeSystem/CSEstadoCivil",
      "version" : "0.1.6",
      "status" : "active",
      "name" : "CSEstadoCivil",
      "title" : "EstadoCivil",
      "description" : "EstadoCivil"
    },
    {
      "url" : "https://interoperabilidad.minsal.cl/fhir/ig/tei/CodeSystem/CSEstadoInterconsulta",
      "version" : "0.1.6",
      "status" : "active",
      "name" : "CSEstadoInterconsulta",
      "title" : "Estado Interconsulta",
      "description" : "Estado Interconsulta"
    },
    {
      "url" : "https://interoperabilidad.minsal.cl/fhir/ig/tei/CodeSystem/CSHipotesisDiagnosticaCodigo",
      "version" : "0.1.6",
      "status" : "active",
      "name" : "CSHipotesisDiagnosticaCodigo",
      "title" : "HipotesisDiagnosticaCodigo",
      "description" : "HipotesisDiagnosticaCodigo"
    },
    {
      "url" : "https://interoperabilidad.minsal.cl/fhir/ig/tei/CodeSystem/CSIdInterconsulta",
      "version" : "0.1.6",
      "status" : "active",
      "name" : "CSIdInterconsulta",
      "title" : "Id interconsulta",
      "description" : "Id interconsulta"
    },
    {
      "url" : "https://interoperabilidad.minsal.cl/fhir/ig/tei/CodeSystem/CSIdentidaddeGenero",
      "version" : "0.1.6",
      "status" : "active",
      "name" : "CSIdentidaddeGenero",
      "title" : "Identidad de Genero",
      "description" : "Identidad de Genero"
    },
    {
      "url" : "https://interoperabilidad.minsal.cl/fhir/ig/tei/CodeSystem/CSIndicecomorbilidad",
      "version" : "0.1.6",
      "status" : "active",
      "name" : "CSIndicecomorbilidad",
      "title" : "Indice Comorbilidad",
      "description" : "Indice Comorbilidad"
    },
    {
      "url" : "https://interoperabilidad.minsal.cl/fhir/ig/tei/CodeSystem/CSMedioNotificacion",
      "version" : "0.1.6",
      "status" : "active",
      "name" : "CSMedioNotificacion",
      "title" : "Medio Notificación",
      "description" : "Medio Notificación"
    },
    {
      "url" : "https://interoperabilidad.minsal.cl/fhir/ig/tei/CodeSystem/CSModalidadAtencionCodigo",
      "version" : "0.1.6",
      "status" : "active",
      "name" : "CSModalidadAtencionCodigo",
      "title" : "Modalidad Atencion Codigo",
      "description" : "Modalidad Atencion Codigo"
    },
    {
      "url" : "https://interoperabilidad.minsal.cl/fhir/ig/tei/CodeSystem/CSMotivoCierreInterconsulta",
      "version" : "0.1.6",
      "status" : "active",
      "name" : "CSMotivoCierreInterconsulta",
      "title" : "Motivo Cierre Interconsulta",
      "description" : "Motivo Cierre Interconsulta"
    },
    {
      "url" : "https://interoperabilidad.minsal.cl/fhir/ig/tei/CodeSystem/CSMotivoNoContactabilidad",
      "version" : "0.1.6",
      "status" : "active",
      "name" : "CSMotivoNoContactabilidad",
      "title" : "Motivo No Contactabilidad",
      "description" : "Motivo No Contactabilidad"
    },
    {
      "url" : "https://interoperabilidad.minsal.cl/fhir/ig/tei/CodeSystem/CSMotivoNoPertinenciaCodigo",
      "version" : "0.1.6",
      "status" : "active",
      "name" : "CSMotivoNoPertinenciaCodigo",
      "title" : "Motivo No Pertinencia Codigo",
      "description" : "Motivo No Pertinencia Codigo"
    },
    {
      "url" : "https://interoperabilidad.minsal.cl/fhir/ig/tei/CodeSystem/CSPertinenciaInterconsulta",
      "version" : "0.1.6",
      "status" : "active",
      "name" : "CSPertinenciaInterconsulta",
      "title" : "Pertinencia Interconsulta",
      "description" : "Pertinencia Interconsulta"
    },
    {
      "url" : "https://interoperabilidad.minsal.cl/fhir/ig/tei/CodeSystem/CSPractitionerTipoRolLE",
      "version" : "0.1.6",
      "status" : "active",
      "name" : "CSPractitionerTipoRolLE",
      "title" : "Rol de profesionales",
      "description" : "CodeSystem con códigos definidos para representar cada rol de profesional o funcionario administrativo dentro de la interconsulta"
    },
    {
      "url" : "https://interoperabilidad.minsal.cl/fhir/ig/tei/CodeSystem/CSPrevisionCodigo",
      "version" : "0.1.6",
      "status" : "active",
      "name" : "CSPrevisionCodigo",
      "title" : "PrevisionCodigo",
      "description" : "PrevisionCodigo"
    },
    {
      "url" : "https://interoperabilidad.minsal.cl/fhir/ig/tei/CodeSystem/CSReligion",
      "version" : "0.1.6",
      "status" : "active",
      "name" : "CSReligion",
      "title" : "Religion",
      "description" : "Religion"
    },
    {
      "url" : "https://interoperabilidad.minsal.cl/fhir/ig/tei/CodeSystem/CSSexoBiologico",
      "version" : "0.1.6",
      "status" : "active",
      "name" : "CSSexoBiologico",
      "title" : "Códigos para Sexo de Nacimiento de Paciente",
      "description" : "Codigos definidos para el sexo de nacimiento de un paciente en Chile"
    },
    {
      "url" : "https://interoperabilidad.minsal.cl/fhir/ig/tei/CodeSystem/CSSospechaPatologia",
      "version" : "0.1.6",
      "status" : "active",
      "name" : "CSSospechaPatologia",
      "title" : "Sospecha Patologia",
      "description" : "Sospecha Patologia"
    },
    {
      "url" : "https://interoperabilidad.minsal.cl/fhir/ig/tei/CodeSystem/CSSospechaPatologiaGes",
      "version" : "0.1.6",
      "status" : "active",
      "name" : "CSSospechaPatologiaGes",
      "title" : "Sospecha Patologia Ges",
      "description" : "Sospecha Patologia Ges"
    },
    {
      "url" : "https://interoperabilidad.minsal.cl/fhir/ig/tei/CodeSystem/CSTipoCodDiagnostica",
      "version" : "0.1.6",
      "status" : "active",
      "name" : "CSTipoCodDiagnostica",
      "title" : "Tipo Codificación Diagnostica",
      "description" : "Tipo Codificación Diagnostica"
    },
    {
      "url" : "https://interoperabilidad.minsal.cl/fhir/ig/tei/CodeSystem/CSTipoConsulta",
      "version" : "0.1.6",
      "status" : "active",
      "name" : "CSTipoConsulta",
      "title" : "Tipo Consulta",
      "description" : "Tipo Consulta"
    },
    {
      "url" : "https://interoperabilidad.minsal.cl/fhir/ig/tei/CodeSystem/CSTipoEventoLE",
      "version" : "0.1.6",
      "status" : "active",
      "name" : "CSTipoEventoLE",
      "title" : "Tipo de Evento",
      "description" : "CodeSystem con códigos definidos para representar cada evento en la interconsulta"
    },
    {
      "url" : "https://interoperabilidad.minsal.cl/fhir/ig/tei/CodeSystem/CSTituloProfesional",
      "version" : "0.1.6",
      "status" : "active",
      "name" : "CSTituloProfesional",
      "title" : "TituloProfesional",
      "description" : "TituloProfesional"
    },
    {
      "url" : "https://interoperabilidad.minsal.cl/fhir/ig/tei/CodeSystem/CSinterconsulta",
      "version" : "0.1.6",
      "status" : "active",
      "name" : "CSinterconsulta",
      "title" : "Interconsulta",
      "description" : "Interconsulta"
    },
    {
      "url" : "https://interoperabilidad.minsal.cl/fhir/ig/tei/CodeSystem/PueblosOriginariosCS",
      "version" : "0.1.6",
      "status" : "draft",
      "name" : "PueblosOriginariosCS",
      "title" : "Pueblos Originarios de Chile",
      "description" : "Pueblos Originarios de Chile"
    }
  ]
}
