<?xml version="1.0" encoding="UTF-8"?>

<PractitionerRole xmlns="http://hl7.org/fhir">
  <id value="EjemploPractitionerRoleAtendedorSRREFERENCIADA"/>
  <meta>
    <profile value="https://interoperabilidad.minsal.cl/fhir/ig/tei/StructureDefinition/PractitionerRoleLE"/>
  </meta>
  <text>
    <status value="generated"/><div xmlns="http://www.w3.org/1999/xhtml"><p><b>Generated Narrative: PractitionerRole</b><a name="EjemploPractitionerRoleAtendedorSRREFERENCIADA"> </a></p><div style="display: inline-block; background-color: #d9e0e7; padding: 6px; margin: 4px; border: 1px solid #8da1b4; border-radius: 5px; line-height: 60%"><p style="margin-bottom: 0px">Resource PractitionerRole &quot;EjemploPractitionerRoleAtendedorSRREFERENCIADA&quot; </p><p style="margin-bottom: 0px">Profile: <a href="StructureDefinition-PractitionerRoleLE.html">PractitionerRole LE</a></p></div><p><b>organization</b>: <a href="Bundle-EjemploBundleReferencia.html#http-//acme.com/ehr/fhir/Organization/referenciaAtendedor">http://acme.com/ehr/fhir/Organization/referenciaAtendedor</a></p><p><b>code</b>: Atendedor <span style="background: LightGoldenRodYellow; margin: 4px; border: 1px solid khaki"> (<a href="CodeSystem-CSPractitionerTipoRolLE.html">Rol de médicos</a>#atendedor)</span></p></div>
  </text>
  <organization>
    <reference value="http://acme.com/ehr/fhir/Organization/referenciaAtendedor"/>
  </organization>
  <code>
    <coding>
      <system value="https://interoperabilidad.minsal.cl/fhir/ig/tei/CodeSystem/CSPractitionerTipoRolLE"/>
      <code value="atendedor"/>
    </coding>
  </code>
</PractitionerRole>