{
  "resourceType" : "Bundle",
  "id" : "EjemploBundleTerminar",
  "meta" : {
    "lastUpdated" : "2023-01-20T14:12:10Z",
    "profile" : ["https://interoperabilidad.minsal.cl/fhir/ig/tei/StructureDefinition/BundleTerminarLE"]
  },
  "type" : "message",
  "timestamp" : "2023-02-09T17:15:22Z",
  "entry" : [{
    "fullUrl" : "http://acme.com/ehr/fhir/MessageHeader/EjemploMessageHeaderTerminar",
    "resource" : {
      "resourceType" : "MessageHeader",
      "id" : "EjemploMessageHeaderTerminar",
      "meta" : {
        "lastUpdated" : "2023-02-14T14:12:10Z",
        "profile" : ["https://interoperabilidad.minsal.cl/fhir/ig/tei/StructureDefinition/MessageHeaderLE"]
      },
      "text" : {
        "status" : "generated",
        "div" : "<div xmlns=\"http://www.w3.org/1999/xhtml\"><p><b>Generated Narrative: MessageHeader</b><a name=\"EjemploMessageHeaderTerminar\"> </a></p><div style=\"display: inline-block; background-color: #d9e0e7; padding: 6px; margin: 4px; border: 1px solid #8da1b4; border-radius: 5px; line-height: 60%\"><p style=\"margin-bottom: 0px\">Resource MessageHeader &quot;EjemploMessageHeaderTerminar&quot; Updated &quot;2023-02-14 14:12:10+0000&quot; </p><p style=\"margin-bottom: 0px\">Profile: <a href=\"StructureDefinition-MessageHeaderLE.html\">MessageHeader LE</a></p></div><p><b>event</b>: Terminar (Details: https://interoperabilidad.minsal.cl/fhir/ig/tei/CodeSystem/CSTipoEventoLE code terminar = 'Terminar', stated as 'null')</p><p><b>author</b>: <a href=\"#PractitionerRole_EjemploPractitionerRoleTerminar\">See above (PractitionerRole/EjemploPractitionerRoleTerminar)</a></p><h3>Sources</h3><table class=\"grid\"><tr><td style=\"display: none\">-</td><td><b>Software</b></td><td><b>Endpoint</b></td></tr><tr><td style=\"display: none\">*</td><td>Software Hospital Linares (SHL)</td><td><a href=\"http://link-to-sending.cl\">http://link-to-sending.cl</a></td></tr></table><p><b>focus</b>: <a href=\"#ServiceRequest_EjemploServiceRequestTerminar\">See above (ServiceRequest/EjemploServiceRequestTerminar)</a></p></div>"
      },
      "eventCoding" : {
        "system" : "https://interoperabilidad.minsal.cl/fhir/ig/tei/CodeSystem/CSTipoEventoLE",
        "code" : "terminar"
      },
      "author" : {
        "reference" : "PractitionerRole/EjemploPractitionerRoleTerminar"
      },
      "source" : {
        "software" : "Software Hospital Linares (SHL)",
        "endpoint" : "http://link-to-sending.cl"
      },
      "focus" : [{
        "reference" : "ServiceRequest/EjemploServiceRequestTerminar"
      }]
    }
  },
  {
    "fullUrl" : "http://acme.com/ehr/fhir/ServiceRequest/EjemploServiceRequestTerminar",
    "resource" : {
      "resourceType" : "ServiceRequest",
      "id" : "EjemploServiceRequestTerminar",
      "meta" : {
        "profile" : ["https://interoperabilidad.minsal.cl/fhir/ig/tei/StructureDefinition/ServiceRequestLE"]
      },
      "text" : {
        "status" : "extensions",
        "div" : "<div xmlns=\"http://www.w3.org/1999/xhtml\"><p><b>Generated Narrative: ServiceRequest</b><a name=\"EjemploServiceRequestTerminar\"> </a></p><div style=\"display: inline-block; background-color: #d9e0e7; padding: 6px; margin: 4px; border: 1px solid #8da1b4; border-radius: 5px; line-height: 60%\"><p style=\"margin-bottom: 0px\">Resource ServiceRequest &quot;EjemploServiceRequestTerminar&quot; </p><p style=\"margin-bottom: 0px\">Profile: <a href=\"StructureDefinition-ServiceRequestLE.html\">ServiceRequest LE</a></p></div><p><b>Estado Interconsulta Codigo</b>: Cerrada <span style=\"background: LightGoldenRodYellow; margin: 4px; border: 1px solid khaki\"> (<a href=\"CodeSystem-CSEstadoInterconsulta.html\">Estado Interconsulta</a>#7)</span></p><p><b>Motivo Cierre Interconsulta</b>: Atención Realizada (1) <span style=\"background: LightGoldenRodYellow; margin: 4px; border: 1px solid khaki\"> (<a href=\"CodeSystem-CSMotivoCierreInterconsulta.html\">Motivo Cierre Interconsulta</a>#2)</span></p><p><b>identifier</b>: IdInterconsulta/323121</p><p><b>status</b>: draft</p><p><b>intent</b>: order</p><p><b>subject</b>: <a href=\"Patient-EjemploPatient.html\">Patient/EjemploPatient: Anibal Diaz Cortés</a> &quot; DIAZ&quot;</p><p><b>performer</b>: <a href=\"#PractitionerRole_EjemploPractitionerRoleTerminar\">See above (PractitionerRole/EjemploPractitionerRoleTerminar)</a></p><p><b>supportingInfo</b>: <a href=\"Observation-EjemploObservationDiscapacidad.html\">Observation/EjemploObservationDiscapacidad: Referencia a la observación de si el paciente presenta discapacidad</a></p></div>"
      },
      "extension" : [{
        "url" : "https://interoperabilidad.minsal.cl/fhir/ig/tei/StructureDefinition/EstadoInterconsultaCodigoLE",
        "valueCodeableConcept" : {
          "coding" : [{
            "system" : "https://interoperabilidad.minsal.cl/fhir/ig/tei/CodeSystem/CSEstadoInterconsulta",
            "code" : "7"
          }]
        }
      },
      {
        "url" : "https://interoperabilidad.minsal.cl/fhir/ig/tei/StructureDefinition/MotivoCierreInterconsulta",
        "valueCodeableConcept" : {
          "coding" : [{
            "system" : "https://interoperabilidad.minsal.cl/fhir/ig/tei/CodeSystem/CSMotivoCierreInterconsulta",
            "code" : "2"
          }]
        }
      }],
      "identifier" : [{
        "type" : {
          "coding" : [{
            "system" : "http://terminology.cens.cl/CodeSystem/listaespera",
            "code" : "IdInterconsulta"
          }]
        },
        "value" : "323121"
      }],
      "status" : "draft",
      "intent" : "order",
      "subject" : {
        "reference" : "Patient/EjemploPatient",
        "display" : "Anibal Diaz Cortés"
      },
      "performer" : [{
        "reference" : "PractitionerRole/EjemploPractitionerRoleTerminar"
      }],
      "supportingInfo" : [{
        "reference" : "Observation/EjemploObservationDiscapacidad",
        "display" : "Referencia a la observación de si el paciente presenta discapacidad"
      }]
    }
  },
  {
    "fullUrl" : "http://acme.com/ehr/fhir/PractitionerRole/EjemploPractitionerRoleTerminar",
    "resource" : {
      "resourceType" : "PractitionerRole",
      "id" : "EjemploPractitionerRoleTerminar",
      "meta" : {
        "profile" : ["https://interoperabilidad.minsal.cl/fhir/ig/tei/StructureDefinition/PractitionerRoleLE"]
      },
      "text" : {
        "status" : "generated",
        "div" : "<div xmlns=\"http://www.w3.org/1999/xhtml\"><p><b>Generated Narrative: PractitionerRole</b><a name=\"EjemploPractitionerRoleTerminar\"> </a></p><div style=\"display: inline-block; background-color: #d9e0e7; padding: 6px; margin: 4px; border: 1px solid #8da1b4; border-radius: 5px; line-height: 60%\"><p style=\"margin-bottom: 0px\">Resource PractitionerRole &quot;EjemploPractitionerRoleTerminar&quot; </p><p style=\"margin-bottom: 0px\">Profile: <a href=\"StructureDefinition-PractitionerRoleLE.html\">PractitionerRole LE</a></p></div><p><b>practitioner</b>: <a href=\"#Practitioner_EjemploPractitionerTerminar\">See above (Practitioner/EjemploPractitionerTerminar)</a></p><p><b>organization</b>: <a href=\"#Organization_EjemploOrganizationTerminar\">See above (Organization/EjemploOrganizationTerminar)</a></p><p><b>code</b>: Terminador <span style=\"background: LightGoldenRodYellow; margin: 4px; border: 1px solid khaki\"> (<a href=\"CodeSystem-CSPractitionerTipoRolLE.html\">Rol de médicos</a>#terminador)</span></p></div>"
      },
      "practitioner" : {
        "reference" : "Practitioner/EjemploPractitionerTerminar"
      },
      "organization" : {
        "reference" : "Organization/EjemploOrganizationTerminar"
      },
      "code" : [{
        "coding" : [{
          "system" : "https://interoperabilidad.minsal.cl/fhir/ig/tei/CodeSystem/CSPractitionerTipoRolLE",
          "code" : "terminador"
        }]
      }]
    }
  },
  {
    "fullUrl" : "http://acme.com/ehr/fhir/Practitioner/EjemploPractitionerTerminar",
    "resource" : {
      "resourceType" : "Practitioner",
      "id" : "EjemploPractitionerTerminar",
      "meta" : {
        "profile" : ["https://interoperabilidad.minsal.cl/fhir/ig/tei/StructureDefinition/PrestadorProfesionalLE"]
      },
      "text" : {
        "status" : "extensions",
        "div" : "<div xmlns=\"http://www.w3.org/1999/xhtml\"><p><b>Generated Narrative: Practitioner</b><a name=\"EjemploPractitionerTerminar\"> </a></p><div style=\"display: inline-block; background-color: #d9e0e7; padding: 6px; margin: 4px; border: 1px solid #8da1b4; border-radius: 5px; line-height: 60%\"><p style=\"margin-bottom: 0px\">Resource Practitioner &quot;EjemploPractitionerTerminar&quot; </p><p style=\"margin-bottom: 0px\">Profile: <a href=\"StructureDefinition-PrestadorProfesionalLE.html\">Prestador Profesional LE</a></p></div><p><b>Codigo de Identificación de países</b>: Chile <span style=\"background: LightGoldenRodYellow; margin: 4px; border: 1px solid khaki\"> (<a href=\"https://hl7chile.cl/fhir/ig/clcore/1.8.5/CodeSystem-CodPais.html\">Códigos de Países</a>#152)</span></p><p><b>identifier</b>: 1/32.333.333-3\u00a0(use:\u00a0OFFICIAL), 2/123884\u00a0(use:\u00a0OFFICIAL)</p><p><b>active</b>: true</p><p><b>name</b>: Juan Perez </p><p><b>telecom</b>: <a href=\"tel:+56982460152\">+56982460152</a></p><p><b>address</b>: null null null </p><p><b>gender</b>: male</p><p><b>birthDate</b>: 1982-08-24</p><blockquote><p><b>qualification</b></p><p><b>identifier</b>: esp</p><p><b>code</b>: Cirujano Cardiovascular <span style=\"background: LightGoldenRodYellow; margin: 4px; border: 1px solid khaki\"> (<a href=\"CodeSystem-CSTituloProfesional.html\">TituloProfesional</a>#1 &quot;MÉDICO CIRUJANO&quot;)</span></p><p><b>period</b>: 2023-01-01 --&gt; 2100-01-31</p></blockquote><blockquote><p><b>qualification</b></p><p><b>identifier</b>: subesp</p><p><b>code</b>: CardiologíaCardiotorácico <span style=\"background: LightGoldenRodYellow; margin: 4px; border: 1px solid khaki\"> (<a href=\"CodeSystem-CSTituloProfesional.html\">TituloProfesional</a>#1 &quot;MÉDICO CIRUJANO&quot;)</span></p><p><b>period</b>: 2024-01-01 --&gt; 2100-01-31</p></blockquote></div>"
      },
      "extension" : [{
        "url" : "https://hl7chile.cl/fhir/ig/clcore/StructureDefinition/CodigoPaises",
        "valueCodeableConcept" : {
          "coding" : [{
            "system" : "https://hl7chile.cl/fhir/ig/clcore/CodeSystem/CodPais",
            "code" : "152",
            "display" : "Chile"
          }]
        }
      }],
      "identifier" : [{
        "use" : "official",
        "type" : {
          "coding" : [{
            "system" : "https://interoperabilidad.minsal.cl/fhir/ig/hpd/CodeSystem/VSTipoIdentificadorDEIS",
            "code" : "1"
          }]
        },
        "system" : "https://api.cl/system/run",
        "value" : "32.333.333-3"
      },
      {
        "use" : "official",
        "type" : {
          "coding" : [{
            "system" : "https://interoperabilidad.minsal.cl/fhir/ig/hpd/CodeSystem/VSTipoIdentificadorDEIS",
            "code" : "2"
          }]
        },
        "value" : "123884"
      }],
      "active" : true,
      "name" : [{
        "family" : "Perez",
        "given" : ["Juan"]
      }],
      "telecom" : [{
        "system" : "phone",
        "value" : "+56982460152",
        "use" : "home",
        "rank" : 1
      }],
      "address" : [{
        "_city" : {
          "extension" : [{
            "url" : "https://hl7chile.cl/fhir/ig/clcore/StructureDefinition/ComunasCl",
            "valueCodeableConcept" : {
              "coding" : [{
                "system" : "https://hl7chile.cl/fhir/ig/clcore/CodeSystem/CSCodComunasCL",
                "code" : "05602",
                "display" : "Algarrobo"
              }]
            }
          }]
        },
        "_district" : {
          "extension" : [{
            "url" : "https://hl7chile.cl/fhir/ig/clcore/StructureDefinition/ProvinciasCl",
            "valueCodeableConcept" : {
              "coding" : [{
                "system" : "https://hl7chile.cl/fhir/ig/clcore/CodeSystem/CSCodProvinciasCL",
                "code" : "056",
                "display" : "San Antonio"
              }]
            }
          }]
        },
        "_state" : {
          "extension" : [{
            "url" : "https://hl7chile.cl/fhir/ig/clcore/StructureDefinition/RegionesCl",
            "valueCodeableConcept" : {
              "coding" : [{
                "system" : "https://hl7chile.cl/fhir/ig/clcore/CodeSystem/CSCodRegionCL",
                "code" : "05",
                "display" : "Valparaíso"
              }]
            }
          }]
        },
        "_country" : {
          "extension" : [{
            "url" : "https://hl7chile.cl/fhir/ig/clcore/StructureDefinition/CodigoPaises",
            "valueCodeableConcept" : {
              "coding" : [{
                "system" : "https://hl7chile.cl/fhir/ig/clcore/CodeSystem/CodPais",
                "code" : "152",
                "display" : "Chile"
              }]
            }
          }]
        }
      }],
      "gender" : "male",
      "birthDate" : "1982-08-24",
      "qualification" : [{
        "identifier" : [{
          "value" : "esp"
        }],
        "code" : {
          "coding" : [{
            "system" : "https://interoperabilidad.minsal.cl/fhir/ig/tei/CodeSystem/CSTituloProfesional",
            "code" : "1",
            "display" : "MÉDICO CIRUJANO"
          }],
          "text" : "Cirujano Cardiovascular"
        },
        "period" : {
          "start" : "2023-01-01",
          "end" : "2100-01-31"
        }
      },
      {
        "identifier" : [{
          "value" : "subesp"
        }],
        "code" : {
          "coding" : [{
            "system" : "https://interoperabilidad.minsal.cl/fhir/ig/tei/CodeSystem/CSTituloProfesional",
            "code" : "1",
            "display" : "MÉDICO CIRUJANO"
          }],
          "text" : "CardiologíaCardiotorácico"
        },
        "period" : {
          "start" : "2024-01-01",
          "end" : "2100-01-31"
        }
      }]
    }
  },
  {
    "fullUrl" : "http://acme.com/ehr/fhir/Organization/EjemploOrganizationTerminar",
    "resource" : {
      "resourceType" : "Organization",
      "id" : "EjemploOrganizationTerminar",
      "meta" : {
        "profile" : ["https://interoperabilidad.minsal.cl/fhir/ig/tei/StructureDefinition/OrganizationLE"]
      },
      "text" : {
        "status" : "generated",
        "div" : "<div xmlns=\"http://www.w3.org/1999/xhtml\"><p><b>Generated Narrative: Organization</b><a name=\"EjemploOrganizationTerminar\"> </a></p><div style=\"display: inline-block; background-color: #d9e0e7; padding: 6px; margin: 4px; border: 1px solid #8da1b4; border-radius: 5px; line-height: 60%\"><p style=\"margin-bottom: 0px\">Resource Organization &quot;EjemploOrganizationTerminar&quot; </p><p style=\"margin-bottom: 0px\">Profile: <a href=\"StructureDefinition-OrganizationLE.html\">Organization LE</a></p></div><p><b>identifier</b>: 124232/Hospital Linares</p></div>"
      },
      "identifier" : [{
        "type" : {
          "coding" : [{
            "system" : "http://minsal.cl/deis/establecimientos",
            "code" : "124232"
          }]
        },
        "value" : "Hospital Linares"
      }]
    }
  }]
}