{
  "resourceType" : "CodeSystem",
  "id" : "CSEstadoInterconsulta",
  "text" : {
    "status" : "generated",
    "div" : "<div xmlns=\"http://www.w3.org/1999/xhtml\"><p>This case-sensitive code system <code>https://interoperabilidad.minsal.cl/fhir/ig/tei/CodeSystem/CSEstadoInterconsulta</code> defines the following codes:</p><table class=\"codes\"><tr><td style=\"white-space:nowrap\"><b>Code</b></td><td><b>Display</b></td></tr><tr><td style=\"white-space:nowrap\">1<a name=\"CSEstadoInterconsulta-1\"> </a></td><td>A la espera de referencia</td></tr><tr><td style=\"white-space:nowrap\">2<a name=\"CSEstadoInterconsulta-2\"> </a></td><td>A la espera de revisión</td></tr><tr><td style=\"white-space:nowrap\">3<a name=\"CSEstadoInterconsulta-3\"> </a></td><td>A la espera de priorización</td></tr><tr><td style=\"white-space:nowrap\">4<a name=\"CSEstadoInterconsulta-4\"> </a></td><td>A la espera de agendamiento</td></tr><tr><td style=\"white-space:nowrap\">5<a name=\"CSEstadoInterconsulta-5\"> </a></td><td>En espera de la atención</td></tr><tr><td style=\"white-space:nowrap\">6<a name=\"CSEstadoInterconsulta-6\"> </a></td><td>A la espera de cierre</td></tr><tr><td style=\"white-space:nowrap\">7<a name=\"CSEstadoInterconsulta-7\"> </a></td><td>Cerrada</td></tr></table></div>"
  },
  "url" : "https://interoperabilidad.minsal.cl/fhir/ig/tei/CodeSystem/CSEstadoInterconsulta",
  "version" : "0.2.1",
  "name" : "CSEstadoInterconsulta",
  "title" : "Estado Interconsulta",
  "status" : "active",
  "experimental" : false,
  "date" : "2023-01-15",
  "publisher" : "Unidad de Interoperabilidad - MINSAL",
  "contact" : [{
    "name" : "Unidad de Interoperabilidad - MINSAL",
    "telecom" : [{
      "system" : "url",
      "value" : "https://interoperabilidad.minsal.cl"
    }]
  }],
  "description" : "Estado Interconsulta",
  "jurisdiction" : [{
    "coding" : [{
      "system" : "urn:iso:std:iso:3166",
      "code" : "CL",
      "display" : "Chile"
    }]
  }],
  "caseSensitive" : true,
  "content" : "complete",
  "count" : 7,
  "concept" : [{
    "code" : "1",
    "display" : "A la espera de referencia"
  },
  {
    "code" : "2",
    "display" : "A la espera de revisión"
  },
  {
    "code" : "3",
    "display" : "A la espera de priorización"
  },
  {
    "code" : "4",
    "display" : "A la espera de agendamiento"
  },
  {
    "code" : "5",
    "display" : "En espera de la atención"
  },
  {
    "code" : "6",
    "display" : "A la espera de cierre"
  },
  {
    "code" : "7",
    "display" : "Cerrada"
  }]
}