{
  "resourceType" : "CodeSystem",
  "id" : "CSMotivoNoContactabilidad",
  "text" : {
    "status" : "generated",
    "div" : "<div xmlns=\"http://www.w3.org/1999/xhtml\">Placeholder</div>"
  },
  "url" : "https://interoperabilidad.minsal.cl/fhir/ig/tei/CodeSystem/CSMotivoNoContactabilidad",
  "version" : "0.1.5",
  "name" : "CSMotivoNoContactabilidad",
  "title" : "Motivo No Contactabilidad",
  "status" : "active",
  "experimental" : false,
  "date" : "2023-01-15",
  "publisher" : "Unidad de Interoperabilidad - MINSAL",
  "contact" : [{
    "name" : "Unidad de Interoperabilidad - MINSAL",
    "telecom" : [{
      "system" : "url",
      "value" : "https://interoperabilidad.minsal.cl"
    }]
  }],
  "description" : "Motivo No Contactabilidad",
  "jurisdiction" : [{
    "coding" : [{
      "system" : "urn:iso:std:iso:3166",
      "code" : "CL",
      "display" : "Chile"
    }]
  }],
  "caseSensitive" : true,
  "content" : "complete",
  "count" : 4,
  "concept" : [{
    "code" : "1",
    "display" : "No contesta telefono."
  },
  {
    "code" : "2",
    "display" : "No contesta correo"
  },
  {
    "code" : "3",
    "display" : "Datos de contactos incorrectos"
  },
  {
    "code" : "4",
    "display" : "Otro"
  }]
}