{
  "resourceType" : "MessageHeader",
  "id" : "EjemploMessageHeaderAtender",
  "meta" : {
    "lastUpdated" : "2023-02-14T14:12:10Z",
    "profile" : ["https://interoperabilidad.minsal.cl/fhir/ig/tei/StructureDefinition/MessageHeaderLE"]
  },
  "text" : {
    "status" : "generated",
    "div" : "<div xmlns=\"http://www.w3.org/1999/xhtml\"><p><b>Generated Narrative: MessageHeader</b><a name=\"EjemploMessageHeaderAtender\"> </a></p><div style=\"display: inline-block; background-color: #d9e0e7; padding: 6px; margin: 4px; border: 1px solid #8da1b4; border-radius: 5px; line-height: 60%\"><p style=\"margin-bottom: 0px\">Resource MessageHeader &quot;EjemploMessageHeaderAtender&quot; Updated &quot;2023-02-14 14:12:10+0000&quot; </p><p style=\"margin-bottom: 0px\">Profile: <a href=\"StructureDefinition-MessageHeaderLE.html\">MessageHeader LE</a></p></div><p><b>event</b>: Atender (Details: https://interoperabilidad.minsal.cl/fhir/ig/tei/CodeSystem/CSTipoEventoLE code atender = 'Atender', stated as 'null')</p><p><b>author</b>: <a href=\"PractitionerRole-EjemploPractitionerRoleAtender.html\">PractitionerRole/EjemploPractitionerRoleAtender</a></p><h3>Sources</h3><table class=\"grid\"><tr><td style=\"display: none\">-</td><td><b>Software</b></td><td><b>Endpoint</b></td></tr><tr><td style=\"display: none\">*</td><td>SolucionInformatica</td><td><a href=\"http://link-to-sending.cl\">http://link-to-sending.cl</a></td></tr></table><p><b>focus</b>: </p><ul><li><a href=\"Encounter-EjemploEncounterAtender.html\">Encounter/EjemploEncounterAtender</a></li><li><a href=\"ServiceRequest-EjemploServiceRequestAtender.html\">ServiceRequest/EjemploServiceRequestAtender</a></li></ul></div>"
  },
  "eventCoding" : {
    "system" : "https://interoperabilidad.minsal.cl/fhir/ig/tei/CodeSystem/CSTipoEventoLE",
    "code" : "atender"
  },
  "author" : {
    "reference" : "PractitionerRole/EjemploPractitionerRoleAtender"
  },
  "source" : {
    "software" : "SolucionInformatica",
    "endpoint" : "http://link-to-sending.cl"
  },
  "focus" : [{
    "reference" : "Encounter/EjemploEncounterAtender"
  },
  {
    "reference" : "ServiceRequest/EjemploServiceRequestAtender"
  }]
}