{
  "resourceType" : "Organization",
  "id" : "EjemploOrganizationAgendar",
  "meta" : {
    "profile" : ["https://interoperabilidad.minsal.cl/fhir/ig/tei/StructureDefinition/OrganizationLE"]
  },
  "text" : {
    "status" : "generated",
    "div" : "<div xmlns=\"http://www.w3.org/1999/xhtml\"><p><b>Generated Narrative: Organization</b><a name=\"EjemploOrganizationAgendar\"> </a></p><div style=\"display: inline-block; background-color: #d9e0e7; padding: 6px; margin: 4px; border: 1px solid #8da1b4; border-radius: 5px; line-height: 60%\"><p style=\"margin-bottom: 0px\">Resource Organization &quot;EjemploOrganizationAgendar&quot; </p><p style=\"margin-bottom: 0px\">Profile: <a href=\"StructureDefinition-OrganizationLE.html\">Organization LE</a></p></div><p><b>identifier</b>: 124232/Hospital Linares</p></div>"
  },
  "identifier" : [{
    "type" : {
      "coding" : [{
        "system" : "http://minsal.cl/deis/establecimientos",
        "code" : "124232"
      }]
    },
    "value" : "Hospital Linares"
  }]
}