{
  "resourceType" : "Patient",
  "id" : "EjemploPatient",
  "meta" : {
    "profile" : ["https://interoperabilidad.minsal.cl/fhir/ig/tei/StructureDefinition/PacienteMinsalMPI"]
  },
  "text" : {
    "status" : "generated",
    "div" : "<div xmlns=\"http://www.w3.org/1999/xhtml\"><p style=\"border: 1px #661aff solid; background-color: #e6e6ff; padding: 10px;\"><b>Luisa </b> male, DoB: 1995-12-12 ( Run: 15999999)</p><hr/><table class=\"grid\"><tr><td style=\"background-color: #f3f5da\" title=\"Known status of Patient\">Deceased:</td><td>false</td><td style=\"background-color: #f3f5da\" title=\"Known Marital status of Patient\">Marital Status:</td><td colspan=\"3\"><span title=\"Codes: {https://interoperabilidad.minsal.cl/fhir/ig/tei/CodeSystem/CSEstadoCivil 01}\">Soltero(a)</span></td></tr><tr><td style=\"background-color: #f3f5da\" title=\"Alternate names (see the one above)\">Alt. Name:</td><td colspan=\"3\">Luis Perez (OFFICIAL)</td></tr><tr><td style=\"background-color: #f3f5da\" title=\"Ways to contact the Patient\">Contact Details:</td><td colspan=\"3\"><ul><li>ph: 569854875457(MOBILE)</li><li>El boldo 4 #97 (HOME)</li></ul></td></tr><tr><td style=\"background-color: #f3f5da\" title=\"Sexo Biologico del paciente\"><a href=\"https://hl7chile.cl/fhir/ig/clcore/1.8.5/StructureDefinition-SexoBiologico.html\">Sexo Biologico del paciente:</a></td><td colspan=\"3\"><ul><li><span title=\"Codes: {https://hl7chile.cl/fhir/ig/clcore/CodeSystem/CSSexoListadoDeis 1}\">Masculino</span></li></ul></td></tr><tr><td style=\"background-color: #f3f5da\" title=\"Religión\"><a href=\"StructureDefinition-Religion.html\">Religión:</a></td><td colspan=\"3\"><ul><li><span title=\"Codes: {https://interoperabilidad.minsal.cl/fhir/ig/tei/CodeSystem/CSReligion 1}\">Católica</span></li></ul></td></tr><tr><td style=\"background-color: #f3f5da\" title=\"Esta extensión incluye códigos de paises de origen\"><a href=\"https://hl7chile.cl/fhir/ig/clcore/1.8.5/StructureDefinition-CodigoPaises.html\">Codigo de Identificación de países:</a></td><td colspan=\"3\"><ul><li><span title=\"Codes: {urn:iso:std:iso:3166 158}\">Taiwan, Province of China</span></li></ul></td></tr><tr><td style=\"background-color: #f3f5da\" title=\"The registered place of birth of the patient. A sytem may use the address.text if they don't store the birthPlace address in discrete elements.\"><a href=\"http://hl7.org/fhir/R4/extension-patient-birthplace.html\">Birth Place:</a></td><td colspan=\"3\"><ul><li>Curicó</li></ul></td></tr><tr><td style=\"background-color: #f3f5da\" title=\"PueblosOriginariosPerteneciente\"><a href=\"StructureDefinition-PueblosOriginariosPerteneciente.html\">PueblosOriginariosPerteneciente:</a></td><td colspan=\"3\"><ul><li>true</li></ul></td></tr><tr><td style=\"background-color: #f3f5da\" title=\"Almacenar si el paciente pertenece a algun pueblo originario\"><a href=\"StructureDefinition-PueblosOriginarios.html\">Pueblos Originarios:</a></td><td colspan=\"3\"><ul><li><span title=\"Codes: {https://interoperabilidad.minsal.cl/fhir/ig/tei/CodeSystem/PueblosOriginariosCS 01}\">Mapuche</span></li></ul></td></tr><tr><td style=\"background-color: #f3f5da\" title=\"PueblosAfrodescendiente\"><a href=\"StructureDefinition-PueblosAfrodescendiente.html\">PueblosAfrodescendiente:</a></td><td colspan=\"3\"><ul><li>true</li></ul></td></tr><tr><td style=\"background-color: #f3f5da\" title=\"País de origen del paciente\"><a href=\"StructureDefinition-PaisOrigenMPI.html\">País de origen del paciente:</a></td><td colspan=\"3\"><ul><li><span title=\"Codes: {urn:iso:std:iso:3166 158}\">Taiwan, Province of China</span></li></ul></td></tr><tr><td style=\"background-color: #f3f5da\" title=\"Identidad De Genero\"><a href=\"StructureDefinition-IdentidadDeGenero.html\">Identidad De Genero:</a></td><td colspan=\"3\"><ul><li><span title=\"Codes: {https://interoperabilidad.minsal.cl/fhir/ig/tei/CodeSystem/CSIdentidaddeGenero 1}\">Masculino</span></li></ul></td></tr></table></div>"
  },
  "extension" : [{
    "url" : "https://hl7chile.cl/fhir/ig/clcore/StructureDefinition/CodigoPaises",
    "valueCodeableConcept" : {
      "coding" : [{
        "system" : "urn:iso:std:iso:3166",
        "code" : "158"
      }]
    }
  },
  {
    "url" : "https://interoperabilidad.minsal.cl/fhir/ig/tei/StructureDefinition/PaisOrigenMPI",
    "valueCodeableConcept" : {
      "coding" : [{
        "system" : "urn:iso:std:iso:3166",
        "code" : "158"
      }]
    }
  },
  {
    "url" : "http://hl7.org/fhir/StructureDefinition/patient-birthPlace",
    "valueAddress" : {
      "text" : "Curicó"
    }
  },
  {
    "url" : "https://interoperabilidad.minsal.cl/fhir/ig/tei/StructureDefinition/PueblosOriginariosPerteneciente",
    "valueBoolean" : true
  },
  {
    "url" : "https://interoperabilidad.minsal.cl/fhir/ig/tei/StructureDefinition/Religion",
    "valueCodeableConcept" : {
      "coding" : [{
        "system" : "https://interoperabilidad.minsal.cl/fhir/ig/tei/CodeSystem/CSReligion",
        "code" : "1"
      }]
    }
  },
  {
    "url" : "https://hl7chile.cl/fhir/ig/clcore/StructureDefinition/SexoBiologico",
    "valueCodeableConcept" : {
      "coding" : [{
        "system" : "https://hl7chile.cl/fhir/ig/clcore/CodeSystem/CSSexoListadoDeis",
        "code" : "1"
      }]
    }
  },
  {
    "url" : "https://interoperabilidad.minsal.cl/fhir/ig/tei/StructureDefinition/IdentidadDeGenero",
    "valueCodeableConcept" : {
      "coding" : [{
        "system" : "https://interoperabilidad.minsal.cl/fhir/ig/tei/CodeSystem/CSIdentidaddeGenero",
        "code" : "1"
      }]
    }
  },
  {
    "url" : "https://interoperabilidad.minsal.cl/fhir/ig/tei/StructureDefinition/PueblosAfrodescendiente",
    "valueBoolean" : true
  },
  {
    "url" : "https://interoperabilidad.minsal.cl/fhir/ig/tei/StructureDefinition/PueblosOriginarios",
    "valueCodeableConcept" : {
      "coding" : [{
        "system" : "https://interoperabilidad.minsal.cl/fhir/ig/tei/CodeSystem/PueblosOriginariosCS",
        "code" : "01"
      }]
    }
  }],
  "identifier" : [{
    "type" : {
      "extension" : [{
        "url" : "https://hl7chile.cl/fhir/ig/clcore/StructureDefinition/CodigoPaises",
        "valueCodeableConcept" : {
          "coding" : [{
            "system" : "https://hl7chile.cl/fhir/ig/clcore/CodeSystem/CodPais",
            "code" : "032"
          }]
        }
      }],
      "coding" : [{
        "system" : "https://hl7chile.cl/fhir/ig/clcore/CodeSystem/CSTipoIdentificador",
        "code" : "01"
      }]
    },
    "system" : "http://www.acme.com/identifiers/patient",
    "value" : "15999999"
  }],
  "name" : [{
    "use" : "official",
    "family" : "Perez",
    "_family" : {
      "extension" : [{
        "url" : "https://hl7chile.cl/fhir/ig/clcore/StructureDefinition/SegundoApellido",
        "valueString" : "sierra"
      }]
    },
    "given" : ["Luis"]
  },
  {
    "use" : "usual",
    "given" : ["Luisa"]
  }],
  "telecom" : [{
    "system" : "phone",
    "value" : "569854875457",
    "use" : "mobile",
    "rank" : 1
  }],
  "gender" : "male",
  "birthDate" : "1995-12-12",
  "deceasedBoolean" : false,
  "address" : [{
    "extension" : [{
      "extension" : [{
        "url" : "latitude",
        "valueDecimal" : 31.123
      },
      {
        "url" : "longitude",
        "valueDecimal" : 31.123
      }],
      "url" : "http://hl7.org/fhir/StructureDefinition/geolocation"
    },
    {
      "url" : "https://interoperabilidad.minsal.cl/fhir/ig/tei/StructureDefinition/SituacionCalle",
      "valueBoolean" : true
    }],
    "use" : "home",
    "line" : ["El boldo 4 #97"]
  }],
  "maritalStatus" : {
    "coding" : [{
      "system" : "https://interoperabilidad.minsal.cl/fhir/ig/tei/CodeSystem/CSEstadoCivil",
      "code" : "01"
    }]
  }
}