{
  "resourceType" : "ServiceRequest",
  "id" : "EjemploServiceRequestReferenciada",
  "meta" : {
    "profile" : ["https://interoperabilidad.minsal.cl/fhir/ig/tei/StructureDefinition/ServiceRequestLE"]
  },
  "text" : {
    "status" : "extensions",
    "div" : "<div xmlns=\"http://www.w3.org/1999/xhtml\"><p><b>Generated Narrative: ServiceRequest</b><a name=\"EjemploServiceRequestReferenciada\"> </a></p><div style=\"display: inline-block; background-color: #d9e0e7; padding: 6px; margin: 4px; border: 1px solid #8da1b4; border-radius: 5px; line-height: 60%\"><p style=\"margin-bottom: 0px\">Resource ServiceRequest &quot;EjemploServiceRequestReferenciada&quot; </p><p style=\"margin-bottom: 0px\">Profile: <a href=\"StructureDefinition-ServiceRequestLE.html\">ServiceRequest LE</a></p></div><p><b>Estado Interconsulta Codigo</b>: A la espera de revisión <span style=\"background: LightGoldenRodYellow; margin: 4px; border: 1px solid khaki\"> (<a href=\"CodeSystem-CSEstadoInterconsulta.html\">Estado Interconsulta</a>#2)</span></p><p><b>Especialidad Médica Destino Código</b>: CARDIOLOGÍA <span style=\"background: LightGoldenRodYellow; margin: 4px; border: 1px solid khaki\"> (<a href=\"CodeSystem-CSEspecialidadMed.html\">EspecialidadMed</a>#3)</span></p><p><b>SubEspecialidad Médica Destino Código</b>: CIRUGÍA GENERAL <span style=\"background: LightGoldenRodYellow; margin: 4px; border: 1px solid khaki\"> (<a href=\"CodeSystem-CSEspecialidadMed.html\">EspecialidadMed</a>#4)</span></p><p><b>identifier</b>: IdInterconsulta/323121</p><p><b>status</b>: draft</p><p><b>intent</b>: order</p><p><b>code</b>: Patient referral <span style=\"background: LightGoldenRodYellow; margin: 4px; border: 1px solid khaki\"> (<a href=\"https://browser.ihtsdotools.org/\">SNOMED CT</a>#3457005)</span></p><p><b>subject</b>: <a href=\"Patient-EjemploPatient.html\">Patient/EjemploPatient: Anibal Diaz Cortés</a> &quot; DIAZ&quot;</p><p><b>performer</b>: <a href=\"PractitionerRole-EjemploPractitionerRoleReferenciadorMHREFERENCIADA.html\">PractitionerRole/EjemploPractitionerRoleReferenciadorMHREFERENCIADA</a></p><p><b>locationCode</b>: Motivo derivación <span style=\"background: LightGoldenRodYellow; margin: 4px; border: 1px solid khaki\"> (<a href=\"CodeSystem-CSDestinoReferenciaCodigo.html\">Destino Referencia Codigo</a>#1)</span></p><p><b>supportingInfo</b>: <a href=\"Observation-EjemploObservationDiscapacidad.html\">Observation/EjemploObservationDiscapacidad: Referencia a la observación de si el paciente presenta discapacidad</a></p></div>"
  },
  "extension" : [{
    "url" : "https://interoperabilidad.minsal.cl/fhir/ig/tei/StructureDefinition/EstadoInterconsultaCodigoLE",
    "valueCodeableConcept" : {
      "coding" : [{
        "system" : "https://interoperabilidad.minsal.cl/fhir/ig/tei/CodeSystem/CSEstadoInterconsulta",
        "code" : "2"
      }]
    }
  },
  {
    "url" : "https://interoperabilidad.minsal.cl/fhir/ig/tei/StructureDefinition/EspecialidadMedicaDestinoCodigo",
    "valueCodeableConcept" : {
      "coding" : [{
        "system" : "https://interoperabilidad.minsal.cl/fhir/ig/tei/CodeSystem/CSEspecialidadMed",
        "code" : "3"
      }]
    }
  },
  {
    "url" : "https://interoperabilidad.minsal.cl/fhir/ig/tei/StructureDefinition/SubEspecialidadMedicaDestinoCodigo",
    "valueCodeableConcept" : {
      "coding" : [{
        "system" : "https://interoperabilidad.minsal.cl/fhir/ig/tei/CodeSystem/CSEspecialidadMed",
        "code" : "4"
      }]
    }
  }],
  "identifier" : [{
    "type" : {
      "coding" : [{
        "system" : "http://terminology.cens.cl/CodeSystem/listaespera",
        "code" : "IdInterconsulta"
      }]
    },
    "value" : "323121"
  }],
  "status" : "draft",
  "intent" : "order",
  "code" : {
    "coding" : [{
      "system" : "http://snomed.info/sct",
      "code" : "3457005"
    }]
  },
  "subject" : {
    "reference" : "Patient/EjemploPatient",
    "display" : "Anibal Diaz Cortés"
  },
  "performer" : [{
    "reference" : "PractitionerRole/EjemploPractitionerRoleReferenciadorMHREFERENCIADA"
  }],
  "locationCode" : [{
    "coding" : [{
      "system" : "https://interoperabilidad.minsal.cl/fhir/ig/tei/CodeSystem/CSDestinoReferenciaCodigo",
      "code" : "1"
    }],
    "text" : "Motivo derivación"
  }],
  "supportingInfo" : [{
    "reference" : "Observation/EjemploObservationDiscapacidad",
    "display" : "Referencia a la observación de si el paciente presenta discapacidad"
  }]
}