{
  "resourceType" : "ServiceRequest",
  "id" : "EjemploServiceRequest",
  "meta" : {
    "profile" : ["https://interoperabilidad.minsal.cl/fhir/ig/tei/StructureDefinition/ServiceRequestLE"]
  },
  "text" : {
    "status" : "extensions",
    "div" : "<div xmlns=\"http://www.w3.org/1999/xhtml\"><p><b>Generated Narrative: ServiceRequest</b><a name=\"EjemploServiceRequest\"> </a></p><div style=\"display: inline-block; background-color: #d9e0e7; padding: 6px; margin: 4px; border: 1px solid #8da1b4; border-radius: 5px; line-height: 60%\"><p style=\"margin-bottom: 0px\">Resource ServiceRequest &quot;EjemploServiceRequest&quot; </p><p style=\"margin-bottom: 0px\">Profile: <a href=\"StructureDefinition-ServiceRequestLE.html\">ServiceRequest LE</a></p></div><p><b>Estado Interconsulta Codigo</b>: A la espera de referencia <span style=\"background: LightGoldenRodYellow; margin: 4px; border: 1px solid khaki\"> (<a href=\"CodeSystem-CSEstadoInterconsulta.html\">Estado Interconsulta</a>#1)</span></p><p><b>ExtStringFundamentoPriorizacion</b>: FundamentoPriorizacion</p><p><b>SospechaPatologiaGes</b>: true</p><p><b>ExtBool ResolutividadAPS</b>: true</p><p><b>ExtBool Alergia</b>: false</p><p><b>Origen Interconsulta</b>: APS <span style=\"background: LightGoldenRodYellow; margin: 4px; border: 1px solid khaki\"> (<a href=\"CodeSystem-CSinterconsulta.html\">Interconsulta</a>#1)</span></p><p><b>status</b>: draft</p><p><b>intent</b>: order</p><p><b>priority</b>: urgent</p><p><b>subject</b>: <a href=\"Patient-EjemploPatient.html\">Patient/EjemploPatient: Anibal Diaz Cortés</a> &quot; DIAZ&quot;</p><p><b>encounter</b>: <a href=\"Encounter-EjemploEncounter.html\">Encounter/EjemploEncounter: Referencia a Encounter</a></p><p><b>authoredOn</b>: 2022-10-25 09:10:20+0000</p><p><b>performer</b>: <a href=\"PractitionerRole-EjemploPractitionerRole.html\">PractitionerRole/EjemploPractitionerRole</a></p><p><b>reasonCode</b>: Confirmación <span style=\"background: LightGoldenRodYellow; margin: 4px; border: 1px solid khaki\"> (<a href=\"CodeSystem-CSDerivadoParaCodigo.html\">Derivado Para</a>#1)</span></p><p><b>reasonReference</b>: <a href=\"Observation-EjemploObservation.html\">Observation/EjemploObservation: Referencia a Observacion del evento Iniciar</a></p><p><b>supportingInfo</b>: </p><ul><li><a href=\"Condition-EjemploCondition.html\">Condition/EjemploCondition: Referencia a Diagnostico Sospecha</a></li><li><a href=\"Condition-EjemploConditionGES.html\">Condition/EjemploConditionGES: Referencia a la condición que especifica si es sospecha de GES</a></li><li><a href=\"AllergyIntolerance-EjemploAllergyIntolerance.html\">AllergyIntolerance/EjemploAllergyIntolerance: Referencia a los tipos de alergia</a></li><li><a href=\"Observation-EjemploObservation2.html\">Observation/EjemploObservation2: Referencia al Indice de comorbilidad</a></li><li><a href=\"Observation-EjemploObservationCuidador.html\">Observation/EjemploObservationCuidador: Referencia a la observación que indica si el paciente es cuidador o no</a></li><li><a href=\"Observation-EjemploObservationDiscapacidad.html\">Observation/EjemploObservationDiscapacidad: Referencia a la observación de si el paciente presenta discapacidad</a></li><li><a href=\"DocumentReference-EjemploDocumentReference.html\">DocumentReference/EjemploDocumentReference: Referencia al documento que acredita que es cuidador</a></li><li><a href=\"Coverage-EjemploCoverage.html\">Coverage/EjemploCoverage: Referencia a Prevision del Paciente</a></li><li><a href=\"QuestionnaireResponse-EjemploQuestionnaireResponseInicioLE.html\">QuestionnaireResponse/EjemploQuestionnaireResponseInicioLE: Referencia al Motivo de Derivacion</a></li></ul></div>"
  },
  "extension" : [{
    "url" : "https://interoperabilidad.minsal.cl/fhir/ig/tei/StructureDefinition/EstadoInterconsultaCodigoLE",
    "valueCodeableConcept" : {
      "coding" : [{
        "system" : "https://interoperabilidad.minsal.cl/fhir/ig/tei/CodeSystem/CSEstadoInterconsulta",
        "code" : "1"
      }]
    }
  },
  {
    "url" : "https://interoperabilidad.minsal.cl/fhir/ig/tei/StructureDefinition/ExtStringFundamentoPriorizacion",
    "valueString" : "FundamentoPriorizacion"
  },
  {
    "url" : "https://interoperabilidad.minsal.cl/fhir/ig/tei/StructureDefinition/SospechaPatologiaGes",
    "valueBoolean" : true
  },
  {
    "url" : "https://interoperabilidad.minsal.cl/fhir/ig/tei/StructureDefinition/ExtBoolResolutividadAPS",
    "valueBoolean" : true
  },
  {
    "url" : "https://interoperabilidad.minsal.cl/fhir/ig/tei/StructureDefinition/ExtBoolAlergia",
    "valueBoolean" : false
  },
  {
    "url" : "https://interoperabilidad.minsal.cl/fhir/ig/tei/StructureDefinition/OrigenInterconsulta",
    "valueCodeableConcept" : {
      "coding" : [{
        "system" : "https://interoperabilidad.minsal.cl/fhir/ig/tei/CodeSystem/CSinterconsulta",
        "code" : "1"
      }]
    }
  }],
  "status" : "draft",
  "intent" : "order",
  "priority" : "urgent",
  "subject" : {
    "reference" : "Patient/EjemploPatient",
    "display" : "Anibal Diaz Cortés"
  },
  "encounter" : {
    "reference" : "Encounter/EjemploEncounter",
    "display" : "Referencia a Encounter"
  },
  "authoredOn" : "2022-10-25T09:10:20Z",
  "performer" : [{
    "reference" : "PractitionerRole/EjemploPractitionerRole"
  }],
  "reasonCode" : [{
    "coding" : [{
      "system" : "https://interoperabilidad.minsal.cl/fhir/ig/tei/CodeSystem/CSDerivadoParaCodigo",
      "code" : "1"
    }]
  }],
  "reasonReference" : [{
    "reference" : "Observation/EjemploObservation",
    "display" : "Referencia a Observacion del evento Iniciar"
  }],
  "supportingInfo" : [{
    "reference" : "Condition/EjemploCondition",
    "display" : "Referencia a Diagnostico Sospecha"
  },
  {
    "reference" : "Condition/EjemploConditionGES",
    "display" : "Referencia a la condición que especifica si es sospecha de GES"
  },
  {
    "reference" : "AllergyIntolerance/EjemploAllergyIntolerance",
    "display" : "Referencia a los tipos de alergia"
  },
  {
    "reference" : "Observation/EjemploObservation2",
    "display" : "Referencia al Indice de comorbilidad"
  },
  {
    "reference" : "Observation/EjemploObservationCuidador",
    "display" : "Referencia a la observación que indica si el paciente es cuidador o no"
  },
  {
    "reference" : "Observation/EjemploObservationDiscapacidad",
    "display" : "Referencia a la observación de si el paciente presenta discapacidad"
  },
  {
    "reference" : "DocumentReference/EjemploDocumentReference",
    "display" : "Referencia al documento que acredita que es cuidador"
  },
  {
    "reference" : "Coverage/EjemploCoverage",
    "display" : "Referencia a Prevision del Paciente"
  },
  {
    "reference" : "QuestionnaireResponse/EjemploQuestionnaireResponseInicioLE",
    "display" : "Referencia al Motivo de Derivacion"
  }]
}