{
  "resourceType" : "ServiceRequest",
  "id" : "EjemploServiceRequest",
  "meta" : {
    "profile" : ["https://interoperabilidad.minsal.cl/fhir/ig/tei/StructureDefinition/ServiceRequestLE"]
  },
  "text" : {
    "status" : "extensions",
    "div" : "<div xmlns=\"http://www.w3.org/1999/xhtml\"><p><b>Generated Narrative: ServiceRequest</b><a name=\"EjemploServiceRequest\"> </a></p><div style=\"display: inline-block; background-color: #d9e0e7; padding: 6px; margin: 4px; border: 1px solid #8da1b4; border-radius: 5px; line-height: 60%\"><p style=\"margin-bottom: 0px\">Resource ServiceRequest &quot;EjemploServiceRequest&quot; </p><p style=\"margin-bottom: 0px\">Profile: <a href=\"StructureDefinition-ServiceRequestLE.html\">ServiceRequest LE</a></p></div><p><b>ExtStringFundamentoPriorizacion</b>: FundamentoPriorizacion</p><p><b>SospechaPatologiaGes</b>: true</p><p><b>ExtBool ResolutividadAPS</b>: true</p><p><b>ExtBool Alergia</b>: false</p><p><b>Origen Interconsulta</b>: APS <span style=\"background: LightGoldenRodYellow; margin: 4px; border: 1px solid khaki\"> (<a href=\"CodeSystem-CSinterconsulta.html\">Interconsulta</a>#1)</span></p><p><b>Estado Interconsulta Codigo</b>: A la espera de referencia <span style=\"background: LightGoldenRodYellow; margin: 4px; border: 1px solid khaki\"> (<a href=\"CodeSystem-CSEstadoInterconsulta.html\">Estado Interconsulta</a>#1)</span></p><p><b>status</b>: draft</p><p><b>intent</b>: proposal</p><p><b>priority</b>: urgent</p><p><b>subject</b>: <a href=\"Bundle-EjemploBundleAtender.html#http-//acme.com/ehr/fhir/Patient/EjemploPatient\">http://acme.com/ehr/fhir/Patient/EjemploPatient</a></p><p><b>encounter</b>: <a href=\"Bundle-EjemploBundleInicio.html#http-//acme.com/ehr/fhir/Encounter/enc1\">http://acme.com/ehr/fhir/Encounter/enc1</a></p><p><b>authoredOn</b>: 2022-01-20 13:50:20+0000</p><p><b>reasonCode</b>: Confirmación <span style=\"background: LightGoldenRodYellow; margin: 4px; border: 1px solid khaki\"> (<a href=\"CodeSystem-CSDerivadoParaCodigo.html\">Derivado Para</a>#1)</span></p><p><b>reasonReference</b>: <a href=\"Bundle-EjemploBundleInicio.html#http-//acme.com/ehr/fhir/Observation/obs1\">http://acme.com/ehr/fhir/Observation/obs1</a></p><p><b>supportingInfo</b>: </p><ul><li><a href=\"Bundle-EjemploBundleInicio.html#http-//acme.com/ehr/fhir/AllergyIntolerance/all1\">http://acme.com/ehr/fhir/AllergyIntolerance/all1</a></li><li><a href=\"Bundle-EjemploBundleInicio.html#http-//acme.com/ehr/fhir/Condition/con1\">http://acme.com/ehr/fhir/Condition/con1</a></li><li><a href=\"Bundle-EjemploBundleInicio.html#http-//acme.com/ehr/fhir/Observvation/obs2\">http://acme.com/ehr/fhir/Observvation/obs2</a></li><li><a href=\"Bundle-EjemploBundleInicio.html#http-//acme.com/ehr/fhir/Condition/con3\">http://acme.com/ehr/fhir/Condition/con3</a></li><li><a href=\"Bundle-EjemploBundleInicio.html#http-//acme.com/ehr/fhir/Observation/obs3\">http://acme.com/ehr/fhir/Observation/obs3</a></li><li><a href=\"Bundle-EjemploBundleInicio.html#http-//acme.com/ehr/fhir/DocumentReference/doc1\">http://acme.com/ehr/fhir/DocumentReference/doc1</a></li><li><a href=\"Bundle-EjemploBundleInicio.html#http-//acme.com/ehr/fhir/Coverage/cov1\">http://acme.com/ehr/fhir/Coverage/cov1</a></li><li><a href=\"Bundle-EjemploBundleInicio.html#http-//acme.com/ehr/fhir/QuestionnaireResponse/que1\">http://acme.com/ehr/fhir/QuestionnaireResponse/que1</a></li></ul></div>"
  },
  "extension" : [{
    "url" : "https://interoperabilidad.minsal.cl/fhir/ig/tei/StructureDefinition/ExtStringFundamentoPriorizacion",
    "valueString" : "FundamentoPriorizacion"
  },
  {
    "url" : "https://interoperabilidad.minsal.cl/fhir/ig/tei/StructureDefinition/SospechaPatologiaGes",
    "valueBoolean" : true
  },
  {
    "url" : "https://interoperabilidad.minsal.cl/fhir/ig/tei/StructureDefinition/ExtBoolResolutividadAPS",
    "valueBoolean" : true
  },
  {
    "url" : "https://interoperabilidad.minsal.cl/fhir/ig/tei/StructureDefinition/ExtBoolAlergia",
    "valueBoolean" : false
  },
  {
    "url" : "https://interoperabilidad.minsal.cl/fhir/ig/tei/StructureDefinition/OrigenInterconsulta",
    "valueCodeableConcept" : {
      "coding" : [{
        "system" : "https://interoperabilidad.minsal.cl/fhir/ig/tei/CodeSystem/CSinterconsulta",
        "code" : "1"
      }]
    }
  },
  {
    "url" : "https://interoperabilidad.minsal.cl/fhir/ig/tei/StructureDefinition/EstadoInterconsultaCodigoLE",
    "valueCodeableConcept" : {
      "coding" : [{
        "system" : "https://interoperabilidad.minsal.cl/fhir/ig/tei/CodeSystem/CSEstadoInterconsulta",
        "code" : "1"
      }]
    }
  }],
  "status" : "draft",
  "intent" : "proposal",
  "priority" : "urgent",
  "subject" : {
    "reference" : "http://acme.com/ehr/fhir/Patient/EjemploPatient"
  },
  "encounter" : {
    "reference" : "http://acme.com/ehr/fhir/Encounter/enc1"
  },
  "authoredOn" : "2022-01-20T13:50:20Z",
  "reasonCode" : [{
    "coding" : [{
      "system" : "https://interoperabilidad.minsal.cl/fhir/ig/tei/CodeSystem/CSDerivadoParaCodigo",
      "code" : "1"
    }]
  }],
  "reasonReference" : [{
    "reference" : "http://acme.com/ehr/fhir/Observation/obs1"
  }],
  "supportingInfo" : [{
    "reference" : "http://acme.com/ehr/fhir/AllergyIntolerance/all1"
  },
  {
    "reference" : "http://acme.com/ehr/fhir/Condition/con1"
  },
  {
    "reference" : "http://acme.com/ehr/fhir/Observvation/obs2"
  },
  {
    "reference" : "http://acme.com/ehr/fhir/Condition/con3"
  },
  {
    "reference" : "http://acme.com/ehr/fhir/Observation/obs3"
  },
  {
    "reference" : "http://acme.com/ehr/fhir/DocumentReference/doc1"
  },
  {
    "reference" : "http://acme.com/ehr/fhir/Coverage/cov1"
  },
  {
    "reference" : "http://acme.com/ehr/fhir/QuestionnaireResponse/que1"
  }]
}