{
  "resourceType" : "Appointment",
  "id" : "EjemploAppointment",
  "meta" : {
    "profile" : ["http://minsal.cl/listaespera/StructureDefinition/AppointmentInicioLE"]
  },
  "text" : {
    "status" : "generated",
    "div" : "<div xmlns=\"http://www.w3.org/1999/xhtml\"><p><b>Generated Narrative: Appointment</b><a name=\"EjemploAppointment\"> </a></p><div style=\"display: inline-block; background-color: #d9e0e7; padding: 6px; margin: 4px; border: 1px solid #8da1b4; border-radius: 5px; line-height: 60%\"><p style=\"margin-bottom: 0px\">Resource Appointment &quot;EjemploAppointment&quot; </p><p style=\"margin-bottom: 0px\">Profile: <a href=\"StructureDefinition-AppointmentInicioLE.html\">Appointment Inicio LE</a></p></div><p><b>identifier</b>: id: 21</p><p><b>status</b>: fulfilled</p><p><b>start</b>: Jan 22, 2023, 6:00:00 AM</p><p><b>basedOn</b>: <a href=\"http://acme.com/ehr/fhir/ServiceRequest/serv1\">http://acme.com/ehr/fhir/ServiceRequest/serv1</a></p><h3>Participants</h3><table class=\"grid\"><tr><td>-</td><td><b>Actor</b></td><td><b>Status</b></td></tr><tr><td>*</td><td><a href=\"Bundle-EjemploBundleTerminar.html#http-//acme.com/ehr/fhir/Practitioner/pra1\">http://acme.com/ehr/fhir/Practitioner/pra1</a></td><td>accepted</td></tr></table></div>"
  },
  "identifier" : [{
    "value" : "21"
  }],
  "status" : "fulfilled",
  "start" : "2023-01-22T09:00:00Z",
  "basedOn" : [{
    "reference" : "http://acme.com/ehr/fhir/ServiceRequest/serv1"
  }],
  "participant" : [{
    "actor" : {
      "reference" : "http://acme.com/ehr/fhir/Practitioner/pra1"
    },
    "status" : "accepted"
  }]
}