{
  "resourceType" : "Bundle",
  "id" : "EjemploBundleReferencia",
  "meta" : {
    "lastUpdated" : "2023-01-20T14:12:10Z",
    "profile" : ["http://minsal.cl/listaespera/StructureDefinition/BundleReferenciaLE"]
  },
  "type" : "message",
  "timestamp" : "2023-02-09T17:15:22Z",
  "entry" : [{
    "fullUrl" : "http://acme.com/ehr/fhir/MessageHeader/mh1",
    "resource" : {
      "resourceType" : "MessageHeader",
      "id" : "EjemploMessageHeaderReferencia",
      "meta" : {
        "lastUpdated" : "2023-02-13T14:12:10Z",
        "profile" : ["http://minsal.cl/listaespera/StructureDefinition/MessageHeaderLE"]
      },
      "text" : {
        "status" : "generated",
        "div" : "<div xmlns=\"http://www.w3.org/1999/xhtml\"><p><b>Generated Narrative: MessageHeader</b><a name=\"EjemploMessageHeaderReferencia\"> </a></p><div style=\"display: inline-block; background-color: #d9e0e7; padding: 6px; margin: 4px; border: 1px solid #8da1b4; border-radius: 5px; line-height: 60%\"><p style=\"margin-bottom: 0px\">Resource MessageHeader &quot;EjemploMessageHeaderReferencia&quot; Updated &quot;2023-02-13 14:12:10+0000&quot; </p><p style=\"margin-bottom: 0px\">Profile: <a href=\"StructureDefinition-MessageHeaderLE.html\">MessageHeader LE</a></p></div><p><b>event</b>: Referenciada (Details: http://minsal.cl/listaespera/CodeSystem/CSTipoEventoLE code referenciada = 'Referenciada', stated as 'null')</p><p><b>author</b>: <a href=\"http://acme.com/ehr/fhir/PractitionerRole/praR1\">http://acme.com/ehr/fhir/PractitionerRole/praR1</a></p><h3>Sources</h3><table class=\"grid\"><tr><td>-</td><td><b>Software</b></td><td><b>Endpoint</b></td></tr><tr><td>*</td><td>SolucionInformatica</td><td><a href=\"http://link-to-sending.cl\">http://link-to-sending.cl</a></td></tr></table><p><b>focus</b>: <a href=\"http://acme.com/ehr/fhir/ServiceRequest/serv1\">http://acme.com/ehr/fhir/ServiceRequest/serv1</a></p></div>"
      },
      "eventCoding" : {
        "system" : "http://minsal.cl/listaespera/CodeSystem/CSTipoEventoLE",
        "code" : "referenciada"
      },
      "author" : {
        "reference" : "http://acme.com/ehr/fhir/PractitionerRole/praR1"
      },
      "source" : {
        "software" : "SolucionInformatica",
        "endpoint" : "http://link-to-sending.cl"
      },
      "focus" : [{
        "reference" : "http://acme.com/ehr/fhir/ServiceRequest/serv1"
      }]
    }
  },
  {
    "fullUrl" : "http://acme.com/ehr/fhir/ServiceRequest/ser1",
    "resource" : {
      "resourceType" : "ServiceRequest",
      "id" : "EjemploServiceRequestReferencia",
      "meta" : {
        "profile" : ["http://minsal.cl/listaespera/StructureDefinition/ServiceRequestLE"]
      },
      "text" : {
        "status" : "extensions",
        "div" : "<div xmlns=\"http://www.w3.org/1999/xhtml\"><p><b>Generated Narrative: ServiceRequest</b><a name=\"EjemploServiceRequestReferencia\"> </a></p><div style=\"display: inline-block; background-color: #d9e0e7; padding: 6px; margin: 4px; border: 1px solid #8da1b4; border-radius: 5px; line-height: 60%\"><p style=\"margin-bottom: 0px\">Resource ServiceRequest &quot;EjemploServiceRequestReferencia&quot; </p><p style=\"margin-bottom: 0px\">Profile: <a href=\"StructureDefinition-ServiceRequestLE.html\">ServiceRequest LE</a></p></div><p><b>Especialidad Médica Destino Código</b>: 1 <span style=\"background: LightGoldenRodYellow; margin: 4px; border: 1px solid khaki\"> ([not stated]#1)</span></p><p><b>SubEspecialidad Médica Destino Código</b>: 1 <span style=\"background: LightGoldenRodYellow; margin: 4px; border: 1px solid khaki\"> ([not stated]#1)</span></p><p><b>identifier</b>: IdInterconsulta: 1</p><p><b>status</b>: draft</p><p><b>intent</b>: proposal</p><p><b>priority</b>: urgent</p><p><b>subject</b>: <a href=\"http://acme.com/ehr/fhir/Patient/pat1\">http://acme.com/ehr/fhir/Patient/pat1</a></p><p><b>performer</b>: <a href=\"#Organization_EjemploOrganizationReferencia2\">See above (http://acme.com/ehr/fhir/Organization/org2)</a></p><p><b>locationCode</b>: Motivo derivación <span style=\"background: LightGoldenRodYellow; margin: 4px; border: 1px solid khaki\"> (<a href=\"CodeSystem-CSDestinoReferenciaCodigo.html\">Destino Referencia Codigo</a>#1)</span></p></div>"
      },
      "extension" : [{
        "url" : "http://minsal.cl/listaespera/StructureDefinition/EspecialidadMedicaDestinoCodigo",
        "valueCodeableConcept" : {
          "coding" : [{
            "code" : "1"
          }]
        }
      },
      {
        "url" : "http://minsal.cl/listaespera/StructureDefinition/SubEspecialidadMedicaDestinoCodigo",
        "valueCodeableConcept" : {
          "coding" : [{
            "code" : "1"
          }]
        }
      }],
      "identifier" : [{
        "type" : {
          "coding" : [{
            "system" : "http://terminology.cens.cl/CodeSystem/listaespera",
            "code" : "IdInterconsulta"
          }]
        },
        "value" : "1"
      }],
      "status" : "draft",
      "intent" : "proposal",
      "priority" : "urgent",
      "subject" : {
        "reference" : "http://acme.com/ehr/fhir/Patient/pat1"
      },
      "performer" : [{
        "reference" : "http://acme.com/ehr/fhir/Organization/org2"
      }],
      "locationCode" : [{
        "coding" : [{
          "system" : "http://minsal.cl/listaespera/CodeSystem/CSDestinoReferenciaCodigo",
          "code" : "1"
        }],
        "text" : "Motivo derivación"
      }]
    }
  },
  {
    "fullUrl" : "http://acme.com/ehr/fhir/EjemploPractitionerRole/praR1",
    "resource" : {
      "resourceType" : "PractitionerRole",
      "id" : "EjemploPractitionerRoleReferencia",
      "meta" : {
        "profile" : ["http://minsal.cl/listaespera/StructureDefinition/PractitionerRoleLE"]
      },
      "text" : {
        "status" : "generated",
        "div" : "<div xmlns=\"http://www.w3.org/1999/xhtml\"><p><b>Generated Narrative: PractitionerRole</b><a name=\"EjemploPractitionerRoleReferencia\"> </a></p><div style=\"display: inline-block; background-color: #d9e0e7; padding: 6px; margin: 4px; border: 1px solid #8da1b4; border-radius: 5px; line-height: 60%\"><p style=\"margin-bottom: 0px\">Resource PractitionerRole &quot;EjemploPractitionerRoleReferencia&quot; </p><p style=\"margin-bottom: 0px\">Profile: <a href=\"StructureDefinition-PractitionerRoleLE.html\">PractitionerRole LE</a></p></div><p><b>practitioner</b>: <a href=\"#Practitioner_EjemploPractitionerReferencia\">See above (http://acme.com/ehr/fhir/Practitioner/pra1)</a></p><p><b>organization</b>: <a href=\"#Organization_EjemploOrganizationReferencia1\">See above (http://acme.com/ehr/fhir/Organization/org1)</a></p><p><b>code</b>: referenciador <span style=\"background: LightGoldenRodYellow; margin: 4px; border: 1px solid khaki\"> ([not stated]#referenciador)</span></p></div>"
      },
      "practitioner" : {
        "reference" : "http://acme.com/ehr/fhir/Practitioner/pra1"
      },
      "organization" : {
        "reference" : "http://acme.com/ehr/fhir/Organization/org1"
      },
      "code" : [{
        "coding" : [{
          "code" : "referenciador"
        }]
      }]
    }
  },
  {
    "fullUrl" : "http://acme.com/ehr/fhir/Practitioner/pra1",
    "resource" : {
      "resourceType" : "Practitioner",
      "id" : "EjemploPractitionerReferencia",
      "meta" : {
        "profile" : ["http://minsal.cl/listaespera/StructureDefinition/PractitionerLE"]
      },
      "text" : {
        "status" : "generated",
        "div" : "<div xmlns=\"http://www.w3.org/1999/xhtml\"><p><b>Generated Narrative: Practitioner</b><a name=\"EjemploPractitionerReferencia\"> </a></p><div style=\"display: inline-block; background-color: #d9e0e7; padding: 6px; margin: 4px; border: 1px solid #8da1b4; border-radius: 5px; line-height: 60%\"><p style=\"margin-bottom: 0px\">Resource Practitioner &quot;EjemploPractitionerReferencia&quot; </p><p style=\"margin-bottom: 0px\">Profile: <a href=\"StructureDefinition-PractitionerLE.html\">Practitioner LE</a></p></div><p><b>identifier</b>: RUN: 2134 (use: OFFICIAL), ValorRNPI: 2134 (use: SECONDARY)</p><p><b>gender</b>: male</p><p><b>birthDate</b>: 1974-01-22</p><h3>Qualifications</h3><table class=\"grid\"><tr><td>-</td><td><b>Identifier</b></td><td><b>Code</b></td></tr><tr><td>*</td><td>id: cert</td><td>Certificado(s) <span style=\"background: LightGoldenRodYellow; margin: 4px; border: 1px solid khaki\"> (certMedicos &quot;Medico Cirujano&quot;)</span></td></tr></table></div>"
      },
      "identifier" : [{
        "use" : "official",
        "type" : {
          "coding" : [{
            "system" : "http://terminology.cens.cl/CodeSystem/listaespera",
            "code" : "RUN"
          }]
        },
        "value" : "2134"
      },
      {
        "use" : "secondary",
        "type" : {
          "coding" : [{
            "system" : "http://terminology.cens.cl/CodeSystem/listaespera",
            "code" : "ValorRNPI"
          }]
        },
        "value" : "2134"
      }],
      "gender" : "male",
      "birthDate" : "1974-01-22",
      "qualification" : [{
        "identifier" : [{
          "value" : "cert"
        }],
        "code" : {
          "coding" : [{
            "system" : "http://terminology.cens.cl/CodeSystem/certMedicos",
            "display" : "Medico Cirujano"
          }],
          "text" : "Certificado(s)"
        }
      }]
    }
  },
  {
    "fullUrl" : "http://acme.com/ehr/fhir/Organization/org1",
    "resource" : {
      "resourceType" : "Organization",
      "id" : "EjemploOrganizationReferencia1",
      "meta" : {
        "profile" : ["https://hl7chile.cl/fhir/ig/CoreCL/StructureDefinition/CoreOrganizacionCl"]
      },
      "text" : {
        "status" : "generated",
        "div" : "<div xmlns=\"http://www.w3.org/1999/xhtml\"><p><b>Generated Narrative: Organization</b><a name=\"EjemploOrganizationReferencia1\"> </a></p><div style=\"display: inline-block; background-color: #d9e0e7; padding: 6px; margin: 4px; border: 1px solid #8da1b4; border-radius: 5px; line-height: 60%\"><p style=\"margin-bottom: 0px\">Resource Organization &quot;EjemploOrganizationReferencia1&quot; </p><p style=\"margin-bottom: 0px\">Profile: <a href=\"https://hl7chile.cl/fhir/ig/CoreCL/1.7.0/StructureDefinition-CoreOrganizacionCl.html\">CL Organización</a></p></div><p><b>identifier</b>: Placer Identifier: 1</p></div>"
      },
      "identifier" : [{
        "type" : {
          "coding" : [{
            "system" : "http://terminology.hl7.org/CodeSystem/v2-0203",
            "code" : "PLAC"
          }]
        },
        "value" : "1"
      }]
    }
  },
  {
    "fullUrl" : "http://acme.com/ehr/fhir/Organization/org2",
    "resource" : {
      "resourceType" : "Organization",
      "id" : "EjemploOrganizationReferencia2",
      "meta" : {
        "profile" : ["https://hl7chile.cl/fhir/ig/CoreCL/StructureDefinition/CoreOrganizacionCl"]
      },
      "text" : {
        "status" : "generated",
        "div" : "<div xmlns=\"http://www.w3.org/1999/xhtml\"><p><b>Generated Narrative: Organization</b><a name=\"EjemploOrganizationReferencia2\"> </a></p><div style=\"display: inline-block; background-color: #d9e0e7; padding: 6px; margin: 4px; border: 1px solid #8da1b4; border-radius: 5px; line-height: 60%\"><p style=\"margin-bottom: 0px\">Resource Organization &quot;EjemploOrganizationReferencia2&quot; </p><p style=\"margin-bottom: 0px\">Profile: <a href=\"https://hl7chile.cl/fhir/ig/CoreCL/1.7.0/StructureDefinition-CoreOrganizacionCl.html\">CL Organización</a></p></div><p><b>identifier</b>: Placer Identifier: 2</p></div>"
      },
      "identifier" : [{
        "type" : {
          "coding" : [{
            "system" : "http://terminology.hl7.org/CodeSystem/v2-0203",
            "code" : "PLAC"
          }]
        },
        "value" : "2"
      }]
    }
  }]
}