{
  "resourceType" : "Bundle",
  "id" : "EjemploBundleInicio",
  "meta" : {
    "lastUpdated" : "2023-01-20T14:12:10Z",
    "profile" : ["http://minsal.cl/listaespera/StructureDefinition/BundleInicioLE"]
  },
  "type" : "message",
  "timestamp" : "2023-02-09T17:15:22Z",
  "entry" : [{
    "fullUrl" : "http://acme.com/ehr/fhir/MessageHeader/mh1",
    "resource" : {
      "resourceType" : "MessageHeader",
      "id" : "EjemploMessageHeader",
      "meta" : {
        "lastUpdated" : "2023-01-20T14:12:10Z",
        "profile" : ["http://minsal.cl/listaespera/StructureDefinition/MessageHeaderLE"]
      },
      "text" : {
        "status" : "generated",
        "div" : "<div xmlns=\"http://www.w3.org/1999/xhtml\"><p><b>Generated Narrative: MessageHeader</b><a name=\"EjemploMessageHeader\"> </a></p><div style=\"display: inline-block; background-color: #d9e0e7; padding: 6px; margin: 4px; border: 1px solid #8da1b4; border-radius: 5px; line-height: 60%\"><p style=\"margin-bottom: 0px\">Resource MessageHeader &quot;EjemploMessageHeader&quot; Updated &quot;2023-01-20 14:12:10+0000&quot; </p><p style=\"margin-bottom: 0px\">Profile: <a href=\"StructureDefinition-MessageHeaderLE.html\">MessageHeader LE</a></p></div><p><b>event</b>: Inicio (Details: http://minsal.cl/listaespera/CodeSystem/CSTipoEventoLE code inicio = 'Inicio', stated as 'null')</p><p><b>author</b>: <a href=\"http://acme.com/ehr/fhir/PractitionerRole/praR1\">http://acme.com/ehr/fhir/PractitionerRole/praR1</a></p><h3>Sources</h3><table class=\"grid\"><tr><td>-</td><td><b>Software</b></td><td><b>Endpoint</b></td></tr><tr><td>*</td><td>SolucionInformatica</td><td><a href=\"http://link-to-sending.cl\">http://link-to-sending.cl</a></td></tr></table><p><b>focus</b>: <a href=\"http://acme.com/ehr/fhir/ServiceRequest/serv1\">http://acme.com/ehr/fhir/ServiceRequest/serv1</a></p></div>"
      },
      "eventCoding" : {
        "system" : "http://minsal.cl/listaespera/CodeSystem/CSTipoEventoLE",
        "code" : "inicio"
      },
      "author" : {
        "reference" : "http://acme.com/ehr/fhir/PractitionerRole/praR1"
      },
      "source" : {
        "software" : "SolucionInformatica",
        "endpoint" : "http://link-to-sending.cl"
      },
      "focus" : [{
        "reference" : "http://acme.com/ehr/fhir/ServiceRequest/serv1"
      }]
    }
  },
  {
    "fullUrl" : "http://acme.com/ehr/fhir/ServiceRequest/ser1",
    "resource" : {
      "resourceType" : "ServiceRequest",
      "id" : "EjemploServiceRequest",
      "meta" : {
        "profile" : ["http://minsal.cl/listaespera/StructureDefinition/ServiceRequestLE"]
      },
      "text" : {
        "status" : "extensions",
        "div" : "<div xmlns=\"http://www.w3.org/1999/xhtml\"><p><b>Generated Narrative: ServiceRequest</b><a name=\"EjemploServiceRequest\"> </a></p><div style=\"display: inline-block; background-color: #d9e0e7; padding: 6px; margin: 4px; border: 1px solid #8da1b4; border-radius: 5px; line-height: 60%\"><p style=\"margin-bottom: 0px\">Resource ServiceRequest &quot;EjemploServiceRequest&quot; </p><p style=\"margin-bottom: 0px\">Profile: <a href=\"StructureDefinition-ServiceRequestLE.html\">ServiceRequest LE</a></p></div><p><b>ExtStringFundamentoPriorizacion</b>: FundamentoPriorizacion</p><p><b>SospechaPatologiaGes</b>: true</p><p><b>ExtBool ResolutividadAPS</b>: true</p><p><b>ExtBool Alergia</b>: false</p><p><b>Origen Interconsulta</b>: 1 <span style=\"background: LightGoldenRodYellow; margin: 4px; border: 1px solid khaki\"> ([not stated]#1)</span></p><p><b>Estado Interconsulta Codigo</b>: 1 <span style=\"background: LightGoldenRodYellow; margin: 4px; border: 1px solid khaki\"> ([not stated]#1)</span></p><p><b>ExtBool Cuidador</b>: true</p><p><b>Doc Acreditacion Cuidador</b>: 1 <span style=\"background: LightGoldenRodYellow; margin: 4px; border: 1px solid khaki\"> ([not stated]#1)</span></p><p><b>ExtBool PresentaDiscapacidad</b>: false</p><p><b>identifier</b>: IdInterconsulta: 1</p><p><b>status</b>: draft</p><p><b>intent</b>: proposal</p><p><b>priority</b>: urgent</p><p><b>subject</b>: <a href=\"#Patient_EjemploPatient\">See above (http://acme.com/ehr/fhir/Patient/pat1)</a></p><p><b>encounter</b>: <a href=\"#Encounter_EjemploEncounter\">See above (http://acme.com/ehr/fhir/Encounter/enc1)</a></p><p><b>authoredOn</b>: 2022-01-20 13:50:20+0000</p><p><b>reasonCode</b>: confirmacion <span style=\"background: LightGoldenRodYellow; margin: 4px; border: 1px solid khaki\"> (motivoInterconsulta#1)</span></p><p><b>reasonReference</b>: <a href=\"#Observation_EjemploObservation\">See above (http://acme.com/ehr/fhir/Observation/obs1)</a></p><p><b>supportingInfo</b>: </p><ul><li><a href=\"#Appointment_EjemploAppointment\">See above (http://acme.com/ehr/fhir/Appointment/app1)</a></li><li><a href=\"#QuestionnaireResponse_EjemploQuestionnaireResponse\">See above (http://acme.com/ehr/fhir/QuestionnaireResponse/que1)</a></li><li><a href=\"#AllergyIntolerance_EjemploAllergyIntolerance\">See above (http://acme.com/ehr/fhir/AllergyIntolerance/all1)</a></li><li><a href=\"#Condition_EjemploCondition\">See above (http://acme.com/ehr/fhir/Condition/con1)</a></li><li><a href=\"#Condition_EjemploCondition2\">See above (http://acme.com/ehr/fhir/Condition/con2)</a></li><li><a href=\"#Condition_EjemploCondition3\">See above (http://acme.com/ehr/fhir/Condition/con3)</a></li></ul></div>"
      },
      "extension" : [{
        "url" : "http://minsal.cl/listaespera/StructureDefinition/ExtStringFundamentoPriorizacion",
        "valueString" : "FundamentoPriorizacion"
      },
      {
        "url" : "http://minsal.cl/listaespera/StructureDefinition/SospechaPatologiaGes",
        "valueBoolean" : true
      },
      {
        "url" : "http://minsal.cl/listaespera/StructureDefinition/ExtBoolResolutividadAPS",
        "valueBoolean" : true
      },
      {
        "url" : "http://minsal.cl/listaespera/StructureDefinition/ExtBoolAlergia",
        "valueBoolean" : false
      },
      {
        "url" : "http://minsal.cl/listaespera/StructureDefinition/OrigenInterconsulta",
        "valueCodeableConcept" : {
          "coding" : [{
            "code" : "1"
          }]
        }
      },
      {
        "url" : "http://minsal.cl/listaespera/StructureDefinition/EstadoInterconsultaCodigoLE",
        "valueCodeableConcept" : {
          "coding" : [{
            "code" : "1"
          }]
        }
      },
      {
        "url" : "http://minsal.cl/listaespera/StructureDefinition/ExtBoolCuidador",
        "valueBoolean" : true
      },
      {
        "url" : "http://minsal.cl/listaespera/StructureDefinition/DocAcreditacionCuidadorCodigoLE",
        "valueCodeableConcept" : {
          "coding" : [{
            "code" : "1"
          }]
        }
      },
      {
        "url" : "http://minsal.cl/listaespera/StructureDefinition/ExtBoolPresentaDiscapacidad",
        "valueBoolean" : false
      }],
      "identifier" : [{
        "type" : {
          "coding" : [{
            "system" : "http://terminology.cens.cl/CodeSystem/listaespera",
            "code" : "IdInterconsulta"
          }]
        },
        "value" : "1"
      }],
      "status" : "draft",
      "intent" : "proposal",
      "priority" : "urgent",
      "subject" : {
        "reference" : "http://acme.com/ehr/fhir/Patient/pat1"
      },
      "encounter" : {
        "reference" : "http://acme.com/ehr/fhir/Encounter/enc1"
      },
      "authoredOn" : "2022-01-20T13:50:20Z",
      "reasonCode" : [{
        "coding" : [{
          "system" : "http://terminology.cens.cl/codigosDeis/motivoInterconsulta",
          "code" : "1",
          "display" : "confirmacion"
        }]
      }],
      "reasonReference" : [{
        "reference" : "http://acme.com/ehr/fhir/Observation/obs1"
      }],
      "supportingInfo" : [{
        "reference" : "http://acme.com/ehr/fhir/Appointment/app1"
      },
      {
        "reference" : "http://acme.com/ehr/fhir/QuestionnaireResponse/que1"
      },
      {
        "reference" : "http://acme.com/ehr/fhir/AllergyIntolerance/all1"
      },
      {
        "reference" : "http://acme.com/ehr/fhir/Condition/con1"
      },
      {
        "reference" : "http://acme.com/ehr/fhir/Condition/con2"
      },
      {
        "reference" : "http://acme.com/ehr/fhir/Condition/con3"
      }]
    }
  },
  {
    "fullUrl" : "http://acme.com/ehr/fhir/Encounter/enc1",
    "resource" : {
      "resourceType" : "Encounter",
      "id" : "EjemploEncounter",
      "meta" : {
        "profile" : ["http://minsal.cl/listaespera/StructureDefinition/EncounterInicioLE"]
      },
      "text" : {
        "status" : "generated",
        "div" : "<div xmlns=\"http://www.w3.org/1999/xhtml\"><p><b>Generated Narrative: Encounter</b><a name=\"EjemploEncounter\"> </a></p><div style=\"display: inline-block; background-color: #d9e0e7; padding: 6px; margin: 4px; border: 1px solid #8da1b4; border-radius: 5px; line-height: 60%\"><p style=\"margin-bottom: 0px\">Resource Encounter &quot;EjemploEncounter&quot; </p><p style=\"margin-bottom: 0px\">Profile: <a href=\"StructureDefinition-EncounterInicioLE.html\">Encounter Inicio LE</a></p></div><p><b>identifier</b>: IdConsultaAPS: 1</p><p><b>status</b>: finished</p><p><b>class</b>: AMB (Details: [not stated] code AMB = 'AMB', stated as 'null')</p><p><b>appointment</b>: <a href=\"#Appointment_EjemploAppointment\">See above (http://acme.com/ehr/fhir/Appointment/app1)</a></p></div>"
      },
      "identifier" : [{
        "type" : {
          "coding" : [{
            "system" : "http://terminology.cens.cl/CodeSystem/listaespera",
            "code" : "IdConsultaAPS"
          }]
        },
        "value" : "1"
      }],
      "status" : "finished",
      "class" : {
        "code" : "AMB"
      },
      "appointment" : [{
        "reference" : "http://acme.com/ehr/fhir/Appointment/app1"
      }]
    }
  },
  {
    "fullUrl" : "http://acme.com/ehr/fhir/Appointment/app1",
    "resource" : {
      "resourceType" : "Appointment",
      "id" : "EjemploAppointment",
      "meta" : {
        "profile" : ["http://minsal.cl/listaespera/StructureDefinition/AppointmentInicioLE"]
      },
      "text" : {
        "status" : "generated",
        "div" : "<div xmlns=\"http://www.w3.org/1999/xhtml\"><p><b>Generated Narrative: Appointment</b><a name=\"EjemploAppointment\"> </a></p><div style=\"display: inline-block; background-color: #d9e0e7; padding: 6px; margin: 4px; border: 1px solid #8da1b4; border-radius: 5px; line-height: 60%\"><p style=\"margin-bottom: 0px\">Resource Appointment &quot;EjemploAppointment&quot; </p><p style=\"margin-bottom: 0px\">Profile: <a href=\"StructureDefinition-AppointmentInicioLE.html\">Appointment Inicio LE</a></p></div><p><b>identifier</b>: id: 21</p><p><b>status</b>: fulfilled</p><p><b>start</b>: Jan 22, 2023, 6:00:00 AM</p><p><b>basedOn</b>: <a href=\"http://acme.com/ehr/fhir/ServiceRequest/serv1\">http://acme.com/ehr/fhir/ServiceRequest/serv1</a></p><h3>Participants</h3><table class=\"grid\"><tr><td>-</td><td><b>Actor</b></td><td><b>Status</b></td></tr><tr><td>*</td><td><a href=\"#Practitioner_EjemploPractitioner\">See above (http://acme.com/ehr/fhir/Practitioner/pra1)</a></td><td>accepted</td></tr></table></div>"
      },
      "identifier" : [{
        "value" : "21"
      }],
      "status" : "fulfilled",
      "start" : "2023-01-22T09:00:00Z",
      "basedOn" : [{
        "reference" : "http://acme.com/ehr/fhir/ServiceRequest/serv1"
      }],
      "participant" : [{
        "actor" : {
          "reference" : "http://acme.com/ehr/fhir/Practitioner/pra1"
        },
        "status" : "accepted"
      }]
    }
  },
  {
    "fullUrl" : "http://acme.com/ehr/fhir/Patient/pat1",
    "resource" : {
      "resourceType" : "Patient",
      "id" : "EjemploPatient",
      "meta" : {
        "profile" : ["http://minsal.cl/listaespera/StructureDefinition/PatientLE"]
      },
      "text" : {
        "status" : "extensions",
        "div" : "<div xmlns=\"http://www.w3.org/1999/xhtml\"><p><b>Generated Narrative: Patient</b><a name=\"EjemploPatient\"> </a></p><div style=\"display: inline-block; background-color: #d9e0e7; padding: 6px; margin: 4px; border: 1px solid #8da1b4; border-radius: 5px; line-height: 60%\"><p style=\"margin-bottom: 0px\">Resource Patient &quot;EjemploPatient&quot; </p><p style=\"margin-bottom: 0px\">Profile: <a href=\"StructureDefinition-PatientLE.html\">Paciente LE</a></p></div><p><b>Codigo de Identificación de países</b>: Andorra <span style=\"background: LightGoldenRodYellow; margin: 4px; border: 1px solid khaki\"> ([not stated]#AD)</span></p><p><b>Codigo de Identificación de Nacionalidad</b>: Andorra <span style=\"background: LightGoldenRodYellow; margin: 4px; border: 1px solid khaki\"> ([not stated]#AD)</span></p><p><b>Identidad de genero</b>: 01 <span style=\"background: LightGoldenRodYellow; margin: 4px; border: 1px solid khaki\"> ([not stated]#01)</span></p><p><b>ExtBool Afrodescendiente</b>: false</p><p><b>identifier</b>: RUN: 15999999</p><p><b>name</b>: Luis Perez (OFFICIAL), Luis </p><p><b>telecom</b>: ph: 569854875457(MOBILE)</p><p><b>gender</b>: male</p><p><b>birthDate</b>: 1995-12-12</p></div>"
      },
      "extension" : [{
        "url" : "http://minsal.cl/listaespera/StructureDefinition/CodigoPaises",
        "valueCodeableConcept" : {
          "coding" : [{
            "code" : "AD"
          }],
          "text" : "Andorra"
        }
      },
      {
        "url" : "http://minsal.cl/listaespera/StructureDefinition/NacionalidadCodigo",
        "valueCodeableConcept" : {
          "coding" : [{
            "code" : "AD"
          }],
          "text" : "Andorra"
        }
      },
      {
        "url" : "http://minsal.cl/listaespera/StructureDefinition/IdentidadGenero",
        "valueCodeableConcept" : {
          "coding" : [{
            "code" : "01"
          }]
        }
      },
      {
        "url" : "http://minsal.cl/listaespera/StructureDefinition/ExtBoolAfrodescendiente",
        "valueBoolean" : false
      }],
      "identifier" : [{
        "extension" : [{
          "url" : "http://minsal.cl/listaespera/StructureDefinition/DigitoVerificador",
          "valueString" : "K"
        }],
        "type" : {
          "extension" : [{
            "url" : "http://minsal.cl/listaespera/StructureDefinition/CodigoPaises",
            "valueCoding" : {
              "code" : "AD"
            }
          }],
          "coding" : [{
            "system" : "http://minsal.cl/listaespera/CodeSystem/CSTipoIdentificador",
            "code" : "1",
            "display" : "RUN"
          }]
        },
        "system" : "http://www.acme.com/identifiers/patient",
        "value" : "15999999"
      }],
      "name" : [{
        "use" : "official",
        "family" : "Perez",
        "_family" : {
          "extension" : [{
            "url" : "http://minsal.cl/listaespera/StructureDefinition/SegundoApellido",
            "valueString" : "sierra"
          }]
        },
        "given" : ["Luis"]
      },
      {
        "use" : "usual",
        "given" : ["Luis"]
      }],
      "telecom" : [{
        "system" : "phone",
        "value" : "569854875457",
        "use" : "mobile",
        "rank" : 1
      }],
      "gender" : "male",
      "birthDate" : "1995-12-12"
    }
  },
  {
    "fullUrl" : "http://acme.com/ehr/fhir/QuestionnaireResponse/que1",
    "resource" : {
      "resourceType" : "QuestionnaireResponse",
      "id" : "EjemploQuestionnaireResponse",
      "meta" : {
        "profile" : ["http://minsal.cl/listaespera/StructureDefinition/QuestionnaireResponseInicioLE"]
      },
      "text" : {
        "status" : "generated",
        "div" : "<div xmlns=\"http://www.w3.org/1999/xhtml\"><p><b>Generated Narrative: QuestionnaireResponse</b><a name=\"EjemploQuestionnaireResponse\"> </a></p><div style=\"display: inline-block; background-color: #d9e0e7; padding: 6px; margin: 4px; border: 1px solid #8da1b4; border-radius: 5px; line-height: 60%\"><p style=\"margin-bottom: 0px\">Resource QuestionnaireResponse &quot;EjemploQuestionnaireResponse&quot; </p><p style=\"margin-bottom: 0px\">Profile: <a href=\"StructureDefinition-QuestionnaireResponseInicioLE.html\">QuestionnaireResponse Inicio LE</a></p></div><p><b>status</b>: completed</p><blockquote><p><b>item</b></p><p><b>linkId</b>: Resumen</p><p><b>text</b>: Resumen</p><h3>Answers</h3><table class=\"grid\"><tr><td>-</td><td><b>Value[x]</b></td></tr><tr><td>*</td><td>Anamnesis</td></tr></table></blockquote></div>"
      },
      "status" : "completed",
      "item" : [{
        "linkId" : "Resumen",
        "text" : "Resumen",
        "answer" : [{
          "valueString" : "Anamnesis"
        }]
      }]
    }
  },
  {
    "fullUrl" : "http://acme.com/ehr/fhir/Condition/con1",
    "resource" : {
      "resourceType" : "Condition",
      "id" : "EjemploCondition",
      "meta" : {
        "profile" : ["http://minsal.cl/listaespera/StructureDefinition/ConditionInicioDiagnosticoSospechaLE"]
      },
      "text" : {
        "status" : "generated",
        "div" : "<div xmlns=\"http://www.w3.org/1999/xhtml\"><p><b>Generated Narrative: Condition</b><a name=\"EjemploCondition\"> </a></p><div style=\"display: inline-block; background-color: #d9e0e7; padding: 6px; margin: 4px; border: 1px solid #8da1b4; border-radius: 5px; line-height: 60%\"><p style=\"margin-bottom: 0px\">Resource Condition &quot;EjemploCondition&quot; </p><p style=\"margin-bottom: 0px\">Profile: <a href=\"StructureDefinition-ConditionInicioDiagnosticoSospechaLE.html\">Condition Inicio Diagnostico Sospecha LE</a></p></div><p><b>category</b>: diagnostico <span style=\"background: LightGoldenRodYellow; margin: 4px; border: 1px solid khaki\"> (<a href=\"http://terminology.hl7.org/3.1.0/CodeSystem-condition-category.html\">Condition Category Codes</a>#encounter-diagnosis)</span></p><p><b>code</b>: DiagnosticoTextoLibreSospecha <span style=\"background: LightGoldenRodYellow; margin: 4px; border: 1px solid khaki\"> (<a href=\"CodeSystem-CSTipoCodDiagnostica.html\">Tipo Codificación Diagnostica</a>#2)</span></p><p><b>subject</b>: <a href=\"#Patient_EjemploPatient\">See above (http://acme.com/ehr/fhir/Patient/pat1)</a></p><p><b>note</b>: FundamentoDiagnostico</p></div>"
      },
      "category" : [{
        "coding" : [{
          "system" : "http://terminology.hl7.org/CodeSystem/condition-category",
          "code" : "encounter-diagnosis"
        }],
        "text" : "diagnostico"
      }],
      "code" : {
        "coding" : [{
          "system" : "http://minsal.cl/listaespera/CodeSystem/CSTipoCodDiagnostica",
          "code" : "2"
        }],
        "text" : "DiagnosticoTextoLibreSospecha"
      },
      "subject" : {
        "reference" : "http://acme.com/ehr/fhir/Patient/pat1"
      },
      "note" : [{
        "text" : "FundamentoDiagnostico"
      }]
    }
  },
  {
    "fullUrl" : "http://acme.com/ehr/fhir/Condition/con2",
    "resource" : {
      "resourceType" : "Condition",
      "id" : "EjemploCondition2",
      "meta" : {
        "profile" : ["http://minsal.cl/listaespera/StructureDefinition/ConditionInicioIndiceComorbilidadLE"]
      },
      "text" : {
        "status" : "generated",
        "div" : "<div xmlns=\"http://www.w3.org/1999/xhtml\"><p><b>Generated Narrative: Condition</b><a name=\"EjemploCondition2\"> </a></p><div style=\"display: inline-block; background-color: #d9e0e7; padding: 6px; margin: 4px; border: 1px solid #8da1b4; border-radius: 5px; line-height: 60%\"><p style=\"margin-bottom: 0px\">Resource Condition &quot;EjemploCondition2&quot; </p><p style=\"margin-bottom: 0px\">Profile: <a href=\"StructureDefinition-ConditionInicioIndiceComorbilidadLE.html\">Condition Inicio Indice Comorbilidad LE</a></p></div><p><b>category</b>: Indice Comorbilidad <span style=\"background: LightGoldenRodYellow; margin: 4px; border: 1px solid khaki\"> (<a href=\"http://terminology.hl7.org/3.1.0/CodeSystem-condition-category.html\">Condition Category Codes</a>#problem-list-item)</span></p><p><b>code</b>: DiagnosticoTextoLibreSospecha <span style=\"background: LightGoldenRodYellow; margin: 4px; border: 1px solid khaki\"> (<a href=\"CodeSystem-CSIndicecomorbilidad.html\">Indice Comorbilidad</a>#G1)</span></p><p><b>subject</b>: <a href=\"#Patient_EjemploPatient\">See above (http://acme.com/ehr/fhir/Patient/pat1)</a></p></div>"
      },
      "category" : [{
        "coding" : [{
          "system" : "http://terminology.hl7.org/CodeSystem/condition-category",
          "code" : "problem-list-item"
        }],
        "text" : "Indice Comorbilidad"
      }],
      "code" : {
        "coding" : [{
          "system" : "http://minsal.cl/listaespera/CodeSystem/CSIndicecomorbilidad",
          "code" : "G1"
        }],
        "text" : "DiagnosticoTextoLibreSospecha"
      },
      "subject" : {
        "reference" : "http://acme.com/ehr/fhir/Patient/pat1"
      }
    }
  },
  {
    "fullUrl" : "http://acme.com/ehr/fhir/Condition/con3",
    "resource" : {
      "resourceType" : "Condition",
      "id" : "EjemploCondition3",
      "meta" : {
        "profile" : ["http://minsal.cl/listaespera/StructureDefinition/ConditionInicioSospechaGesLE"]
      },
      "text" : {
        "status" : "generated",
        "div" : "<div xmlns=\"http://www.w3.org/1999/xhtml\"><p><b>Generated Narrative: Condition</b><a name=\"EjemploCondition3\"> </a></p><div style=\"display: inline-block; background-color: #d9e0e7; padding: 6px; margin: 4px; border: 1px solid #8da1b4; border-radius: 5px; line-height: 60%\"><p style=\"margin-bottom: 0px\">Resource Condition &quot;EjemploCondition3&quot; </p><p style=\"margin-bottom: 0px\">Profile: <a href=\"StructureDefinition-ConditionInicioSospechaGesLE.html\">Condition Inicio Sospecha Ges LE</a></p></div><p><b>category</b>: sospechaGes <span style=\"background: LightGoldenRodYellow; margin: 4px; border: 1px solid khaki\"> (<a href=\"http://terminology.hl7.org/3.1.0/CodeSystem-condition-category.html\">Condition Category Codes</a>#problem-list-item)</span></p><p><b>code</b>: SospechaPatologiaGesGlosa <span style=\"background: LightGoldenRodYellow; margin: 4px; border: 1px solid khaki\"> (<a href=\"CodeSystem-CSSospechaPatologiaGes.html\">Sospecha Patologia Ges</a>#A000)</span></p><p><b>subject</b>: <a href=\"#Patient_EjemploPatient\">See above (http://acme.com/ehr/fhir/Patient/pat1)</a></p></div>"
      },
      "category" : [{
        "coding" : [{
          "system" : "http://terminology.hl7.org/CodeSystem/condition-category",
          "code" : "problem-list-item"
        }],
        "text" : "sospechaGes"
      }],
      "code" : {
        "coding" : [{
          "system" : "http://minsal.cl/listaespera/CodeSystem/CSSospechaPatologiaGes",
          "code" : "A000"
        }],
        "text" : "SospechaPatologiaGesGlosa"
      },
      "subject" : {
        "reference" : "http://acme.com/ehr/fhir/Patient/pat1"
      }
    }
  },
  {
    "fullUrl" : "http://acme.com/ehr/fhir/Observation/obs1",
    "resource" : {
      "resourceType" : "Observation",
      "id" : "EjemploObservation",
      "meta" : {
        "profile" : ["http://minsal.cl/listaespera/StructureDefinition/ObservationInicioLE"]
      },
      "text" : {
        "status" : "generated",
        "div" : "<div xmlns=\"http://www.w3.org/1999/xhtml\"><p><b>Generated Narrative: Observation</b><a name=\"EjemploObservation\"> </a></p><div style=\"display: inline-block; background-color: #d9e0e7; padding: 6px; margin: 4px; border: 1px solid #8da1b4; border-radius: 5px; line-height: 60%\"><p style=\"margin-bottom: 0px\">Resource Observation &quot;EjemploObservation&quot; </p><p style=\"margin-bottom: 0px\">Profile: <a href=\"StructureDefinition-ObservationInicioLE.html\">Observation Inicio LE</a></p></div><p><b>status</b>: registered</p><p><b>code</b>: examenes <span style=\"background: LightGoldenRodYellow; margin: 4px; border: 1px solid khaki\"> ()</span></p><p><b>value</b>: examenes realizados</p></div>"
      },
      "status" : "registered",
      "code" : {
        "text" : "examenes"
      },
      "valueString" : "examenes realizados"
    }
  },
  {
    "fullUrl" : "http://acme.com/ehr/fhir/AllergyIntolerance/all1",
    "resource" : {
      "resourceType" : "AllergyIntolerance",
      "id" : "EjemploAllergyIntolerance",
      "meta" : {
        "profile" : ["http://minsal.cl/listaespera/StructureDefinition/AllergyIntoleranceInicioLE"]
      },
      "text" : {
        "status" : "generated",
        "div" : "<div xmlns=\"http://www.w3.org/1999/xhtml\"><p><b>Generated Narrative: AllergyIntolerance</b><a name=\"EjemploAllergyIntolerance\"> </a></p><div style=\"display: inline-block; background-color: #d9e0e7; padding: 6px; margin: 4px; border: 1px solid #8da1b4; border-radius: 5px; line-height: 60%\"><p style=\"margin-bottom: 0px\">Resource AllergyIntolerance &quot;EjemploAllergyIntolerance&quot; </p><p style=\"margin-bottom: 0px\">Profile: <a href=\"StructureDefinition-AllergyIntoleranceInicioLE.html\">AllergyIntolerance Inicio LE</a></p></div><p><b>code</b>: tipo alergia <span style=\"background: LightGoldenRodYellow; margin: 4px; border: 1px solid khaki\"> ()</span></p><p><b>patient</b>: <a href=\"http://acme.com/ehr/fhir/Patient/pat12\">http://acme.com/ehr/fhir/Patient/pat12</a></p></div>"
      },
      "code" : {
        "text" : "tipo alergia"
      },
      "patient" : {
        "reference" : "http://acme.com/ehr/fhir/Patient/pat12"
      }
    }
  },
  {
    "fullUrl" : "http://acme.com/ehr/fhir/EjemploPractitionerRole/praR1",
    "resource" : {
      "resourceType" : "PractitionerRole",
      "id" : "EjemploPractitionerRole",
      "meta" : {
        "profile" : ["http://minsal.cl/listaespera/StructureDefinition/PractitionerRoleLE"]
      },
      "text" : {
        "status" : "generated",
        "div" : "<div xmlns=\"http://www.w3.org/1999/xhtml\"><p><b>Generated Narrative: PractitionerRole</b><a name=\"EjemploPractitionerRole\"> </a></p><div style=\"display: inline-block; background-color: #d9e0e7; padding: 6px; margin: 4px; border: 1px solid #8da1b4; border-radius: 5px; line-height: 60%\"><p style=\"margin-bottom: 0px\">Resource PractitionerRole &quot;EjemploPractitionerRole&quot; </p><p style=\"margin-bottom: 0px\">Profile: <a href=\"StructureDefinition-PractitionerRoleLE.html\">PractitionerRole LE</a></p></div><p><b>practitioner</b>: <a href=\"#Practitioner_EjemploPractitioner\">See above (http://acme.com/ehr/fhir/Practitioner/pra1)</a></p><p><b>organization</b>: <a href=\"#Organization_EjemploOrganization\">See above (http://acme.com/ehr/fhir/Organization/org1)</a></p><p><b>code</b>: iniciador <span style=\"background: LightGoldenRodYellow; margin: 4px; border: 1px solid khaki\"> ([not stated]#iniciador)</span></p></div>"
      },
      "practitioner" : {
        "reference" : "http://acme.com/ehr/fhir/Practitioner/pra1"
      },
      "organization" : {
        "reference" : "http://acme.com/ehr/fhir/Organization/org1"
      },
      "code" : [{
        "coding" : [{
          "code" : "iniciador"
        }]
      }]
    }
  },
  {
    "fullUrl" : "http://acme.com/ehr/fhir/Practitioner/pra1",
    "resource" : {
      "resourceType" : "Practitioner",
      "id" : "EjemploPractitioner",
      "meta" : {
        "profile" : ["http://minsal.cl/listaespera/StructureDefinition/PractitionerLE"]
      },
      "text" : {
        "status" : "generated",
        "div" : "<div xmlns=\"http://www.w3.org/1999/xhtml\"><p><b>Generated Narrative: Practitioner</b><a name=\"EjemploPractitioner\"> </a></p><div style=\"display: inline-block; background-color: #d9e0e7; padding: 6px; margin: 4px; border: 1px solid #8da1b4; border-radius: 5px; line-height: 60%\"><p style=\"margin-bottom: 0px\">Resource Practitioner &quot;EjemploPractitioner&quot; </p><p style=\"margin-bottom: 0px\">Profile: <a href=\"StructureDefinition-PractitionerLE.html\">Practitioner LE</a></p></div><p><b>identifier</b>: RUN: 2134 (use: OFFICIAL), ValorRNPI: 2134 (use: SECONDARY)</p><h3>Qualifications</h3><table class=\"grid\"><tr><td>-</td><td><b>Identifier</b></td><td><b>Code</b></td></tr><tr><td>*</td><td>id: cert</td><td>Certificado(s) <span style=\"background: LightGoldenRodYellow; margin: 4px; border: 1px solid khaki\"> (certMedicos &quot;Medico Cirujano&quot;)</span></td></tr></table></div>"
      },
      "identifier" : [{
        "use" : "official",
        "type" : {
          "coding" : [{
            "system" : "http://terminology.cens.cl/CodeSystem/listaespera",
            "code" : "RUN"
          }]
        },
        "value" : "2134"
      },
      {
        "use" : "secondary",
        "type" : {
          "coding" : [{
            "system" : "http://terminology.cens.cl/CodeSystem/listaespera",
            "code" : "ValorRNPI"
          }]
        },
        "value" : "2134"
      }],
      "qualification" : [{
        "identifier" : [{
          "value" : "cert"
        }],
        "code" : {
          "coding" : [{
            "system" : "http://terminology.cens.cl/CodeSystem/certMedicos",
            "display" : "Medico Cirujano"
          }],
          "text" : "Certificado(s)"
        }
      }]
    }
  },
  {
    "fullUrl" : "http://acme.com/ehr/fhir/Organization/org1",
    "resource" : {
      "resourceType" : "Organization",
      "id" : "EjemploOrganization",
      "meta" : {
        "profile" : ["http://minsal.cl/listaespera/StructureDefinition/OrganizationLE"]
      },
      "text" : {
        "status" : "generated",
        "div" : "<div xmlns=\"http://www.w3.org/1999/xhtml\"><p><b>Generated Narrative: Organization</b><a name=\"EjemploOrganization\"> </a></p><div style=\"display: inline-block; background-color: #d9e0e7; padding: 6px; margin: 4px; border: 1px solid #8da1b4; border-radius: 5px; line-height: 60%\"><p style=\"margin-bottom: 0px\">Resource Organization &quot;EjemploOrganization&quot; </p><p style=\"margin-bottom: 0px\">Profile: <a href=\"StructureDefinition-OrganizationLE.html\">Organization LE</a></p></div><p><b>identifier</b>: Placer Identifier: 1</p></div>"
      },
      "identifier" : [{
        "type" : {
          "coding" : [{
            "system" : "http://terminology.hl7.org/CodeSystem/v2-0203",
            "code" : "PLAC"
          }]
        },
        "value" : "1"
      }]
    }
  }]
}