{
  "resourceType" : "Bundle",
  "id" : "EjemploBundleRevisar",
  "meta" : {
    "lastUpdated" : "2023-01-20T14:12:10Z",
    "profile" : ["http://minsal.cl/listaespera/StructureDefinition/BundleRevisarLE"]
  },
  "type" : "message",
  "timestamp" : "2023-02-09T17:15:22Z",
  "entry" : [{
    "fullUrl" : "http://acme.com/ehr/fhir/MessageHeader/revisar",
    "resource" : {
      "resourceType" : "MessageHeader",
      "id" : "EjemploMessageHeaderRevisar",
      "meta" : {
        "lastUpdated" : "2023-02-14T14:12:10Z",
        "profile" : ["http://minsal.cl/listaespera/StructureDefinition/MessageHeaderLE"]
      },
      "text" : {
        "status" : "generated",
        "div" : "<div xmlns=\"http://www.w3.org/1999/xhtml\"><p><b>Generated Narrative: MessageHeader</b><a name=\"EjemploMessageHeaderRevisar\"> </a></p><div style=\"display: inline-block; background-color: #d9e0e7; padding: 6px; margin: 4px; border: 1px solid #8da1b4; border-radius: 5px; line-height: 60%\"><p style=\"margin-bottom: 0px\">Resource MessageHeader &quot;EjemploMessageHeaderRevisar&quot; Updated &quot;2023-02-14 14:12:10+0000&quot; </p><p style=\"margin-bottom: 0px\">Profile: <a href=\"StructureDefinition-MessageHeaderLE.html\">MessageHeader LE</a></p></div><p><b>event</b>: Revisar (Details: http://minsal.cl/listaespera/CodeSystem/CSTipoEventoLE code revisar = 'Revisar', stated as 'null')</p><p><b>author</b>: <a href=\"#PractitionerRole_EjemploPractitionerRoleRevisar\">See above (http://acme.com/ehr/fhir/PractitionerRole/revisar)</a></p><h3>Sources</h3><table class=\"grid\"><tr><td>-</td><td><b>Software</b></td><td><b>Endpoint</b></td></tr><tr><td>*</td><td>SolucionInformatica</td><td><a href=\"http://link-to-sending.cl\">http://link-to-sending.cl</a></td></tr></table><p><b>focus</b>: <a href=\"#ServiceRequest_EjemploServiceRequestRevisar\">See above (http://acme.com/ehr/fhir/ServiceRequest/revisar)</a></p></div>"
      },
      "eventCoding" : {
        "system" : "http://minsal.cl/listaespera/CodeSystem/CSTipoEventoLE",
        "code" : "revisar"
      },
      "author" : {
        "reference" : "http://acme.com/ehr/fhir/PractitionerRole/revisar"
      },
      "source" : {
        "software" : "SolucionInformatica",
        "endpoint" : "http://link-to-sending.cl"
      },
      "focus" : [{
        "reference" : "http://acme.com/ehr/fhir/ServiceRequest/revisar"
      }]
    }
  },
  {
    "fullUrl" : "http://acme.com/ehr/fhir/ServiceRequest/revisar",
    "resource" : {
      "resourceType" : "ServiceRequest",
      "id" : "EjemploServiceRequestRevisar",
      "meta" : {
        "profile" : ["http://minsal.cl/listaespera/StructureDefinition/ServiceRequestLE"]
      },
      "text" : {
        "status" : "extensions",
        "div" : "<div xmlns=\"http://www.w3.org/1999/xhtml\"><p><b>Generated Narrative: ServiceRequest</b><a name=\"EjemploServiceRequestRevisar\"> </a></p><div style=\"display: inline-block; background-color: #d9e0e7; padding: 6px; margin: 4px; border: 1px solid #8da1b4; border-radius: 5px; line-height: 60%\"><p style=\"margin-bottom: 0px\">Resource ServiceRequest &quot;EjemploServiceRequestRevisar&quot; </p><p style=\"margin-bottom: 0px\">Profile: <a href=\"StructureDefinition-ServiceRequestLE.html\">ServiceRequest LE</a></p></div><p><b>ExtBool RequiereExamen</b>: true</p><p><b>Pertinencia Interconsulta</b>: Pertinente <span style=\"background: LightGoldenRodYellow; margin: 4px; border: 1px solid khaki\"> (<a href=\"CodeSystem-CSPertinenciaInterconsulta.html\">Pertinencia Interconsulta</a>#1)</span></p><p><b>identifier</b>: IdInterconsulta: 1</p><p><b>status</b>: draft</p><p><b>intent</b>: proposal</p><p><b>category</b>: Presencial <span style=\"background: LightGoldenRodYellow; margin: 4px; border: 1px solid khaki\"> (<a href=\"CodeSystem-CSModalidadAtencionCodigo.html\">Modalidad Atencion Codigo</a>#1)</span></p><p><b>priority</b>: routine</p><p><b>doNotPerform</b>: true</p><p><b>subject</b>: <a href=\"Bundle-EjemploBundleInicio.html#http-//acme.com/ehr/fhir/Patient/EjemploPatient\">http://acme.com/ehr/fhir/Patient/EjemploPatient</a></p><p><b>authoredOn</b>: 2022-01-20 13:50:20+0000</p></div>"
      },
      "extension" : [{
        "url" : "http://minsal.cl/listaespera/StructureDefinition/ExtBoolRequiereExamen",
        "valueBoolean" : true
      },
      {
        "url" : "http://minsal.cl/listaespera/StructureDefinition/PertinenciaInterconsulta",
        "valueCodeableConcept" : {
          "coding" : [{
            "system" : "http://minsal.cl/listaespera/CodeSystem/CSPertinenciaInterconsulta",
            "code" : "1"
          }]
        }
      }],
      "identifier" : [{
        "type" : {
          "coding" : [{
            "system" : "http://terminology.cens.cl/CodeSystem/listaespera",
            "code" : "IdInterconsulta"
          }]
        },
        "value" : "1"
      }],
      "status" : "draft",
      "intent" : "proposal",
      "category" : [{
        "coding" : [{
          "system" : "http://minsal.cl/listaespera/CodeSystem/CSModalidadAtencionCodigo",
          "code" : "1",
          "display" : "Presencial"
        }]
      }],
      "priority" : "routine",
      "doNotPerform" : true,
      "_doNotPerform" : {
        "extension" : [{
          "url" : "http://minsal.cl/listaespera/StructureDefinition/MotivoNoPertinenciaCodigo",
          "valueCodeableConcept" : {
            "coding" : [{
              "system" : "http://minsal.cl/listaespera/CodeSystem/CSMotivoNoPertinenciaCodigo",
              "code" : "1"
            }],
            "text" : "Texto libre"
          }
        }]
      },
      "subject" : {
        "reference" : "http://acme.com/ehr/fhir/Patient/EjemploPatient"
      },
      "authoredOn" : "2022-01-20T13:50:20Z"
    }
  },
  {
    "fullUrl" : "http://acme.com/ehr/fhir/PractitionerRole/revisar",
    "resource" : {
      "resourceType" : "PractitionerRole",
      "id" : "EjemploPractitionerRoleRevisar",
      "meta" : {
        "profile" : ["http://minsal.cl/listaespera/StructureDefinition/PractitionerRoleLE"]
      },
      "text" : {
        "status" : "generated",
        "div" : "<div xmlns=\"http://www.w3.org/1999/xhtml\"><p><b>Generated Narrative: PractitionerRole</b><a name=\"EjemploPractitionerRoleRevisar\"> </a></p><div style=\"display: inline-block; background-color: #d9e0e7; padding: 6px; margin: 4px; border: 1px solid #8da1b4; border-radius: 5px; line-height: 60%\"><p style=\"margin-bottom: 0px\">Resource PractitionerRole &quot;EjemploPractitionerRoleRevisar&quot; </p><p style=\"margin-bottom: 0px\">Profile: <a href=\"StructureDefinition-PractitionerRoleLE.html\">PractitionerRole LE</a></p></div><p><b>practitioner</b>: <a href=\"#Practitioner_EjemploPractitionerRevisar\">See above (http://acme.com/ehr/fhir/Practitioner/revisar)</a></p><p><b>organization</b>: <a href=\"#Organization_EjemploOrganizationRevisar\">See above (http://acme.com/ehr/fhir/Organization/revisar)</a></p><p><b>code</b>: Revisor <span style=\"background: LightGoldenRodYellow; margin: 4px; border: 1px solid khaki\"> (<a href=\"CodeSystem-CSPractitionerTipoRolLE.html\">Rol de médicos</a>#revisor)</span></p></div>"
      },
      "practitioner" : {
        "reference" : "http://acme.com/ehr/fhir/Practitioner/revisar"
      },
      "organization" : {
        "reference" : "http://acme.com/ehr/fhir/Organization/revisar"
      },
      "code" : [{
        "coding" : [{
          "system" : "http://minsal.cl/listaespera/CodeSystem/CSPractitionerTipoRolLE",
          "code" : "revisor"
        }]
      }]
    }
  },
  {
    "fullUrl" : "http://acme.com/ehr/fhir/Organization/revisar",
    "resource" : {
      "resourceType" : "Organization",
      "id" : "EjemploOrganizationRevisar",
      "meta" : {
        "profile" : ["http://minsal.cl/listaespera/StructureDefinition/OrganizationLE"]
      },
      "text" : {
        "status" : "generated",
        "div" : "<div xmlns=\"http://www.w3.org/1999/xhtml\"><p><b>Generated Narrative: Organization</b><a name=\"EjemploOrganizationRevisar\"> </a></p><div style=\"display: inline-block; background-color: #d9e0e7; padding: 6px; margin: 4px; border: 1px solid #8da1b4; border-radius: 5px; line-height: 60%\"><p style=\"margin-bottom: 0px\">Resource Organization &quot;EjemploOrganizationRevisar&quot; </p><p style=\"margin-bottom: 0px\">Profile: <a href=\"StructureDefinition-OrganizationLE.html\">Organization LE</a></p></div><p><b>identifier</b>: Placer Identifier: 1</p></div>"
      },
      "identifier" : [{
        "type" : {
          "coding" : [{
            "system" : "http://terminology.hl7.org/CodeSystem/v2-0203",
            "code" : "PLAC"
          }]
        },
        "value" : "1"
      }]
    }
  },
  {
    "fullUrl" : "http://acme.com/ehr/fhir/Practitioner/revisar",
    "resource" : {
      "resourceType" : "Practitioner",
      "id" : "EjemploPractitionerRevisar",
      "meta" : {
        "profile" : ["http://minsal.cl/listaespera/StructureDefinition/PractitionerLE"]
      },
      "text" : {
        "status" : "generated",
        "div" : "<div xmlns=\"http://www.w3.org/1999/xhtml\"><p><b>Generated Narrative: Practitioner</b><a name=\"EjemploPractitionerRevisar\"> </a></p><div style=\"display: inline-block; background-color: #d9e0e7; padding: 6px; margin: 4px; border: 1px solid #8da1b4; border-radius: 5px; line-height: 60%\"><p style=\"margin-bottom: 0px\">Resource Practitioner &quot;EjemploPractitionerRevisar&quot; </p><p style=\"margin-bottom: 0px\">Profile: <a href=\"StructureDefinition-PractitionerLE.html\">Practitioner LE</a></p></div><p><b>identifier</b>: RUN: 2134\u00a0(use:\u00a0OFFICIAL), id:\u00a02134\u00a0(use:\u00a0SECONDARY)</p><blockquote><p><b>qualification</b></p><p><b>identifier</b>: id:\u00a0tit</p><p><b>code</b>: MÉDICO CIRUJANO <span style=\"background: LightGoldenRodYellow; margin: 4px; border: 1px solid khaki\"> (<a href=\"CodeSystem-CSTituloProfesional.html\">TituloProfesional</a>#1)</span></p></blockquote><blockquote><p><b>qualification</b></p><p><b>identifier</b>: id:\u00a0esp</p><p><b>code</b>: ANESTESIOLOGÍA <span style=\"background: LightGoldenRodYellow; margin: 4px; border: 1px solid khaki\"> (<a href=\"CodeSystem-CSEspecialidadMed.html\">EspecialidadMed</a>#2)</span></p></blockquote></div>"
      },
      "identifier" : [{
        "extension" : [{
          "url" : "http://minsal.cl/listaespera/StructureDefinition/DigitoVerificador",
          "valueString" : "K"
        }],
        "use" : "official",
        "type" : {
          "coding" : [{
            "system" : "http://terminology.cens.cl/CodeSystem/listaespera",
            "code" : "RUN"
          }]
        },
        "value" : "2134"
      },
      {
        "use" : "secondary",
        "system" : "http://rnpi.superdesalud.gob.cl",
        "value" : "2134"
      }],
      "qualification" : [{
        "identifier" : [{
          "value" : "tit"
        }],
        "code" : {
          "coding" : [{
            "system" : "http://minsal.cl/listaespera/CodeSystem/CSTituloProfesional",
            "code" : "1"
          }]
        }
      },
      {
        "identifier" : [{
          "value" : "esp"
        }],
        "code" : {
          "coding" : [{
            "system" : "http://minsal.cl/listaespera/CodeSystem/CSEspecialidadMed",
            "code" : "2"
          }]
        }
      }]
    }
  }]
}