{
  "resourceType" : "CodeSystem",
  "id" : "CSDerivadoParaCodigo",
  "text" : {
    "status" : "generated",
    "div" : "<div xmlns=\"http://www.w3.org/1999/xhtml\"><p>This code system <code>http://minsal.cl/listaespera/CodeSystem/CSDerivadoParaCodigo</code> defines the following codes:</p><table class=\"codes\"><tr><td style=\"white-space:nowrap\"><b>Code</b></td><td><b>Display</b></td></tr><tr><td style=\"white-space:nowrap\">1<a name=\"CSDerivadoParaCodigo-1\"> </a></td><td>Confirmación</td></tr><tr><td style=\"white-space:nowrap\">2<a name=\"CSDerivadoParaCodigo-2\"> </a></td><td>Control Especialista</td></tr><tr><td style=\"white-space:nowrap\">3<a name=\"CSDerivadoParaCodigo-3\"> </a></td><td>Realiza Tratamiento</td></tr><tr><td style=\"white-space:nowrap\">4<a name=\"CSDerivadoParaCodigo-4\"> </a></td><td>Seguimiento</td></tr><tr><td style=\"white-space:nowrap\">5<a name=\"CSDerivadoParaCodigo-5\"> </a></td><td>Otro</td></tr></table></div>"
  },
  "url" : "http://minsal.cl/listaespera/CodeSystem/CSDerivadoParaCodigo",
  "version" : "0.1.0",
  "name" : "CSDerivadoParaCodigo",
  "title" : "Derivado Para",
  "status" : "active",
  "experimental" : false,
  "date" : "2023-01-15",
  "publisher" : "MINSAL Chile",
  "contact" : [{
    "name" : "MINSAL Chile",
    "telecom" : [{
      "system" : "url",
      "value" : "https://minsal.cl"
    }]
  }],
  "description" : "Derivado Para",
  "jurisdiction" : [{
    "coding" : [{
      "system" : "urn:iso:std:iso:3166",
      "code" : "CL",
      "display" : "Chile"
    }]
  }],
  "caseSensitive" : true,
  "content" : "complete",
  "count" : 5,
  "concept" : [{
    "code" : "1",
    "display" : "Confirmación"
  },
  {
    "code" : "2",
    "display" : "Control Especialista"
  },
  {
    "code" : "3",
    "display" : "Realiza Tratamiento"
  },
  {
    "code" : "4",
    "display" : "Seguimiento"
  },
  {
    "code" : "5",
    "display" : "Otro"
  }]
}