{
  "resourceType" : "CodeSystem",
  "id" : "CSDestinoReferenciaCodigo",
  "text" : {
    "status" : "generated",
    "div" : "<div xmlns=\"http://www.w3.org/1999/xhtml\"><p>This code system <code>http://minsal.cl/listaespera/CodeSystem/CSDestinoReferenciaCodigo</code> defines the following codes:</p><table class=\"codes\"><tr><td style=\"white-space:nowrap\"><b>Code</b></td><td><b>Display</b></td></tr><tr><td style=\"white-space:nowrap\">1<a name=\"CSDestinoReferenciaCodigo-1\"> </a></td><td>Nivel Secundario</td></tr><tr><td style=\"white-space:nowrap\">2<a name=\"CSDestinoReferenciaCodigo-2\"> </a></td><td>APS</td></tr><tr><td style=\"white-space:nowrap\">3<a name=\"CSDestinoReferenciaCodigo-3\"> </a></td><td>Extra Sistema</td></tr><tr><td style=\"white-space:nowrap\">4<a name=\"CSDestinoReferenciaCodigo-4\"> </a></td><td>Hospital Digital</td></tr><tr><td style=\"white-space:nowrap\">5<a name=\"CSDestinoReferenciaCodigo-5\"> </a></td><td>Establecimiento de alta complejidad</td></tr></table></div>"
  },
  "url" : "http://minsal.cl/listaespera/CodeSystem/CSDestinoReferenciaCodigo",
  "version" : "0.1.3",
  "name" : "CSDestinoReferenciaCodigo",
  "title" : "Destino Referencia Codigo",
  "status" : "active",
  "experimental" : false,
  "date" : "2023-01-15",
  "publisher" : "MINSAL Chile",
  "contact" : [{
    "name" : "MINSAL Chile",
    "telecom" : [{
      "system" : "url",
      "value" : "https://minsal.cl"
    }]
  }],
  "description" : "Destino Referencia Codigo",
  "jurisdiction" : [{
    "coding" : [{
      "system" : "urn:iso:std:iso:3166",
      "code" : "CL",
      "display" : "Chile"
    }]
  }],
  "caseSensitive" : true,
  "content" : "complete",
  "count" : 5,
  "concept" : [{
    "code" : "1",
    "display" : "Nivel Secundario"
  },
  {
    "code" : "2",
    "display" : "APS"
  },
  {
    "code" : "3",
    "display" : "Extra Sistema"
  },
  {
    "code" : "4",
    "display" : "Hospital Digital"
  },
  {
    "code" : "5",
    "display" : "Establecimiento de alta complejidad"
  }]
}