{
  "resourceType" : "PractitionerRole",
  "id" : "EjemploPractitionerRoleTerminar",
  "meta" : {
    "profile" : ["http://minsal.cl/listaespera/StructureDefinition/PractitionerRoleLE"]
  },
  "text" : {
    "status" : "generated",
    "div" : "<div xmlns=\"http://www.w3.org/1999/xhtml\"><p><b>Generated Narrative: PractitionerRole</b><a name=\"EjemploPractitionerRoleTerminar\"> </a></p><div style=\"display: inline-block; background-color: #d9e0e7; padding: 6px; margin: 4px; border: 1px solid #8da1b4; border-radius: 5px; line-height: 60%\"><p style=\"margin-bottom: 0px\">Resource PractitionerRole &quot;EjemploPractitionerRoleTerminar&quot; </p><p style=\"margin-bottom: 0px\">Profile: <a href=\"StructureDefinition-PractitionerRoleLE.html\">PractitionerRole LE</a></p></div><p><b>practitioner</b>: <a href=\"Bundle-EjemploBundleAgendar.html#http-//acme.com/ehr/fhir/Practitioner/pra1\">http://acme.com/ehr/fhir/Practitioner/pra1</a></p><p><b>organization</b>: <a href=\"Bundle-EjemploBundleAgendar.html#http-//acme.com/ehr/fhir/Organization/org1\">http://acme.com/ehr/fhir/Organization/org1</a></p><p><b>code</b>: terminador <span style=\"background: LightGoldenRodYellow; margin: 4px; border: 1px solid khaki\"> ([not stated]#terminador)</span></p></div>"
  },
  "practitioner" : {
    "reference" : "http://acme.com/ehr/fhir/Practitioner/pra1"
  },
  "organization" : {
    "reference" : "http://acme.com/ehr/fhir/Organization/org1"
  },
  "code" : [{
    "coding" : [{
      "code" : "terminador"
    }]
  }]
}