{
  "resourceType" : "ServiceRequest",
  "id" : "EjemploServiceRequestAgendar",
  "meta" : {
    "profile" : ["http://minsal.cl/listaespera/StructureDefinition/ServiceRequestLE"]
  },
  "text" : {
    "status" : "generated",
    "div" : "<div xmlns=\"http://www.w3.org/1999/xhtml\"><p><b>Generated Narrative: ServiceRequest</b><a name=\"EjemploServiceRequestAgendar\"> </a></p><div style=\"display: inline-block; background-color: #d9e0e7; padding: 6px; margin: 4px; border: 1px solid #8da1b4; border-radius: 5px; line-height: 60%\"><p style=\"margin-bottom: 0px\">Resource ServiceRequest &quot;EjemploServiceRequestAgendar&quot; </p><p style=\"margin-bottom: 0px\">Profile: <a href=\"StructureDefinition-ServiceRequestLE.html\">ServiceRequest LE</a></p></div><p><b>identifier</b>: IdInterconsulta: 1</p><p><b>status</b>: draft</p><p><b>intent</b>: proposal</p><p><b>priority</b>: urgent</p><p><b>subject</b>: <a href=\"Bundle-EjemploBundleInicio.html#http-//acme.com/ehr/fhir/Patient/pat1\">http://acme.com/ehr/fhir/Patient/pat1</a></p><p><b>authoredOn</b>: 2022-01-20 13:50:20+0000</p></div>"
  },
  "identifier" : [{
    "type" : {
      "coding" : [{
        "system" : "IdInterconsulta",
        "code" : "IdInterconsulta"
      }]
    },
    "value" : "1"
  }],
  "status" : "draft",
  "intent" : "proposal",
  "priority" : "urgent",
  "subject" : {
    "reference" : "http://acme.com/ehr/fhir/Patient/pat1"
  },
  "authoredOn" : "2022-01-20T13:50:20Z"
}