{
  "resourceType" : "ServiceRequest",
  "id" : "EjemploServiceRequestAtender",
  "meta" : {
    "profile" : ["http://minsal.cl/listaespera/StructureDefinition/ServiceRequestLE"]
  },
  "text" : {
    "status" : "extensions",
    "div" : "<div xmlns=\"http://www.w3.org/1999/xhtml\"><p><b>Generated Narrative: ServiceRequest</b><a name=\"EjemploServiceRequestAtender\"> </a></p><div style=\"display: inline-block; background-color: #d9e0e7; padding: 6px; margin: 4px; border: 1px solid #8da1b4; border-radius: 5px; line-height: 60%\"><p style=\"margin-bottom: 0px\">Resource ServiceRequest &quot;EjemploServiceRequestAtender&quot; </p><p style=\"margin-bottom: 0px\">Profile: <a href=\"StructureDefinition-ServiceRequestLE.html\">ServiceRequest LE</a></p></div><p><b>Destino Atención Codigo</b>: 1 <span style=\"background: LightGoldenRodYellow; margin: 4px; border: 1px solid khaki\"> ([not stated]#1)</span></p><p><b>identifier</b>: IdInterconsulta: 323121</p><p><b>status</b>: draft</p><p><b>intent</b>: proposal</p><p><b>subject</b>: <a href=\"Bundle-EjemploBundleAtender.html#http-//acme.com/ehr/fhir/Patient/EjemploPatient\">http://acme.com/ehr/fhir/Patient/EjemploPatient</a></p><p><b>authoredOn</b>: 2022-01-20 13:50:20+0000</p><p><b>performer</b>: <a href=\"http://acme.com/ehr/fhir/PractitionerRole/atender\">http://acme.com/ehr/fhir/PractitionerRole/atender</a></p></div>"
  },
  "extension" : [{
    "url" : "http://minsal.cl/listaespera/StructureDefinition/DestinoAtencionCodigo",
    "valueCodeableConcept" : {
      "coding" : [{
        "code" : "1"
      }]
    }
  }],
  "identifier" : [{
    "type" : {
      "coding" : [{
        "system" : "IdInterconsulta",
        "code" : "IdInterconsulta"
      }]
    },
    "value" : "323121"
  }],
  "status" : "draft",
  "intent" : "proposal",
  "subject" : {
    "reference" : "http://acme.com/ehr/fhir/Patient/EjemploPatient"
  },
  "authoredOn" : "2022-01-20T13:50:20Z",
  "performer" : [{
    "reference" : "http://acme.com/ehr/fhir/PractitionerRole/atender"
  }]
}