{
  "resourceType" : "ServiceRequest",
  "id" : "EjemploServiceRequestRevisar",
  "meta" : {
    "profile" : ["http://minsal.cl/listaespera/StructureDefinition/ServiceRequestLE"]
  },
  "text" : {
    "status" : "extensions",
    "div" : "<div xmlns=\"http://www.w3.org/1999/xhtml\"><p><b>Generated Narrative: ServiceRequest</b><a name=\"EjemploServiceRequestRevisar\"> </a></p><div style=\"display: inline-block; background-color: #d9e0e7; padding: 6px; margin: 4px; border: 1px solid #8da1b4; border-radius: 5px; line-height: 60%\"><p style=\"margin-bottom: 0px\">Resource ServiceRequest &quot;EjemploServiceRequestRevisar&quot; </p><p style=\"margin-bottom: 0px\">Profile: <a href=\"StructureDefinition-ServiceRequestLE.html\">ServiceRequest LE</a></p></div><p><b>ExtBool RequiereExamen</b>: true</p><p><b>Pertinencia Interconsulta</b>: 1 <span style=\"background: LightGoldenRodYellow; margin: 4px; border: 1px solid khaki\"> ([not stated]#1)</span></p><p><b>identifier</b>: IdInterconsulta: 1</p><p><b>status</b>: draft</p><p><b>intent</b>: proposal</p><p><b>category</b>: Presencial <span style=\"background: LightGoldenRodYellow; margin: 4px; border: 1px solid khaki\"> (<a href=\"CodeSystem-CSModalidadAtencionCodigo.html\">Modalidad Atencion Codigo</a>#1)</span></p><p><b>priority</b>: routine</p><p><b>doNotPerform</b>: true</p><p><b>subject</b>: <a href=\"Bundle-EjemploBundleInicio.html#http-//acme.com/ehr/fhir/Patient/pat1\">http://acme.com/ehr/fhir/Patient/pat1</a></p><p><b>authoredOn</b>: 2022-01-20 13:50:20+0000</p></div>"
  },
  "extension" : [{
    "url" : "http://minsal.cl/listaespera/StructureDefinition/ExtBoolRequiereExamen",
    "valueBoolean" : true
  },
  {
    "url" : "http://minsal.cl/listaespera/StructureDefinition/PertinenciaInterconsulta",
    "valueCodeableConcept" : {
      "coding" : [{
        "code" : "1"
      }]
    }
  }],
  "identifier" : [{
    "type" : {
      "coding" : [{
        "system" : "IdInterconsulta",
        "code" : "IdInterconsulta"
      }]
    },
    "value" : "1"
  }],
  "status" : "draft",
  "intent" : "proposal",
  "category" : [{
    "coding" : [{
      "system" : "http://minsal.cl/listaespera/CodeSystem/CSModalidadAtencionCodigo",
      "code" : "1",
      "display" : "Presencial"
    }]
  }],
  "priority" : "routine",
  "doNotPerform" : true,
  "_doNotPerform" : {
    "extension" : [{
      "url" : "http://minsal.cl/listaespera/StructureDefinition/MotivoNoPertinenciaCodigo",
      "valueCodeableConcept" : {
        "coding" : [{
          "code" : "1"
        }],
        "text" : "Texto libre"
      }
    }]
  },
  "subject" : {
    "reference" : "http://acme.com/ehr/fhir/Patient/pat1"
  },
  "authoredOn" : "2022-01-20T13:50:20Z"
}