{
  "resourceType" : "ValueSet",
  "id" : "VSTipoOtroTelefono",
  "text" : {
    "status" : "generated",
    "div" : "<div xmlns=\"http://www.w3.org/1999/xhtml\"><ul><li>Include all codes defined in <a href=\"CodeSystem-CSTipoOtroTelefono.html\"><code>http://minsal.cl/listaespera/CodeSystem/CSTipoOtroTelefono</code></a></li></ul></div>"
  },
  "url" : "http://minsal.cl/listaespera/ValueSet/VSTipoOtroTelefono",
  "version" : "0.1.1",
  "name" : "VSTipoOtroTelefono",
  "title" : "Tipo Otro Telefono",
  "status" : "active",
  "experimental" : false,
  "date" : "2023-01-15",
  "publisher" : "MINSAL Chile",
  "contact" : [{
    "name" : "MINSAL Chile",
    "telecom" : [{
      "system" : "url",
      "value" : "https://minsal.cl"
    }]
  }],
  "description" : "Tipo Otro Telefono",
  "jurisdiction" : [{
    "coding" : [{
      "system" : "urn:iso:std:iso:3166",
      "code" : "CL",
      "display" : "Chile"
    }]
  }],
  "compose" : {
    "include" : [{
      "system" : "http://minsal.cl/listaespera/CodeSystem/CSTipoOtroTelefono"
    }]
  }
}